2025-12-09T12:36:39.875+09:00 DEBUG 24820 --- [RE-WEAR] [http-nio-8080-exec-7] o.s.security.web.FilterChainProxy        : Securing GET /api/admin/deliveries/2
2025-12-09T12:36:39.963+09:00 DEBUG 24820 --- [RE-WEAR] [http-nio-8080-exec-7] w.c.HttpSessionSecurityContextRepository : Retrieved SecurityContextImpl [Authentication=UsernamePasswordAuthenticationToken [Principal=com.rewear.user.details.CustomUserDetails@26c04f9b, Credentials=[PROTECTED], Authenticated=true, Details=null, Granted Authorities=[ROLE_ADMIN]]]
2025-12-09T12:36:39.963+09:00 DEBUG 24820 --- [RE-WEAR] [http-nio-8080-exec-7] o.s.security.web.FilterChainProxy        : Secured GET /api/admin/deliveries/2
2025-12-09T12:36:39.967+09:00 DEBUG 24820 --- [RE-WEAR] [http-nio-8080-exec-7] o.s.web.servlet.DispatcherServlet        : GET "/api/admin/deliveries/2", parameters={}
2025-12-09T12:36:39.967+09:00 DEBUG 24820 --- [RE-WEAR] [http-nio-8080-exec-7] s.w.s.m.m.a.RequestMappingHandlerMapping : Mapped to com.rewear.delivery.controller.AdminDeliveryApiController#getDelivery(Long)
2025-12-09T12:36:39.971+09:00 DEBUG 24820 --- [RE-WEAR] [http-nio-8080-exec-7] horizationManagerBeforeMethodInterceptor : Authorizing method invocation ReflectiveMethodInvocation: public org.springframework.http.ResponseEntity com.rewear.delivery.controller.AdminDeliveryApiController.getDelivery(java.lang.Long); target is of class [com.rewear.delivery.controller.AdminDeliveryApiController]
2025-12-09T12:36:39.971+09:00 DEBUG 24820 --- [RE-WEAR] [http-nio-8080-exec-7] horizationManagerBeforeMethodInterceptor : Authorized method invocation ReflectiveMethodInvocation: public org.springframework.http.ResponseEntity com.rewear.delivery.controller.AdminDeliveryApiController.getDelivery(java.lang.Long); target is of class [com.rewear.delivery.controller.AdminDeliveryApiController]
2025-12-09T12:36:39.981+09:00 DEBUG 24820 --- [RE-WEAR] [http-nio-8080-exec-7] o.s.w.s.m.m.a.HttpEntityMethodProcessor  : Using 'application/json', given [*/*] and supported [application/json, application/*+json]
2025-12-09T12:36:39.982+09:00 DEBUG 24820 --- [RE-WEAR] [http-nio-8080-exec-7] o.s.w.s.m.m.a.HttpEntityMethodProcessor  : Writing [{delivery={senderAddress=서울시 강남구 테헤란로 123, receiverName=dongwook, receiverDetailAddress=null, delive (truncated)...]
2025-12-09T12:36:39.983+09:00 DEBUG 24820 --- [RE-WEAR] [http-nio-8080-exec-7] o.s.web.servlet.DispatcherServlet        : Completed 200 OK
2025-12-09T12:36:53.956+09:00 DEBUG 24820 --- [RE-WEAR] [http-nio-8080-exec-8] o.s.security.web.FilterChainProxy        : Securing POST /api/users/login
2025-12-09T12:36:53.958+09:00 DEBUG 24820 --- [RE-WEAR] [http-nio-8080-exec-8] o.s.security.web.FilterChainProxy        : Secured POST /api/users/login
2025-12-09T12:36:53.958+09:00 DEBUG 24820 --- [RE-WEAR] [http-nio-8080-exec-8] o.s.web.servlet.DispatcherServlet        : POST "/api/users/login", parameters={}
2025-12-09T12:36:53.958+09:00 DEBUG 24820 --- [RE-WEAR] [http-nio-8080-exec-8] s.w.s.m.m.a.RequestMappingHandlerMapping : Mapped to com.rewear.user.controller.UserController#login(Map, HttpServletRequest)
2025-12-09T12:36:53.959+09:00 DEBUG 24820 --- [RE-WEAR] [http-nio-8080-exec-8] m.m.a.RequestResponseBodyMethodProcessor : Read "application/json;charset=UTF-8" to [{username=dongwook, password=dongwook}]
2025-12-09T12:36:53.960+09:00  INFO 24820 --- [RE-WEAR] [http-nio-8080-exec-8] c.rewear.user.controller.UserController  : 로그인 시도: username=dongwook
2025-12-09T12:36:54.181+09:00 DEBUG 24820 --- [RE-WEAR] [http-nio-8080-exec-8] o.s.s.a.dao.DaoAuthenticationProvider    : Authenticated user
2025-12-09T12:36:54.181+09:00  INFO 24820 --- [RE-WEAR] [http-nio-8080-exec-8] c.rewear.user.controller.UserController  : 인증 성공: username=dongwook
2025-12-09T12:36:54.188+09:00  INFO 24820 --- [RE-WEAR] [http-nio-8080-exec-8] c.rewear.user.controller.UserController  : 로그인 성공: username=dongwook, role=ORGAN
2025-12-09T12:36:54.189+09:00 DEBUG 24820 --- [RE-WEAR] [http-nio-8080-exec-8] o.s.w.s.m.m.a.HttpEntityMethodProcessor  : Using 'application/json', given [*/*] and supported [application/json, application/*+json]
2025-12-09T12:36:54.189+09:00 DEBUG 24820 --- [RE-WEAR] [http-nio-8080-exec-8] o.s.w.s.m.m.a.HttpEntityMethodProcessor  : Writing [{role=ORGAN, user=com.rewear.user.entity.User@e7eeb92, ok=true}]
2025-12-09T12:36:54.190+09:00 DEBUG 24820 --- [RE-WEAR] [http-nio-8080-exec-8] o.s.web.servlet.DispatcherServlet        : Completed 200 OK
2025-12-09T12:36:54.200+09:00 DEBUG 24820 --- [RE-WEAR] [http-nio-8080-exec-2] o.s.security.web.FilterChainProxy        : Securing GET /api/notifications/unread-count
2025-12-09T12:36:54.201+09:00 DEBUG 24820 --- [RE-WEAR] [http-nio-8080-exec-2] w.c.HttpSessionSecurityContextRepository : Retrieved SecurityContextImpl [Authentication=UsernamePasswordAuthenticationToken [Principal=com.rewear.user.details.CustomUserDetails@33bea597, Credentials=[PROTECTED], Authenticated=true, Details=null, Granted Authorities=[ROLE_ORGAN]]]
2025-12-09T12:36:54.201+09:00 DEBUG 24820 --- [RE-WEAR] [http-nio-8080-exec-2] o.s.security.web.FilterChainProxy        : Secured GET /api/notifications/unread-count
2025-12-09T12:36:54.201+09:00 DEBUG 24820 --- [RE-WEAR] [http-nio-8080-exec-2] o.s.web.servlet.DispatcherServlet        : GET "/api/notifications/unread-count", parameters={}
2025-12-09T12:36:54.201+09:00 DEBUG 24820 --- [RE-WEAR] [http-nio-8080-exec-2] s.w.s.m.m.a.RequestMappingHandlerMapping : Mapped to com.rewear.notification.controller.NotificationApiController#getUnreadCount(CustomUserDetails)
2025-12-09T12:36:54.202+09:00 DEBUG 24820 --- [RE-WEAR] [http-nio-8080-exec-2] horizationManagerBeforeMethodInterceptor : Authorizing method invocation ReflectiveMethodInvocation: public org.springframework.http.ResponseEntity com.rewear.notification.controller.NotificationApiController.getUnreadCount(com.rewear.user.details.CustomUserDetails); target is of class [com.rewear.notification.controller.NotificationApiController]
2025-12-09T12:36:54.202+09:00 DEBUG 24820 --- [RE-WEAR] [http-nio-8080-exec-2] horizationManagerBeforeMethodInterceptor : Authorized method invocation ReflectiveMethodInvocation: public org.springframework.http.ResponseEntity com.rewear.notification.controller.NotificationApiController.getUnreadCount(com.rewear.user.details.CustomUserDetails); target is of class [com.rewear.notification.controller.NotificationApiController]
2025-12-09T12:36:54.210+09:00 DEBUG 24820 --- [RE-WEAR] [http-nio-8080-exec-2] o.s.w.s.m.m.a.HttpEntityMethodProcessor  : Using 'application/json', given [*/*] and supported [application/json, application/*+json]
2025-12-09T12:36:54.210+09:00 DEBUG 24820 --- [RE-WEAR] [http-nio-8080-exec-2] o.s.w.s.m.m.a.HttpEntityMethodProcessor  : Writing [{unreadCount=5}]
2025-12-09T12:36:54.211+09:00 DEBUG 24820 --- [RE-WEAR] [http-nio-8080-exec-2] o.s.web.servlet.DispatcherServlet        : Completed 200 OK
2025-12-09T12:36:54.219+09:00 DEBUG 24820 --- [RE-WEAR] [http-nio-8080-exec-3] o.s.security.web.FilterChainProxy        : Securing GET /api/users/me
2025-12-09T12:36:54.220+09:00 DEBUG 24820 --- [RE-WEAR] [http-nio-8080-exec-3] w.c.HttpSessionSecurityContextRepository : Retrieved SecurityContextImpl [Authentication=UsernamePasswordAuthenticationToken [Principal=com.rewear.user.details.CustomUserDetails@33bea597, Credentials=[PROTECTED], Authenticated=true, Details=null, Granted Authorities=[ROLE_ORGAN]]]
2025-12-09T12:36:54.220+09:00 DEBUG 24820 --- [RE-WEAR] [http-nio-8080-exec-3] o.s.security.web.FilterChainProxy        : Secured GET /api/users/me
2025-12-09T12:36:54.220+09:00 DEBUG 24820 --- [RE-WEAR] [http-nio-8080-exec-3] o.s.web.servlet.DispatcherServlet        : GET "/api/users/me", parameters={}
2025-12-09T12:36:54.220+09:00 DEBUG 24820 --- [RE-WEAR] [http-nio-8080-exec-3] s.w.s.m.m.a.RequestMappingHandlerMapping : Mapped to com.rewear.user.controller.UserController#getCurrentUser(Principal)
2025-12-09T12:36:54.225+09:00 DEBUG 24820 --- [RE-WEAR] [http-nio-8080-exec-3] o.s.w.s.m.m.a.HttpEntityMethodProcessor  : Using 'application/json', given [*/*] and supported [application/json, application/*+json]
2025-12-09T12:36:54.225+09:00 DEBUG 24820 --- [RE-WEAR] [http-nio-8080-exec-3] o.s.w.s.m.m.a.HttpEntityMethodProcessor  : Writing [{user={phone=01058489652, nickname=dongwook, email=dongwook@example.com, name=dongwook, id=5, role=기 (truncated)...]
2025-12-09T12:36:54.226+09:00 DEBUG 24820 --- [RE-WEAR] [http-nio-8080-exec-3] o.s.web.servlet.DispatcherServlet        : Completed 200 OK
2025-12-09T12:36:54.232+09:00 DEBUG 24820 --- [RE-WEAR] [http-nio-8080-exec-1] o.s.security.web.FilterChainProxy        : Securing GET /api/users/me
2025-12-09T12:36:54.232+09:00 DEBUG 24820 --- [RE-WEAR] [http-nio-8080-exec-1] w.c.HttpSessionSecurityContextRepository : Retrieved SecurityContextImpl [Authentication=UsernamePasswordAuthenticationToken [Principal=com.rewear.user.details.CustomUserDetails@33bea597, Credentials=[PROTECTED], Authenticated=true, Details=null, Granted Authorities=[ROLE_ORGAN]]]
2025-12-09T12:36:54.232+09:00 DEBUG 24820 --- [RE-WEAR] [http-nio-8080-exec-1] o.s.security.web.FilterChainProxy        : Secured GET /api/users/me
2025-12-09T12:36:54.232+09:00 DEBUG 24820 --- [RE-WEAR] [http-nio-8080-exec-1] o.s.web.servlet.DispatcherServlet        : GET "/api/users/me", parameters={}
2025-12-09T12:36:54.232+09:00 DEBUG 24820 --- [RE-WEAR] [http-nio-8080-exec-1] s.w.s.m.m.a.RequestMappingHandlerMapping : Mapped to com.rewear.user.controller.UserController#getCurrentUser(Principal)
2025-12-09T12:36:54.235+09:00 DEBUG 24820 --- [RE-WEAR] [http-nio-8080-exec-10] o.s.security.web.FilterChainProxy        : Securing GET /api/notifications/unread-count
2025-12-09T12:36:54.235+09:00 DEBUG 24820 --- [RE-WEAR] [http-nio-8080-exec-10] w.c.HttpSessionSecurityContextRepository : Retrieved SecurityContextImpl [Authentication=UsernamePasswordAuthenticationToken [Principal=com.rewear.user.details.CustomUserDetails@33bea597, Credentials=[PROTECTED], Authenticated=true, Details=null, Granted Authorities=[ROLE_ORGAN]]]
2025-12-09T12:36:54.235+09:00 DEBUG 24820 --- [RE-WEAR] [http-nio-8080-exec-10] o.s.security.web.FilterChainProxy        : Secured GET /api/notifications/unread-count
2025-12-09T12:36:54.235+09:00 DEBUG 24820 --- [RE-WEAR] [http-nio-8080-exec-10] o.s.web.servlet.DispatcherServlet        : GET "/api/notifications/unread-count", parameters={}
2025-12-09T12:36:54.235+09:00 DEBUG 24820 --- [RE-WEAR] [http-nio-8080-exec-10] s.w.s.m.m.a.RequestMappingHandlerMapping : Mapped to com.rewear.notification.controller.NotificationApiController#getUnreadCount(CustomUserDetails)
2025-12-09T12:36:54.236+09:00 DEBUG 24820 --- [RE-WEAR] [http-nio-8080-exec-10] horizationManagerBeforeMethodInterceptor : Authorizing method invocation ReflectiveMethodInvocation: public org.springframework.http.ResponseEntity com.rewear.notification.controller.NotificationApiController.getUnreadCount(com.rewear.user.details.CustomUserDetails); target is of class [com.rewear.notification.controller.NotificationApiController]
2025-12-09T12:36:54.236+09:00 DEBUG 24820 --- [RE-WEAR] [http-nio-8080-exec-10] horizationManagerBeforeMethodInterceptor : Authorized method invocation ReflectiveMethodInvocation: public org.springframework.http.ResponseEntity com.rewear.notification.controller.NotificationApiController.getUnreadCount(com.rewear.user.details.CustomUserDetails); target is of class [com.rewear.notification.controller.NotificationApiController]
2025-12-09T12:36:54.238+09:00 DEBUG 24820 --- [RE-WEAR] [http-nio-8080-exec-1] o.s.w.s.m.m.a.HttpEntityMethodProcessor  : Using 'application/json', given [*/*] and supported [application/json, application/*+json]
2025-12-09T12:36:54.238+09:00 DEBUG 24820 --- [RE-WEAR] [http-nio-8080-exec-1] o.s.w.s.m.m.a.HttpEntityMethodProcessor  : Writing [{user={phone=01058489652, nickname=dongwook, email=dongwook@example.com, name=dongwook, id=5, role=기 (truncated)...]
2025-12-09T12:36:54.238+09:00 DEBUG 24820 --- [RE-WEAR] [http-nio-8080-exec-1] o.s.web.servlet.DispatcherServlet        : Completed 200 OK
2025-12-09T12:36:54.242+09:00 DEBUG 24820 --- [RE-WEAR] [http-nio-8080-exec-10] o.s.w.s.m.m.a.HttpEntityMethodProcessor  : Using 'application/json', given [*/*] and supported [application/json, application/*+json]
2025-12-09T12:36:54.242+09:00 DEBUG 24820 --- [RE-WEAR] [http-nio-8080-exec-10] o.s.w.s.m.m.a.HttpEntityMethodProcessor  : Writing [{unreadCount=5}]
2025-12-09T12:36:54.243+09:00 DEBUG 24820 --- [RE-WEAR] [http-nio-8080-exec-10] o.s.web.servlet.DispatcherServlet        : Completed 200 OK
2025-12-09T12:36:54.246+09:00 DEBUG 24820 --- [RE-WEAR] [http-nio-8080-exec-5] o.s.security.web.FilterChainProxy        : Securing GET /api/users/me
2025-12-09T12:36:54.246+09:00 DEBUG 24820 --- [RE-WEAR] [http-nio-8080-exec-5] w.c.HttpSessionSecurityContextRepository : Retrieved SecurityContextImpl [Authentication=UsernamePasswordAuthenticationToken [Principal=com.rewear.user.details.CustomUserDetails@33bea597, Credentials=[PROTECTED], Authenticated=true, Details=null, Granted Authorities=[ROLE_ORGAN]]]
2025-12-09T12:36:54.247+09:00 DEBUG 24820 --- [RE-WEAR] [http-nio-8080-exec-5] o.s.security.web.FilterChainProxy        : Secured GET /api/users/me
2025-12-09T12:36:54.247+09:00 DEBUG 24820 --- [RE-WEAR] [http-nio-8080-exec-5] o.s.web.servlet.DispatcherServlet        : GET "/api/users/me", parameters={}
2025-12-09T12:36:54.247+09:00 DEBUG 24820 --- [RE-WEAR] [http-nio-8080-exec-5] s.w.s.m.m.a.RequestMappingHandlerMapping : Mapped to com.rewear.user.controller.UserController#getCurrentUser(Principal)
2025-12-09T12:36:54.252+09:00 DEBUG 24820 --- [RE-WEAR] [http-nio-8080-exec-5] o.s.w.s.m.m.a.HttpEntityMethodProcessor  : Using 'application/json', given [*/*] and supported [application/json, application/*+json]
2025-12-09T12:36:54.252+09:00 DEBUG 24820 --- [RE-WEAR] [http-nio-8080-exec-5] o.s.w.s.m.m.a.HttpEntityMethodProcessor  : Writing [{user={phone=01058489652, nickname=dongwook, email=dongwook@example.com, name=dongwook, id=5, role=기 (truncated)...]
2025-12-09T12:36:54.252+09:00 DEBUG 24820 --- [RE-WEAR] [http-nio-8080-exec-5] o.s.web.servlet.DispatcherServlet        : Completed 200 OK
2025-12-09T12:36:54.260+09:00 DEBUG 24820 --- [RE-WEAR] [http-nio-8080-exec-9] o.s.security.web.FilterChainProxy        : Securing GET /api/users/me
2025-12-09T12:36:54.261+09:00 DEBUG 24820 --- [RE-WEAR] [http-nio-8080-exec-9] w.c.HttpSessionSecurityContextRepository : Retrieved SecurityContextImpl [Authentication=UsernamePasswordAuthenticationToken [Principal=com.rewear.user.details.CustomUserDetails@33bea597, Credentials=[PROTECTED], Authenticated=true, Details=null, Granted Authorities=[ROLE_ORGAN]]]
2025-12-09T12:36:54.261+09:00 DEBUG 24820 --- [RE-WEAR] [http-nio-8080-exec-9] o.s.security.web.FilterChainProxy        : Secured GET /api/users/me
2025-12-09T12:36:54.261+09:00 DEBUG 24820 --- [RE-WEAR] [http-nio-8080-exec-9] o.s.web.servlet.DispatcherServlet        : GET "/api/users/me", parameters={}
2025-12-09T12:36:54.261+09:00 DEBUG 24820 --- [RE-WEAR] [http-nio-8080-exec-9] s.w.s.m.m.a.RequestMappingHandlerMapping : Mapped to com.rewear.user.controller.UserController#getCurrentUser(Principal)
2025-12-09T12:36:54.266+09:00 DEBUG 24820 --- [RE-WEAR] [http-nio-8080-exec-9] o.s.w.s.m.m.a.HttpEntityMethodProcessor  : Using 'application/json', given [*/*] and supported [application/json, application/*+json]
2025-12-09T12:36:54.266+09:00 DEBUG 24820 --- [RE-WEAR] [http-nio-8080-exec-9] o.s.w.s.m.m.a.HttpEntityMethodProcessor  : Writing [{user={phone=01058489652, nickname=dongwook, email=dongwook@example.com, name=dongwook, id=5, role=기 (truncated)...]
2025-12-09T12:36:54.267+09:00 DEBUG 24820 --- [RE-WEAR] [http-nio-8080-exec-9] o.s.web.servlet.DispatcherServlet        : Completed 200 OK
2025-12-09T12:36:59.439+09:00 DEBUG 24820 --- [RE-WEAR] [http-nio-8080-exec-6] o.s.security.web.FilterChainProxy        : Securing GET /api/deliveries
2025-12-09T12:36:59.440+09:00 DEBUG 24820 --- [RE-WEAR] [http-nio-8080-exec-6] w.c.HttpSessionSecurityContextRepository : Retrieved SecurityContextImpl [Authentication=UsernamePasswordAuthenticationToken [Principal=com.rewear.user.details.CustomUserDetails@33bea597, Credentials=[PROTECTED], Authenticated=true, Details=null, Granted Authorities=[ROLE_ORGAN]]]
2025-12-09T12:36:59.441+09:00 DEBUG 24820 --- [RE-WEAR] [http-nio-8080-exec-6] o.s.security.web.FilterChainProxy        : Secured GET /api/deliveries
2025-12-09T12:36:59.441+09:00 DEBUG 24820 --- [RE-WEAR] [http-nio-8080-exec-6] o.s.web.servlet.DispatcherServlet        : GET "/api/deliveries", parameters={}
2025-12-09T12:36:59.441+09:00 DEBUG 24820 --- [RE-WEAR] [http-nio-8080-exec-6] s.w.s.m.m.a.RequestMappingHandlerMapping : Mapped to com.rewear.delivery.controller.DeliveryApiController#getDeliveries(CustomUserDetails)
2025-12-09T12:36:59.441+09:00 DEBUG 24820 --- [RE-WEAR] [http-nio-8080-exec-6] horizationManagerBeforeMethodInterceptor : Authorizing method invocation ReflectiveMethodInvocation: public org.springframework.http.ResponseEntity com.rewear.delivery.controller.DeliveryApiController.getDeliveries(com.rewear.user.details.CustomUserDetails); target is of class [com.rewear.delivery.controller.DeliveryApiController]
2025-12-09T12:36:59.442+09:00 DEBUG 24820 --- [RE-WEAR] [http-nio-8080-exec-6] horizationManagerBeforeMethodInterceptor : Authorized method invocation ReflectiveMethodInvocation: public org.springframework.http.ResponseEntity com.rewear.delivery.controller.DeliveryApiController.getDeliveries(com.rewear.user.details.CustomUserDetails); target is of class [com.rewear.delivery.controller.DeliveryApiController]
2025-12-09T12:36:59.451+09:00  INFO 24820 --- [RE-WEAR] [http-nio-8080-exec-6] c.r.d.controller.DeliveryApiController   : 기관 배송 목록 조회 시작 - 기관명: dongwook, organId: 2
2025-12-09T12:36:59.458+09:00  INFO 24820 --- [RE-WEAR] [http-nio-8080-exec-6] c.r.d.controller.DeliveryApiController   : 기관에 할당된 배송 정보가 있는 기부 개수: 6
2025-12-09T12:36:59.458+09:00  INFO 24820 --- [RE-WEAR] [http-nio-8080-exec-6] c.r.d.controller.DeliveryApiController   : 기관 배송 목록 조회 완료 - 기관명: dongwook, 배송 개수: 6
2025-12-09T12:36:59.459+09:00 DEBUG 24820 --- [RE-WEAR] [http-nio-8080-exec-6] o.s.w.s.m.m.a.HttpEntityMethodProcessor  : Using 'application/json', given [*/*] and supported [application/json, application/*+json]
2025-12-09T12:36:59.459+09:00 DEBUG 24820 --- [RE-WEAR] [http-nio-8080-exec-6] o.s.w.s.m.m.a.HttpEntityMethodProcessor  : Writing [{deliveries=[{senderAddress=서울시 강남구 테헤란로 123, receiverName=dongwook, receiverDetailAddress=null, del (truncated)...]
2025-12-09T12:36:59.460+09:00 DEBUG 24820 --- [RE-WEAR] [http-nio-8080-exec-6] o.s.web.servlet.DispatcherServlet        : Completed 200 OK
2025-12-09T12:36:59.468+09:00 DEBUG 24820 --- [RE-WEAR] [http-nio-8080-exec-4] o.s.security.web.FilterChainProxy        : Securing GET /api/deliveries
2025-12-09T12:36:59.469+09:00 DEBUG 24820 --- [RE-WEAR] [http-nio-8080-exec-4] w.c.HttpSessionSecurityContextRepository : Retrieved SecurityContextImpl [Authentication=UsernamePasswordAuthenticationToken [Principal=com.rewear.user.details.CustomUserDetails@33bea597, Credentials=[PROTECTED], Authenticated=true, Details=null, Granted Authorities=[ROLE_ORGAN]]]
2025-12-09T12:36:59.469+09:00 DEBUG 24820 --- [RE-WEAR] [http-nio-8080-exec-4] o.s.security.web.FilterChainProxy        : Secured GET /api/deliveries
2025-12-09T12:36:59.469+09:00 DEBUG 24820 --- [RE-WEAR] [http-nio-8080-exec-4] o.s.web.servlet.DispatcherServlet        : GET "/api/deliveries", parameters={}
2025-12-09T12:36:59.469+09:00 DEBUG 24820 --- [RE-WEAR] [http-nio-8080-exec-4] s.w.s.m.m.a.RequestMappingHandlerMapping : Mapped to com.rewear.delivery.controller.DeliveryApiController#getDeliveries(CustomUserDetails)
2025-12-09T12:36:59.470+09:00 DEBUG 24820 --- [RE-WEAR] [http-nio-8080-exec-4] horizationManagerBeforeMethodInterceptor : Authorizing method invocation ReflectiveMethodInvocation: public org.springframework.http.ResponseEntity com.rewear.delivery.controller.DeliveryApiController.getDeliveries(com.rewear.user.details.CustomUserDetails); target is of class [com.rewear.delivery.controller.DeliveryApiController]
2025-12-09T12:36:59.470+09:00 DEBUG 24820 --- [RE-WEAR] [http-nio-8080-exec-4] horizationManagerBeforeMethodInterceptor : Authorized method invocation ReflectiveMethodInvocation: public org.springframework.http.ResponseEntity com.rewear.delivery.controller.DeliveryApiController.getDeliveries(com.rewear.user.details.CustomUserDetails); target is of class [com.rewear.delivery.controller.DeliveryApiController]
2025-12-09T12:36:59.478+09:00  INFO 24820 --- [RE-WEAR] [http-nio-8080-exec-4] c.r.d.controller.DeliveryApiController   : 기관 배송 목록 조회 시작 - 기관명: dongwook, organId: 2
2025-12-09T12:36:59.485+09:00  INFO 24820 --- [RE-WEAR] [http-nio-8080-exec-4] c.r.d.controller.DeliveryApiController   : 기관에 할당된 배송 정보가 있는 기부 개수: 6
2025-12-09T12:36:59.486+09:00  INFO 24820 --- [RE-WEAR] [http-nio-8080-exec-4] c.r.d.controller.DeliveryApiController   : 기관 배송 목록 조회 완료 - 기관명: dongwook, 배송 개수: 6
2025-12-09T12:36:59.486+09:00 DEBUG 24820 --- [RE-WEAR] [http-nio-8080-exec-4] o.s.w.s.m.m.a.HttpEntityMethodProcessor  : Using 'application/json', given [*/*] and supported [application/json, application/*+json]
2025-12-09T12:36:59.486+09:00 DEBUG 24820 --- [RE-WEAR] [http-nio-8080-exec-4] o.s.w.s.m.m.a.HttpEntityMethodProcessor  : Writing [{deliveries=[{senderAddress=서울시 강남구 테헤란로 123, receiverName=dongwook, receiverDetailAddress=null, del (truncated)...]
2025-12-09T12:36:59.487+09:00 DEBUG 24820 --- [RE-WEAR] [http-nio-8080-exec-4] o.s.web.servlet.DispatcherServlet        : Completed 200 OK
2025-12-09T12:37:01.550+09:00 DEBUG 24820 --- [RE-WEAR] [http-nio-8080-exec-7] o.s.security.web.FilterChainProxy        : Securing GET /api/organs/donations
2025-12-09T12:37:01.550+09:00 DEBUG 24820 --- [RE-WEAR] [http-nio-8080-exec-7] w.c.HttpSessionSecurityContextRepository : Retrieved SecurityContextImpl [Authentication=UsernamePasswordAuthenticationToken [Principal=com.rewear.user.details.CustomUserDetails@33bea597, Credentials=[PROTECTED], Authenticated=true, Details=null, Granted Authorities=[ROLE_ORGAN]]]
2025-12-09T12:37:01.550+09:00 DEBUG 24820 --- [RE-WEAR] [http-nio-8080-exec-7] o.s.security.web.FilterChainProxy        : Secured GET /api/organs/donations
2025-12-09T12:37:01.550+09:00 DEBUG 24820 --- [RE-WEAR] [http-nio-8080-exec-7] o.s.web.servlet.DispatcherServlet        : GET "/api/organs/donations", parameters={}
2025-12-09T12:37:01.551+09:00 DEBUG 24820 --- [RE-WEAR] [http-nio-8080-exec-7] s.w.s.m.m.a.RequestMappingHandlerMapping : Mapped to com.rewear.organ.controller.OrganApiController#getOrganDonations(CustomUserDetails)
2025-12-09T12:37:01.551+09:00 DEBUG 24820 --- [RE-WEAR] [http-nio-8080-exec-7] horizationManagerBeforeMethodInterceptor : Authorizing method invocation ReflectiveMethodInvocation: public org.springframework.http.ResponseEntity com.rewear.organ.controller.OrganApiController.getOrganDonations(com.rewear.user.details.CustomUserDetails); target is of class [com.rewear.organ.controller.OrganApiController]
2025-12-09T12:37:01.553+09:00 DEBUG 24820 --- [RE-WEAR] [http-nio-8080-exec-7] horizationManagerBeforeMethodInterceptor : Authorized method invocation ReflectiveMethodInvocation: public org.springframework.http.ResponseEntity com.rewear.organ.controller.OrganApiController.getOrganDonations(com.rewear.user.details.CustomUserDetails); target is of class [com.rewear.organ.controller.OrganApiController]
2025-12-09T12:37:01.555+09:00 DEBUG 24820 --- [RE-WEAR] [http-nio-8080-exec-8] o.s.security.web.FilterChainProxy        : Securing GET /api/organs/donations/completed
2025-12-09T12:37:01.556+09:00 DEBUG 24820 --- [RE-WEAR] [http-nio-8080-exec-8] w.c.HttpSessionSecurityContextRepository : Retrieved SecurityContextImpl [Authentication=UsernamePasswordAuthenticationToken [Principal=com.rewear.user.details.CustomUserDetails@33bea597, Credentials=[PROTECTED], Authenticated=true, Details=null, Granted Authorities=[ROLE_ORGAN]]]
2025-12-09T12:37:01.556+09:00 DEBUG 24820 --- [RE-WEAR] [http-nio-8080-exec-8] o.s.security.web.FilterChainProxy        : Secured GET /api/organs/donations/completed
2025-12-09T12:37:01.556+09:00 DEBUG 24820 --- [RE-WEAR] [http-nio-8080-exec-8] o.s.web.servlet.DispatcherServlet        : GET "/api/organs/donations/completed", parameters={}
2025-12-09T12:37:01.556+09:00 DEBUG 24820 --- [RE-WEAR] [http-nio-8080-exec-8] s.w.s.m.m.a.RequestMappingHandlerMapping : Mapped to com.rewear.organ.controller.OrganApiController#getCompletedDonations(CustomUserDetails)
2025-12-09T12:37:01.556+09:00 DEBUG 24820 --- [RE-WEAR] [http-nio-8080-exec-8] horizationManagerBeforeMethodInterceptor : Authorizing method invocation ReflectiveMethodInvocation: public org.springframework.http.ResponseEntity com.rewear.organ.controller.OrganApiController.getCompletedDonations(com.rewear.user.details.CustomUserDetails); target is of class [com.rewear.organ.controller.OrganApiController]
2025-12-09T12:37:01.562+09:00 DEBUG 24820 --- [RE-WEAR] [http-nio-8080-exec-8] horizationManagerBeforeMethodInterceptor : Authorized method invocation ReflectiveMethodInvocation: public org.springframework.http.ResponseEntity com.rewear.organ.controller.OrganApiController.getCompletedDonations(com.rewear.user.details.CustomUserDetails); target is of class [com.rewear.organ.controller.OrganApiController]
2025-12-09T12:37:01.574+09:00 DEBUG 24820 --- [RE-WEAR] [http-nio-8080-exec-7] o.s.w.s.m.m.a.HttpEntityMethodProcessor  : Using 'application/json', given [*/*] and supported [application/json, application/*+json]
2025-12-09T12:37:01.575+09:00 DEBUG 24820 --- [RE-WEAR] [http-nio-8080-exec-7] o.s.w.s.m.m.a.HttpEntityMethodProcessor  : Writing [{donations=[], count=0}]
2025-12-09T12:37:01.576+09:00 DEBUG 24820 --- [RE-WEAR] [http-nio-8080-exec-8] o.s.w.s.m.m.a.HttpEntityMethodProcessor  : Using 'application/json', given [*/*] and supported [application/json, application/*+json]
2025-12-09T12:37:01.576+09:00 DEBUG 24820 --- [RE-WEAR] [http-nio-8080-exec-8] o.s.w.s.m.m.a.HttpEntityMethodProcessor  : Writing [{donations=[{date=2025-12-08, donorName=일반 사용자, delivery={senderPhone=01012345678, receiverAddress=경 (truncated)...]
2025-12-09T12:37:01.576+09:00 DEBUG 24820 --- [RE-WEAR] [http-nio-8080-exec-7] o.s.web.servlet.DispatcherServlet        : Completed 200 OK
2025-12-09T12:37:01.576+09:00 DEBUG 24820 --- [RE-WEAR] [http-nio-8080-exec-8] o.s.web.servlet.DispatcherServlet        : Completed 200 OK
2025-12-09T12:37:01.584+09:00 DEBUG 24820 --- [RE-WEAR] [http-nio-8080-exec-2] o.s.security.web.FilterChainProxy        : Securing GET /api/organs/donations
2025-12-09T12:37:01.584+09:00 DEBUG 24820 --- [RE-WEAR] [http-nio-8080-exec-3] o.s.security.web.FilterChainProxy        : Securing GET /api/organs/donations/completed
2025-12-09T12:37:01.585+09:00 DEBUG 24820 --- [RE-WEAR] [http-nio-8080-exec-2] w.c.HttpSessionSecurityContextRepository : Retrieved SecurityContextImpl [Authentication=UsernamePasswordAuthenticationToken [Principal=com.rewear.user.details.CustomUserDetails@33bea597, Credentials=[PROTECTED], Authenticated=true, Details=null, Granted Authorities=[ROLE_ORGAN]]]
2025-12-09T12:37:01.585+09:00 DEBUG 24820 --- [RE-WEAR] [http-nio-8080-exec-3] w.c.HttpSessionSecurityContextRepository : Retrieved SecurityContextImpl [Authentication=UsernamePasswordAuthenticationToken [Principal=com.rewear.user.details.CustomUserDetails@33bea597, Credentials=[PROTECTED], Authenticated=true, Details=null, Granted Authorities=[ROLE_ORGAN]]]
2025-12-09T12:37:01.585+09:00 DEBUG 24820 --- [RE-WEAR] [http-nio-8080-exec-3] o.s.security.web.FilterChainProxy        : Secured GET /api/organs/donations/completed
2025-12-09T12:37:01.585+09:00 DEBUG 24820 --- [RE-WEAR] [http-nio-8080-exec-2] o.s.security.web.FilterChainProxy        : Secured GET /api/organs/donations
2025-12-09T12:37:01.585+09:00 DEBUG 24820 --- [RE-WEAR] [http-nio-8080-exec-3] o.s.web.servlet.DispatcherServlet        : GET "/api/organs/donations/completed", parameters={}
2025-12-09T12:37:01.585+09:00 DEBUG 24820 --- [RE-WEAR] [http-nio-8080-exec-2] o.s.web.servlet.DispatcherServlet        : GET "/api/organs/donations", parameters={}
2025-12-09T12:37:01.585+09:00 DEBUG 24820 --- [RE-WEAR] [http-nio-8080-exec-3] s.w.s.m.m.a.RequestMappingHandlerMapping : Mapped to com.rewear.organ.controller.OrganApiController#getCompletedDonations(CustomUserDetails)
2025-12-09T12:37:01.585+09:00 DEBUG 24820 --- [RE-WEAR] [http-nio-8080-exec-2] s.w.s.m.m.a.RequestMappingHandlerMapping : Mapped to com.rewear.organ.controller.OrganApiController#getOrganDonations(CustomUserDetails)
2025-12-09T12:37:01.585+09:00 DEBUG 24820 --- [RE-WEAR] [http-nio-8080-exec-3] horizationManagerBeforeMethodInterceptor : Authorizing method invocation ReflectiveMethodInvocation: public org.springframework.http.ResponseEntity com.rewear.organ.controller.OrganApiController.getCompletedDonations(com.rewear.user.details.CustomUserDetails); target is of class [com.rewear.organ.controller.OrganApiController]
2025-12-09T12:37:01.586+09:00 DEBUG 24820 --- [RE-WEAR] [http-nio-8080-exec-3] horizationManagerBeforeMethodInterceptor : Authorized method invocation ReflectiveMethodInvocation: public org.springframework.http.ResponseEntity com.rewear.organ.controller.OrganApiController.getCompletedDonations(com.rewear.user.details.CustomUserDetails); target is of class [com.rewear.organ.controller.OrganApiController]
2025-12-09T12:37:01.586+09:00 DEBUG 24820 --- [RE-WEAR] [http-nio-8080-exec-2] horizationManagerBeforeMethodInterceptor : Authorizing method invocation ReflectiveMethodInvocation: public org.springframework.http.ResponseEntity com.rewear.organ.controller.OrganApiController.getOrganDonations(com.rewear.user.details.CustomUserDetails); target is of class [com.rewear.organ.controller.OrganApiController]
2025-12-09T12:37:01.586+09:00 DEBUG 24820 --- [RE-WEAR] [http-nio-8080-exec-2] horizationManagerBeforeMethodInterceptor : Authorized method invocation ReflectiveMethodInvocation: public org.springframework.http.ResponseEntity com.rewear.organ.controller.OrganApiController.getOrganDonations(com.rewear.user.details.CustomUserDetails); target is of class [com.rewear.organ.controller.OrganApiController]
2025-12-09T12:37:01.605+09:00 DEBUG 24820 --- [RE-WEAR] [http-nio-8080-exec-2] o.s.w.s.m.m.a.HttpEntityMethodProcessor  : Using 'application/json', given [*/*] and supported [application/json, application/*+json]
2025-12-09T12:37:01.605+09:00 DEBUG 24820 --- [RE-WEAR] [http-nio-8080-exec-2] o.s.w.s.m.m.a.HttpEntityMethodProcessor  : Writing [{donations=[], count=0}]
2025-12-09T12:37:01.605+09:00 DEBUG 24820 --- [RE-WEAR] [http-nio-8080-exec-3] o.s.w.s.m.m.a.HttpEntityMethodProcessor  : Using 'application/json', given [*/*] and supported [application/json, application/*+json]
2025-12-09T12:37:01.606+09:00 DEBUG 24820 --- [RE-WEAR] [http-nio-8080-exec-2] o.s.web.servlet.DispatcherServlet        : Completed 200 OK
2025-12-09T12:37:01.606+09:00 DEBUG 24820 --- [RE-WEAR] [http-nio-8080-exec-3] o.s.w.s.m.m.a.HttpEntityMethodProcessor  : Writing [{donations=[{date=2025-12-08, donorName=일반 사용자, delivery={senderPhone=01012345678, receiverAddress=경 (truncated)...]
2025-12-09T12:37:01.607+09:00 DEBUG 24820 --- [RE-WEAR] [http-nio-8080-exec-3] o.s.web.servlet.DispatcherServlet        : Completed 200 OK
2025-12-09T12:37:05.691+09:00 DEBUG 24820 --- [RE-WEAR] [http-nio-8080-exec-1] o.s.security.web.FilterChainProxy        : Securing GET /api/deliveries
2025-12-09T12:37:05.691+09:00 DEBUG 24820 --- [RE-WEAR] [http-nio-8080-exec-1] w.c.HttpSessionSecurityContextRepository : Retrieved SecurityContextImpl [Authentication=UsernamePasswordAuthenticationToken [Principal=com.rewear.user.details.CustomUserDetails@33bea597, Credentials=[PROTECTED], Authenticated=true, Details=null, Granted Authorities=[ROLE_ORGAN]]]
2025-12-09T12:37:05.691+09:00 DEBUG 24820 --- [RE-WEAR] [http-nio-8080-exec-1] o.s.security.web.FilterChainProxy        : Secured GET /api/deliveries
2025-12-09T12:37:05.691+09:00 DEBUG 24820 --- [RE-WEAR] [http-nio-8080-exec-1] o.s.web.servlet.DispatcherServlet        : GET "/api/deliveries", parameters={}
2025-12-09T12:37:05.691+09:00 DEBUG 24820 --- [RE-WEAR] [http-nio-8080-exec-1] s.w.s.m.m.a.RequestMappingHandlerMapping : Mapped to com.rewear.delivery.controller.DeliveryApiController#getDeliveries(CustomUserDetails)
2025-12-09T12:37:05.692+09:00 DEBUG 24820 --- [RE-WEAR] [http-nio-8080-exec-1] horizationManagerBeforeMethodInterceptor : Authorizing method invocation ReflectiveMethodInvocation: public org.springframework.http.ResponseEntity com.rewear.delivery.controller.DeliveryApiController.getDeliveries(com.rewear.user.details.CustomUserDetails); target is of class [com.rewear.delivery.controller.DeliveryApiController]
2025-12-09T12:37:05.692+09:00 DEBUG 24820 --- [RE-WEAR] [http-nio-8080-exec-1] horizationManagerBeforeMethodInterceptor : Authorized method invocation ReflectiveMethodInvocation: public org.springframework.http.ResponseEntity com.rewear.delivery.controller.DeliveryApiController.getDeliveries(com.rewear.user.details.CustomUserDetails); target is of class [com.rewear.delivery.controller.DeliveryApiController]
2025-12-09T12:37:05.701+09:00  INFO 24820 --- [RE-WEAR] [http-nio-8080-exec-1] c.r.d.controller.DeliveryApiController   : 기관 배송 목록 조회 시작 - 기관명: dongwook, organId: 2
2025-12-09T12:37:05.712+09:00  INFO 24820 --- [RE-WEAR] [http-nio-8080-exec-1] c.r.d.controller.DeliveryApiController   : 기관에 할당된 배송 정보가 있는 기부 개수: 6
2025-12-09T12:37:05.713+09:00  INFO 24820 --- [RE-WEAR] [http-nio-8080-exec-1] c.r.d.controller.DeliveryApiController   : 기관 배송 목록 조회 완료 - 기관명: dongwook, 배송 개수: 6
2025-12-09T12:37:05.713+09:00 DEBUG 24820 --- [RE-WEAR] [http-nio-8080-exec-1] o.s.w.s.m.m.a.HttpEntityMethodProcessor  : Using 'application/json', given [*/*] and supported [application/json, application/*+json]
2025-12-09T12:37:05.713+09:00 DEBUG 24820 --- [RE-WEAR] [http-nio-8080-exec-1] o.s.w.s.m.m.a.HttpEntityMethodProcessor  : Writing [{deliveries=[{senderAddress=서울시 강남구 테헤란로 123, receiverName=dongwook, receiverDetailAddress=null, del (truncated)...]
2025-12-09T12:37:05.715+09:00 DEBUG 24820 --- [RE-WEAR] [http-nio-8080-exec-1] o.s.web.servlet.DispatcherServlet        : Completed 200 OK
2025-12-09T12:37:05.722+09:00 DEBUG 24820 --- [RE-WEAR] [http-nio-8080-exec-10] o.s.security.web.FilterChainProxy        : Securing GET /api/deliveries
2025-12-09T12:37:05.722+09:00 DEBUG 24820 --- [RE-WEAR] [http-nio-8080-exec-10] w.c.HttpSessionSecurityContextRepository : Retrieved SecurityContextImpl [Authentication=UsernamePasswordAuthenticationToken [Principal=com.rewear.user.details.CustomUserDetails@33bea597, Credentials=[PROTECTED], Authenticated=true, Details=null, Granted Authorities=[ROLE_ORGAN]]]
2025-12-09T12:37:05.722+09:00 DEBUG 24820 --- [RE-WEAR] [http-nio-8080-exec-10] o.s.security.web.FilterChainProxy        : Secured GET /api/deliveries
2025-12-09T12:37:05.723+09:00 DEBUG 24820 --- [RE-WEAR] [http-nio-8080-exec-10] o.s.web.servlet.DispatcherServlet        : GET "/api/deliveries", parameters={}
2025-12-09T12:37:05.723+09:00 DEBUG 24820 --- [RE-WEAR] [http-nio-8080-exec-10] s.w.s.m.m.a.RequestMappingHandlerMapping : Mapped to com.rewear.delivery.controller.DeliveryApiController#getDeliveries(CustomUserDetails)
2025-12-09T12:37:05.724+09:00 DEBUG 24820 --- [RE-WEAR] [http-nio-8080-exec-10] horizationManagerBeforeMethodInterceptor : Authorizing method invocation ReflectiveMethodInvocation: public org.springframework.http.ResponseEntity com.rewear.delivery.controller.DeliveryApiController.getDeliveries(com.rewear.user.details.CustomUserDetails); target is of class [com.rewear.delivery.controller.DeliveryApiController]
2025-12-09T12:37:05.724+09:00 DEBUG 24820 --- [RE-WEAR] [http-nio-8080-exec-10] horizationManagerBeforeMethodInterceptor : Authorized method invocation ReflectiveMethodInvocation: public org.springframework.http.ResponseEntity com.rewear.delivery.controller.DeliveryApiController.getDeliveries(com.rewear.user.details.CustomUserDetails); target is of class [com.rewear.delivery.controller.DeliveryApiController]
2025-12-09T12:37:05.725+09:00 DEBUG 24820 --- [RE-WEAR] [http-nio-8080-exec-5] o.s.security.web.FilterChainProxy        : Securing GET /api/deliveries/16
2025-12-09T12:37:05.726+09:00 DEBUG 24820 --- [RE-WEAR] [http-nio-8080-exec-5] w.c.HttpSessionSecurityContextRepository : Retrieved SecurityContextImpl [Authentication=UsernamePasswordAuthenticationToken [Principal=com.rewear.user.details.CustomUserDetails@33bea597, Credentials=[PROTECTED], Authenticated=true, Details=null, Granted Authorities=[ROLE_ORGAN]]]
2025-12-09T12:37:05.727+09:00 DEBUG 24820 --- [RE-WEAR] [http-nio-8080-exec-5] o.s.security.web.FilterChainProxy        : Secured GET /api/deliveries/16
2025-12-09T12:37:05.727+09:00 DEBUG 24820 --- [RE-WEAR] [http-nio-8080-exec-5] o.s.web.servlet.DispatcherServlet        : GET "/api/deliveries/16", parameters={}
2025-12-09T12:37:05.727+09:00 DEBUG 24820 --- [RE-WEAR] [http-nio-8080-exec-5] s.w.s.m.m.a.RequestMappingHandlerMapping : Mapped to com.rewear.delivery.controller.DeliveryApiController#getDelivery(Long, CustomUserDetails)
2025-12-09T12:37:05.729+09:00 DEBUG 24820 --- [RE-WEAR] [http-nio-8080-exec-5] horizationManagerBeforeMethodInterceptor : Authorizing method invocation ReflectiveMethodInvocation: public org.springframework.http.ResponseEntity com.rewear.delivery.controller.DeliveryApiController.getDelivery(java.lang.Long,com.rewear.user.details.CustomUserDetails); target is of class [com.rewear.delivery.controller.DeliveryApiController]
2025-12-09T12:37:05.730+09:00 DEBUG 24820 --- [RE-WEAR] [http-nio-8080-exec-5] horizationManagerBeforeMethodInterceptor : Authorized method invocation ReflectiveMethodInvocation: public org.springframework.http.ResponseEntity com.rewear.delivery.controller.DeliveryApiController.getDelivery(java.lang.Long,com.rewear.user.details.CustomUserDetails); target is of class [com.rewear.delivery.controller.DeliveryApiController]
2025-12-09T12:37:05.731+09:00  INFO 24820 --- [RE-WEAR] [http-nio-8080-exec-10] c.r.d.controller.DeliveryApiController   : 기관 배송 목록 조회 시작 - 기관명: dongwook, organId: 2
2025-12-09T12:37:05.737+09:00  INFO 24820 --- [RE-WEAR] [http-nio-8080-exec-10] c.r.d.controller.DeliveryApiController   : 기관에 할당된 배송 정보가 있는 기부 개수: 6
2025-12-09T12:37:05.737+09:00  INFO 24820 --- [RE-WEAR] [http-nio-8080-exec-10] c.r.d.controller.DeliveryApiController   : 기관 배송 목록 조회 완료 - 기관명: dongwook, 배송 개수: 6
2025-12-09T12:37:05.737+09:00 DEBUG 24820 --- [RE-WEAR] [http-nio-8080-exec-10] o.s.w.s.m.m.a.HttpEntityMethodProcessor  : Using 'application/json', given [*/*] and supported [application/json, application/*+json]
2025-12-09T12:37:05.738+09:00 DEBUG 24820 --- [RE-WEAR] [http-nio-8080-exec-10] o.s.w.s.m.m.a.HttpEntityMethodProcessor  : Writing [{deliveries=[{senderAddress=서울시 강남구 테헤란로 123, receiverName=dongwook, receiverDetailAddress=null, del (truncated)...]
2025-12-09T12:37:05.739+09:00 DEBUG 24820 --- [RE-WEAR] [http-nio-8080-exec-10] o.s.web.servlet.DispatcherServlet        : Completed 200 OK
2025-12-09T12:37:05.743+09:00 DEBUG 24820 --- [RE-WEAR] [http-nio-8080-exec-5] o.s.w.s.m.m.a.HttpEntityMethodProcessor  : Using 'application/json', given [*/*] and supported [application/json, application/*+json]
2025-12-09T12:37:05.743+09:00 DEBUG 24820 --- [RE-WEAR] [http-nio-8080-exec-5] o.s.w.s.m.m.a.HttpEntityMethodProcessor  : Writing [{senderAddress=서울시 강남구 테헤란로 123, receiverName=dongwook, receiverDetailAddress=null, deliveredAt=null (truncated)...]
2025-12-09T12:37:05.744+09:00 DEBUG 24820 --- [RE-WEAR] [http-nio-8080-exec-5] o.s.web.servlet.DispatcherServlet        : Completed 200 OK
2025-12-09T12:37:05.748+09:00 DEBUG 24820 --- [RE-WEAR] [http-nio-8080-exec-9] o.s.security.web.FilterChainProxy        : Securing GET /api/deliveries
2025-12-09T12:37:05.749+09:00 DEBUG 24820 --- [RE-WEAR] [http-nio-8080-exec-9] w.c.HttpSessionSecurityContextRepository : Retrieved SecurityContextImpl [Authentication=UsernamePasswordAuthenticationToken [Principal=com.rewear.user.details.CustomUserDetails@33bea597, Credentials=[PROTECTED], Authenticated=true, Details=null, Granted Authorities=[ROLE_ORGAN]]]
2025-12-09T12:37:05.749+09:00 DEBUG 24820 --- [RE-WEAR] [http-nio-8080-exec-9] o.s.security.web.FilterChainProxy        : Secured GET /api/deliveries
2025-12-09T12:37:05.749+09:00 DEBUG 24820 --- [RE-WEAR] [http-nio-8080-exec-9] o.s.web.servlet.DispatcherServlet        : GET "/api/deliveries", parameters={}
2025-12-09T12:37:05.749+09:00 DEBUG 24820 --- [RE-WEAR] [http-nio-8080-exec-9] s.w.s.m.m.a.RequestMappingHandlerMapping : Mapped to com.rewear.delivery.controller.DeliveryApiController#getDeliveries(CustomUserDetails)
2025-12-09T12:37:05.750+09:00 DEBUG 24820 --- [RE-WEAR] [http-nio-8080-exec-9] horizationManagerBeforeMethodInterceptor : Authorizing method invocation ReflectiveMethodInvocation: public org.springframework.http.ResponseEntity com.rewear.delivery.controller.DeliveryApiController.getDeliveries(com.rewear.user.details.CustomUserDetails); target is of class [com.rewear.delivery.controller.DeliveryApiController]
2025-12-09T12:37:05.750+09:00 DEBUG 24820 --- [RE-WEAR] [http-nio-8080-exec-9] horizationManagerBeforeMethodInterceptor : Authorized method invocation ReflectiveMethodInvocation: public org.springframework.http.ResponseEntity com.rewear.delivery.controller.DeliveryApiController.getDeliveries(com.rewear.user.details.CustomUserDetails); target is of class [com.rewear.delivery.controller.DeliveryApiController]
2025-12-09T12:37:05.751+09:00 DEBUG 24820 --- [RE-WEAR] [http-nio-8080-exec-6] o.s.security.web.FilterChainProxy        : Securing GET /api/deliveries/16
2025-12-09T12:37:05.753+09:00 DEBUG 24820 --- [RE-WEAR] [http-nio-8080-exec-6] w.c.HttpSessionSecurityContextRepository : Retrieved SecurityContextImpl [Authentication=UsernamePasswordAuthenticationToken [Principal=com.rewear.user.details.CustomUserDetails@33bea597, Credentials=[PROTECTED], Authenticated=true, Details=null, Granted Authorities=[ROLE_ORGAN]]]
2025-12-09T12:37:05.753+09:00 DEBUG 24820 --- [RE-WEAR] [http-nio-8080-exec-6] o.s.security.web.FilterChainProxy        : Secured GET /api/deliveries/16
2025-12-09T12:37:05.753+09:00 DEBUG 24820 --- [RE-WEAR] [http-nio-8080-exec-6] o.s.web.servlet.DispatcherServlet        : GET "/api/deliveries/16", parameters={}
2025-12-09T12:37:05.753+09:00 DEBUG 24820 --- [RE-WEAR] [http-nio-8080-exec-6] s.w.s.m.m.a.RequestMappingHandlerMapping : Mapped to com.rewear.delivery.controller.DeliveryApiController#getDelivery(Long, CustomUserDetails)
2025-12-09T12:37:05.753+09:00 DEBUG 24820 --- [RE-WEAR] [http-nio-8080-exec-6] horizationManagerBeforeMethodInterceptor : Authorizing method invocation ReflectiveMethodInvocation: public org.springframework.http.ResponseEntity com.rewear.delivery.controller.DeliveryApiController.getDelivery(java.lang.Long,com.rewear.user.details.CustomUserDetails); target is of class [com.rewear.delivery.controller.DeliveryApiController]
2025-12-09T12:37:05.754+09:00 DEBUG 24820 --- [RE-WEAR] [http-nio-8080-exec-6] horizationManagerBeforeMethodInterceptor : Authorized method invocation ReflectiveMethodInvocation: public org.springframework.http.ResponseEntity com.rewear.delivery.controller.DeliveryApiController.getDelivery(java.lang.Long,com.rewear.user.details.CustomUserDetails); target is of class [com.rewear.delivery.controller.DeliveryApiController]
2025-12-09T12:37:05.758+09:00  INFO 24820 --- [RE-WEAR] [http-nio-8080-exec-9] c.r.d.controller.DeliveryApiController   : 기관 배송 목록 조회 시작 - 기관명: dongwook, organId: 2
2025-12-09T12:37:05.766+09:00  INFO 24820 --- [RE-WEAR] [http-nio-8080-exec-9] c.r.d.controller.DeliveryApiController   : 기관에 할당된 배송 정보가 있는 기부 개수: 6
2025-12-09T12:37:05.766+09:00  INFO 24820 --- [RE-WEAR] [http-nio-8080-exec-9] c.r.d.controller.DeliveryApiController   : 기관 배송 목록 조회 완료 - 기관명: dongwook, 배송 개수: 6
2025-12-09T12:37:05.766+09:00 DEBUG 24820 --- [RE-WEAR] [http-nio-8080-exec-9] o.s.w.s.m.m.a.HttpEntityMethodProcessor  : Using 'application/json', given [*/*] and supported [application/json, application/*+json]
2025-12-09T12:37:05.766+09:00 DEBUG 24820 --- [RE-WEAR] [http-nio-8080-exec-6] o.s.w.s.m.m.a.HttpEntityMethodProcessor  : Using 'application/json', given [*/*] and supported [application/json, application/*+json]
2025-12-09T12:37:05.767+09:00 DEBUG 24820 --- [RE-WEAR] [http-nio-8080-exec-6] o.s.w.s.m.m.a.HttpEntityMethodProcessor  : Writing [{senderAddress=서울시 강남구 테헤란로 123, receiverName=dongwook, receiverDetailAddress=null, deliveredAt=null (truncated)...]
2025-12-09T12:37:05.767+09:00 DEBUG 24820 --- [RE-WEAR] [http-nio-8080-exec-9] o.s.w.s.m.m.a.HttpEntityMethodProcessor  : Writing [{deliveries=[{senderAddress=서울시 강남구 테헤란로 123, receiverName=dongwook, receiverDetailAddress=null, del (truncated)...]
2025-12-09T12:37:05.767+09:00 DEBUG 24820 --- [RE-WEAR] [http-nio-8080-exec-6] o.s.web.servlet.DispatcherServlet        : Completed 200 OK
2025-12-09T12:37:05.767+09:00 DEBUG 24820 --- [RE-WEAR] [http-nio-8080-exec-9] o.s.web.servlet.DispatcherServlet        : Completed 200 OK
2025-12-09T12:37:13.055+09:00 DEBUG 24820 --- [RE-WEAR] [http-nio-8080-exec-4] o.s.security.web.FilterChainProxy        : Securing GET /api/users/me
2025-12-09T12:37:13.056+09:00 DEBUG 24820 --- [RE-WEAR] [http-nio-8080-exec-4] w.c.HttpSessionSecurityContextRepository : Retrieved SecurityContextImpl [Authentication=UsernamePasswordAuthenticationToken [Principal=com.rewear.user.details.CustomUserDetails@33bea597, Credentials=[PROTECTED], Authenticated=true, Details=null, Granted Authorities=[ROLE_ORGAN]]]
2025-12-09T12:37:13.057+09:00 DEBUG 24820 --- [RE-WEAR] [http-nio-8080-exec-4] o.s.security.web.FilterChainProxy        : Secured GET /api/users/me
2025-12-09T12:37:13.057+09:00 DEBUG 24820 --- [RE-WEAR] [http-nio-8080-exec-4] o.s.web.servlet.DispatcherServlet        : GET "/api/users/me", parameters={}
2025-12-09T12:37:13.057+09:00 DEBUG 24820 --- [RE-WEAR] [http-nio-8080-exec-4] s.w.s.m.m.a.RequestMappingHandlerMapping : Mapped to com.rewear.user.controller.UserController#getCurrentUser(Principal)
2025-12-09T12:37:13.069+09:00 DEBUG 24820 --- [RE-WEAR] [http-nio-8080-exec-4] o.s.w.s.m.m.a.HttpEntityMethodProcessor  : Using 'application/json', given [*/*] and supported [application/json, application/*+json]
2025-12-09T12:37:13.069+09:00 DEBUG 24820 --- [RE-WEAR] [http-nio-8080-exec-4] o.s.w.s.m.m.a.HttpEntityMethodProcessor  : Writing [{user={phone=01058489652, nickname=dongwook, email=dongwook@example.com, name=dongwook, id=5, role=기 (truncated)...]
2025-12-09T12:37:13.070+09:00 DEBUG 24820 --- [RE-WEAR] [http-nio-8080-exec-4] o.s.web.servlet.DispatcherServlet        : Completed 200 OK
2025-12-09T12:37:13.082+09:00 DEBUG 24820 --- [RE-WEAR] [http-nio-8080-exec-7] o.s.security.web.FilterChainProxy        : Securing GET /api/users/me
2025-12-09T12:37:13.082+09:00 DEBUG 24820 --- [RE-WEAR] [http-nio-8080-exec-7] w.c.HttpSessionSecurityContextRepository : Retrieved SecurityContextImpl [Authentication=UsernamePasswordAuthenticationToken [Principal=com.rewear.user.details.CustomUserDetails@33bea597, Credentials=[PROTECTED], Authenticated=true, Details=null, Granted Authorities=[ROLE_ORGAN]]]
2025-12-09T12:37:13.082+09:00 DEBUG 24820 --- [RE-WEAR] [http-nio-8080-exec-7] o.s.security.web.FilterChainProxy        : Secured GET /api/users/me
2025-12-09T12:37:13.082+09:00 DEBUG 24820 --- [RE-WEAR] [http-nio-8080-exec-7] o.s.web.servlet.DispatcherServlet        : GET "/api/users/me", parameters={}
2025-12-09T12:37:13.084+09:00 DEBUG 24820 --- [RE-WEAR] [http-nio-8080-exec-7] s.w.s.m.m.a.RequestMappingHandlerMapping : Mapped to com.rewear.user.controller.UserController#getCurrentUser(Principal)
2025-12-09T12:37:13.084+09:00 DEBUG 24820 --- [RE-WEAR] [http-nio-8080-exec-8] o.s.security.web.FilterChainProxy        : Securing GET /api/notifications/unread-count
2025-12-09T12:37:13.084+09:00 DEBUG 24820 --- [RE-WEAR] [http-nio-8080-exec-8] w.c.HttpSessionSecurityContextRepository : Retrieved SecurityContextImpl [Authentication=UsernamePasswordAuthenticationToken [Principal=com.rewear.user.details.CustomUserDetails@33bea597, Credentials=[PROTECTED], Authenticated=true, Details=null, Granted Authorities=[ROLE_ORGAN]]]
2025-12-09T12:37:13.084+09:00 DEBUG 24820 --- [RE-WEAR] [http-nio-8080-exec-8] o.s.security.web.FilterChainProxy        : Secured GET /api/notifications/unread-count
2025-12-09T12:37:13.084+09:00 DEBUG 24820 --- [RE-WEAR] [http-nio-8080-exec-8] o.s.web.servlet.DispatcherServlet        : GET "/api/notifications/unread-count", parameters={}
2025-12-09T12:37:13.085+09:00 DEBUG 24820 --- [RE-WEAR] [http-nio-8080-exec-8] s.w.s.m.m.a.RequestMappingHandlerMapping : Mapped to com.rewear.notification.controller.NotificationApiController#getUnreadCount(CustomUserDetails)
2025-12-09T12:37:13.085+09:00 DEBUG 24820 --- [RE-WEAR] [http-nio-8080-exec-8] horizationManagerBeforeMethodInterceptor : Authorizing method invocation ReflectiveMethodInvocation: public org.springframework.http.ResponseEntity com.rewear.notification.controller.NotificationApiController.getUnreadCount(com.rewear.user.details.CustomUserDetails); target is of class [com.rewear.notification.controller.NotificationApiController]
2025-12-09T12:37:13.086+09:00 DEBUG 24820 --- [RE-WEAR] [http-nio-8080-exec-8] horizationManagerBeforeMethodInterceptor : Authorized method invocation ReflectiveMethodInvocation: public org.springframework.http.ResponseEntity com.rewear.notification.controller.NotificationApiController.getUnreadCount(com.rewear.user.details.CustomUserDetails); target is of class [com.rewear.notification.controller.NotificationApiController]
2025-12-09T12:37:13.091+09:00 DEBUG 24820 --- [RE-WEAR] [http-nio-8080-exec-7] o.s.w.s.m.m.a.HttpEntityMethodProcessor  : Using 'application/json', given [*/*] and supported [application/json, application/*+json]
2025-12-09T12:37:13.091+09:00 DEBUG 24820 --- [RE-WEAR] [http-nio-8080-exec-7] o.s.w.s.m.m.a.HttpEntityMethodProcessor  : Writing [{user={phone=01058489652, nickname=dongwook, email=dongwook@example.com, name=dongwook, id=5, role=기 (truncated)...]
2025-12-09T12:37:13.091+09:00 DEBUG 24820 --- [RE-WEAR] [http-nio-8080-exec-7] o.s.web.servlet.DispatcherServlet        : Completed 200 OK
2025-12-09T12:37:13.094+09:00 DEBUG 24820 --- [RE-WEAR] [http-nio-8080-exec-8] o.s.w.s.m.m.a.HttpEntityMethodProcessor  : Using 'application/json', given [*/*] and supported [application/json, application/*+json]
2025-12-09T12:37:13.094+09:00 DEBUG 24820 --- [RE-WEAR] [http-nio-8080-exec-8] o.s.w.s.m.m.a.HttpEntityMethodProcessor  : Writing [{unreadCount=5}]
2025-12-09T12:37:13.095+09:00 DEBUG 24820 --- [RE-WEAR] [http-nio-8080-exec-8] o.s.web.servlet.DispatcherServlet        : Completed 200 OK
2025-12-09T12:37:13.103+09:00 DEBUG 24820 --- [RE-WEAR] [http-nio-8080-exec-2] o.s.security.web.FilterChainProxy        : Securing GET /api/users/me
2025-12-09T12:37:13.104+09:00 DEBUG 24820 --- [RE-WEAR] [http-nio-8080-exec-2] w.c.HttpSessionSecurityContextRepository : Retrieved SecurityContextImpl [Authentication=UsernamePasswordAuthenticationToken [Principal=com.rewear.user.details.CustomUserDetails@33bea597, Credentials=[PROTECTED], Authenticated=true, Details=null, Granted Authorities=[ROLE_ORGAN]]]
2025-12-09T12:37:13.104+09:00 DEBUG 24820 --- [RE-WEAR] [http-nio-8080-exec-2] o.s.security.web.FilterChainProxy        : Secured GET /api/users/me
2025-12-09T12:37:13.104+09:00 DEBUG 24820 --- [RE-WEAR] [http-nio-8080-exec-2] o.s.web.servlet.DispatcherServlet        : GET "/api/users/me", parameters={}
2025-12-09T12:37:13.104+09:00 DEBUG 24820 --- [RE-WEAR] [http-nio-8080-exec-2] s.w.s.m.m.a.RequestMappingHandlerMapping : Mapped to com.rewear.user.controller.UserController#getCurrentUser(Principal)
2025-12-09T12:37:13.111+09:00 DEBUG 24820 --- [RE-WEAR] [http-nio-8080-exec-2] o.s.w.s.m.m.a.HttpEntityMethodProcessor  : Using 'application/json', given [*/*] and supported [application/json, application/*+json]
2025-12-09T12:37:13.111+09:00 DEBUG 24820 --- [RE-WEAR] [http-nio-8080-exec-2] o.s.w.s.m.m.a.HttpEntityMethodProcessor  : Writing [{user={phone=01058489652, nickname=dongwook, email=dongwook@example.com, name=dongwook, id=5, role=기 (truncated)...]
2025-12-09T12:37:13.112+09:00 DEBUG 24820 --- [RE-WEAR] [http-nio-8080-exec-2] o.s.web.servlet.DispatcherServlet        : Completed 200 OK
2025-12-09T12:37:13.118+09:00 DEBUG 24820 --- [RE-WEAR] [http-nio-8080-exec-3] o.s.security.web.FilterChainProxy        : Securing GET /api/users/me
2025-12-09T12:37:13.119+09:00 DEBUG 24820 --- [RE-WEAR] [http-nio-8080-exec-3] w.c.HttpSessionSecurityContextRepository : Retrieved SecurityContextImpl [Authentication=UsernamePasswordAuthenticationToken [Principal=com.rewear.user.details.CustomUserDetails@33bea597, Credentials=[PROTECTED], Authenticated=true, Details=null, Granted Authorities=[ROLE_ORGAN]]]
2025-12-09T12:37:13.119+09:00 DEBUG 24820 --- [RE-WEAR] [http-nio-8080-exec-3] o.s.security.web.FilterChainProxy        : Secured GET /api/users/me
2025-12-09T12:37:13.119+09:00 DEBUG 24820 --- [RE-WEAR] [http-nio-8080-exec-3] o.s.web.servlet.DispatcherServlet        : GET "/api/users/me", parameters={}
2025-12-09T12:37:13.119+09:00 DEBUG 24820 --- [RE-WEAR] [http-nio-8080-exec-3] s.w.s.m.m.a.RequestMappingHandlerMapping : Mapped to com.rewear.user.controller.UserController#getCurrentUser(Principal)
2025-12-09T12:37:13.123+09:00 DEBUG 24820 --- [RE-WEAR] [http-nio-8080-exec-3] o.s.w.s.m.m.a.HttpEntityMethodProcessor  : Using 'application/json', given [*/*] and supported [application/json, application/*+json]
2025-12-09T12:37:13.123+09:00 DEBUG 24820 --- [RE-WEAR] [http-nio-8080-exec-3] o.s.w.s.m.m.a.HttpEntityMethodProcessor  : Writing [{user={phone=01058489652, nickname=dongwook, email=dongwook@example.com, name=dongwook, id=5, role=기 (truncated)...]
2025-12-09T12:37:13.124+09:00 DEBUG 24820 --- [RE-WEAR] [http-nio-8080-exec-3] o.s.web.servlet.DispatcherServlet        : Completed 200 OK
2025-12-09T12:37:15.009+09:00 DEBUG 24820 --- [RE-WEAR] [http-nio-8080-exec-1] o.s.security.web.FilterChainProxy        : Securing GET /api/deliveries
2025-12-09T12:37:15.011+09:00 DEBUG 24820 --- [RE-WEAR] [http-nio-8080-exec-1] w.c.HttpSessionSecurityContextRepository : Retrieved SecurityContextImpl [Authentication=UsernamePasswordAuthenticationToken [Principal=com.rewear.user.details.CustomUserDetails@33bea597, Credentials=[PROTECTED], Authenticated=true, Details=null, Granted Authorities=[ROLE_ORGAN]]]
2025-12-09T12:37:15.011+09:00 DEBUG 24820 --- [RE-WEAR] [http-nio-8080-exec-1] o.s.security.web.FilterChainProxy        : Secured GET /api/deliveries
2025-12-09T12:37:15.011+09:00 DEBUG 24820 --- [RE-WEAR] [http-nio-8080-exec-1] o.s.web.servlet.DispatcherServlet        : GET "/api/deliveries", parameters={}
2025-12-09T12:37:15.011+09:00 DEBUG 24820 --- [RE-WEAR] [http-nio-8080-exec-1] s.w.s.m.m.a.RequestMappingHandlerMapping : Mapped to com.rewear.delivery.controller.DeliveryApiController#getDeliveries(CustomUserDetails)
2025-12-09T12:37:15.012+09:00 DEBUG 24820 --- [RE-WEAR] [http-nio-8080-exec-1] horizationManagerBeforeMethodInterceptor : Authorizing method invocation ReflectiveMethodInvocation: public org.springframework.http.ResponseEntity com.rewear.delivery.controller.DeliveryApiController.getDeliveries(com.rewear.user.details.CustomUserDetails); target is of class [com.rewear.delivery.controller.DeliveryApiController]
2025-12-09T12:37:15.012+09:00 DEBUG 24820 --- [RE-WEAR] [http-nio-8080-exec-1] horizationManagerBeforeMethodInterceptor : Authorized method invocation ReflectiveMethodInvocation: public org.springframework.http.ResponseEntity com.rewear.delivery.controller.DeliveryApiController.getDeliveries(com.rewear.user.details.CustomUserDetails); target is of class [com.rewear.delivery.controller.DeliveryApiController]
2025-12-09T12:37:15.020+09:00  INFO 24820 --- [RE-WEAR] [http-nio-8080-exec-1] c.r.d.controller.DeliveryApiController   : 기관 배송 목록 조회 시작 - 기관명: dongwook, organId: 2
2025-12-09T12:37:15.026+09:00  INFO 24820 --- [RE-WEAR] [http-nio-8080-exec-1] c.r.d.controller.DeliveryApiController   : 기관에 할당된 배송 정보가 있는 기부 개수: 6
2025-12-09T12:37:15.026+09:00  INFO 24820 --- [RE-WEAR] [http-nio-8080-exec-1] c.r.d.controller.DeliveryApiController   : 기관 배송 목록 조회 완료 - 기관명: dongwook, 배송 개수: 6
2025-12-09T12:37:15.027+09:00 DEBUG 24820 --- [RE-WEAR] [http-nio-8080-exec-1] o.s.w.s.m.m.a.HttpEntityMethodProcessor  : Using 'application/json', given [*/*] and supported [application/json, application/*+json]
2025-12-09T12:37:15.027+09:00 DEBUG 24820 --- [RE-WEAR] [http-nio-8080-exec-1] o.s.w.s.m.m.a.HttpEntityMethodProcessor  : Writing [{deliveries=[{senderAddress=서울시 강남구 테헤란로 123, receiverName=dongwook, receiverDetailAddress=null, del (truncated)...]
2025-12-09T12:37:15.028+09:00 DEBUG 24820 --- [RE-WEAR] [http-nio-8080-exec-1] o.s.web.servlet.DispatcherServlet        : Completed 200 OK
2025-12-09T12:37:15.038+09:00 DEBUG 24820 --- [RE-WEAR] [http-nio-8080-exec-10] o.s.security.web.FilterChainProxy        : Securing GET /api/deliveries
2025-12-09T12:37:15.038+09:00 DEBUG 24820 --- [RE-WEAR] [http-nio-8080-exec-10] w.c.HttpSessionSecurityContextRepository : Retrieved SecurityContextImpl [Authentication=UsernamePasswordAuthenticationToken [Principal=com.rewear.user.details.CustomUserDetails@33bea597, Credentials=[PROTECTED], Authenticated=true, Details=null, Granted Authorities=[ROLE_ORGAN]]]
2025-12-09T12:37:15.039+09:00 DEBUG 24820 --- [RE-WEAR] [http-nio-8080-exec-10] o.s.security.web.FilterChainProxy        : Secured GET /api/deliveries
2025-12-09T12:37:15.039+09:00 DEBUG 24820 --- [RE-WEAR] [http-nio-8080-exec-10] o.s.web.servlet.DispatcherServlet        : GET "/api/deliveries", parameters={}
2025-12-09T12:37:15.039+09:00 DEBUG 24820 --- [RE-WEAR] [http-nio-8080-exec-10] s.w.s.m.m.a.RequestMappingHandlerMapping : Mapped to com.rewear.delivery.controller.DeliveryApiController#getDeliveries(CustomUserDetails)
2025-12-09T12:37:15.040+09:00 DEBUG 24820 --- [RE-WEAR] [http-nio-8080-exec-10] horizationManagerBeforeMethodInterceptor : Authorizing method invocation ReflectiveMethodInvocation: public org.springframework.http.ResponseEntity com.rewear.delivery.controller.DeliveryApiController.getDeliveries(com.rewear.user.details.CustomUserDetails); target is of class [com.rewear.delivery.controller.DeliveryApiController]
2025-12-09T12:37:15.040+09:00 DEBUG 24820 --- [RE-WEAR] [http-nio-8080-exec-10] horizationManagerBeforeMethodInterceptor : Authorized method invocation ReflectiveMethodInvocation: public org.springframework.http.ResponseEntity com.rewear.delivery.controller.DeliveryApiController.getDeliveries(com.rewear.user.details.CustomUserDetails); target is of class [com.rewear.delivery.controller.DeliveryApiController]
2025-12-09T12:37:15.074+09:00  INFO 24820 --- [RE-WEAR] [http-nio-8080-exec-10] c.r.d.controller.DeliveryApiController   : 기관 배송 목록 조회 시작 - 기관명: dongwook, organId: 2
2025-12-09T12:37:15.082+09:00  INFO 24820 --- [RE-WEAR] [http-nio-8080-exec-10] c.r.d.controller.DeliveryApiController   : 기관에 할당된 배송 정보가 있는 기부 개수: 6
2025-12-09T12:37:15.083+09:00  INFO 24820 --- [RE-WEAR] [http-nio-8080-exec-10] c.r.d.controller.DeliveryApiController   : 기관 배송 목록 조회 완료 - 기관명: dongwook, 배송 개수: 6
2025-12-09T12:37:15.083+09:00 DEBUG 24820 --- [RE-WEAR] [http-nio-8080-exec-10] o.s.w.s.m.m.a.HttpEntityMethodProcessor  : Using 'application/json', given [*/*] and supported [application/json, application/*+json]
2025-12-09T12:37:15.083+09:00 DEBUG 24820 --- [RE-WEAR] [http-nio-8080-exec-10] o.s.w.s.m.m.a.HttpEntityMethodProcessor  : Writing [{deliveries=[{senderAddress=서울시 강남구 테헤란로 123, receiverName=dongwook, receiverDetailAddress=null, del (truncated)...]
2025-12-09T12:37:15.098+09:00 DEBUG 24820 --- [RE-WEAR] [http-nio-8080-exec-10] o.s.web.servlet.DispatcherServlet        : Completed 200 OK
2025-12-09T12:37:17.032+09:00 DEBUG 24820 --- [RE-WEAR] [http-nio-8080-exec-6] o.s.security.web.FilterChainProxy        : Securing GET /api/organs/donations/completed
2025-12-09T12:37:17.034+09:00 DEBUG 24820 --- [RE-WEAR] [http-nio-8080-exec-5] o.s.security.web.FilterChainProxy        : Securing GET /api/organs/donations
2025-12-09T12:37:17.036+09:00 DEBUG 24820 --- [RE-WEAR] [http-nio-8080-exec-6] w.c.HttpSessionSecurityContextRepository : Retrieved SecurityContextImpl [Authentication=UsernamePasswordAuthenticationToken [Principal=com.rewear.user.details.CustomUserDetails@33bea597, Credentials=[PROTECTED], Authenticated=true, Details=null, Granted Authorities=[ROLE_ORGAN]]]
2025-12-09T12:37:17.036+09:00 DEBUG 24820 --- [RE-WEAR] [http-nio-8080-exec-6] o.s.security.web.FilterChainProxy        : Secured GET /api/organs/donations/completed
2025-12-09T12:37:17.036+09:00 DEBUG 24820 --- [RE-WEAR] [http-nio-8080-exec-5] w.c.HttpSessionSecurityContextRepository : Retrieved SecurityContextImpl [Authentication=UsernamePasswordAuthenticationToken [Principal=com.rewear.user.details.CustomUserDetails@33bea597, Credentials=[PROTECTED], Authenticated=true, Details=null, Granted Authorities=[ROLE_ORGAN]]]
2025-12-09T12:37:17.036+09:00 DEBUG 24820 --- [RE-WEAR] [http-nio-8080-exec-5] o.s.security.web.FilterChainProxy        : Secured GET /api/organs/donations
2025-12-09T12:37:17.036+09:00 DEBUG 24820 --- [RE-WEAR] [http-nio-8080-exec-5] o.s.web.servlet.DispatcherServlet        : GET "/api/organs/donations", parameters={}
2025-12-09T12:37:17.036+09:00 DEBUG 24820 --- [RE-WEAR] [http-nio-8080-exec-6] o.s.web.servlet.DispatcherServlet        : GET "/api/organs/donations/completed", parameters={}
2025-12-09T12:37:17.037+09:00 DEBUG 24820 --- [RE-WEAR] [http-nio-8080-exec-5] s.w.s.m.m.a.RequestMappingHandlerMapping : Mapped to com.rewear.organ.controller.OrganApiController#getOrganDonations(CustomUserDetails)
2025-12-09T12:37:17.037+09:00 DEBUG 24820 --- [RE-WEAR] [http-nio-8080-exec-6] s.w.s.m.m.a.RequestMappingHandlerMapping : Mapped to com.rewear.organ.controller.OrganApiController#getCompletedDonations(CustomUserDetails)
2025-12-09T12:37:17.039+09:00 DEBUG 24820 --- [RE-WEAR] [http-nio-8080-exec-5] horizationManagerBeforeMethodInterceptor : Authorizing method invocation ReflectiveMethodInvocation: public org.springframework.http.ResponseEntity com.rewear.organ.controller.OrganApiController.getOrganDonations(com.rewear.user.details.CustomUserDetails); target is of class [com.rewear.organ.controller.OrganApiController]
2025-12-09T12:37:17.039+09:00 DEBUG 24820 --- [RE-WEAR] [http-nio-8080-exec-6] horizationManagerBeforeMethodInterceptor : Authorizing method invocation ReflectiveMethodInvocation: public org.springframework.http.ResponseEntity com.rewear.organ.controller.OrganApiController.getCompletedDonations(com.rewear.user.details.CustomUserDetails); target is of class [com.rewear.organ.controller.OrganApiController]
2025-12-09T12:37:17.040+09:00 DEBUG 24820 --- [RE-WEAR] [http-nio-8080-exec-6] horizationManagerBeforeMethodInterceptor : Authorized method invocation ReflectiveMethodInvocation: public org.springframework.http.ResponseEntity com.rewear.organ.controller.OrganApiController.getCompletedDonations(com.rewear.user.details.CustomUserDetails); target is of class [com.rewear.organ.controller.OrganApiController]
2025-12-09T12:37:17.040+09:00 DEBUG 24820 --- [RE-WEAR] [http-nio-8080-exec-5] horizationManagerBeforeMethodInterceptor : Authorized method invocation ReflectiveMethodInvocation: public org.springframework.http.ResponseEntity com.rewear.organ.controller.OrganApiController.getOrganDonations(com.rewear.user.details.CustomUserDetails); target is of class [com.rewear.organ.controller.OrganApiController]
2025-12-09T12:37:17.059+09:00 DEBUG 24820 --- [RE-WEAR] [http-nio-8080-exec-6] o.s.w.s.m.m.a.HttpEntityMethodProcessor  : Using 'application/json', given [*/*] and supported [application/json, application/*+json]
2025-12-09T12:37:17.059+09:00 DEBUG 24820 --- [RE-WEAR] [http-nio-8080-exec-5] o.s.w.s.m.m.a.HttpEntityMethodProcessor  : Using 'application/json', given [*/*] and supported [application/json, application/*+json]
2025-12-09T12:37:17.060+09:00 DEBUG 24820 --- [RE-WEAR] [http-nio-8080-exec-5] o.s.w.s.m.m.a.HttpEntityMethodProcessor  : Writing [{donations=[], count=0}]
2025-12-09T12:37:17.060+09:00 DEBUG 24820 --- [RE-WEAR] [http-nio-8080-exec-6] o.s.w.s.m.m.a.HttpEntityMethodProcessor  : Writing [{donations=[{date=2025-12-08, donorName=일반 사용자, delivery={senderPhone=01012345678, receiverAddress=경 (truncated)...]
2025-12-09T12:37:17.062+09:00 DEBUG 24820 --- [RE-WEAR] [http-nio-8080-exec-5] o.s.web.servlet.DispatcherServlet        : Completed 200 OK
2025-12-09T12:37:17.063+09:00 DEBUG 24820 --- [RE-WEAR] [http-nio-8080-exec-6] o.s.web.servlet.DispatcherServlet        : Completed 200 OK
2025-12-09T12:37:17.071+09:00 DEBUG 24820 --- [RE-WEAR] [http-nio-8080-exec-9] o.s.security.web.FilterChainProxy        : Securing GET /api/organs/donations/completed
2025-12-09T12:37:17.071+09:00 DEBUG 24820 --- [RE-WEAR] [http-nio-8080-exec-4] o.s.security.web.FilterChainProxy        : Securing GET /api/organs/donations
2025-12-09T12:37:17.072+09:00 DEBUG 24820 --- [RE-WEAR] [http-nio-8080-exec-4] w.c.HttpSessionSecurityContextRepository : Retrieved SecurityContextImpl [Authentication=UsernamePasswordAuthenticationToken [Principal=com.rewear.user.details.CustomUserDetails@33bea597, Credentials=[PROTECTED], Authenticated=true, Details=null, Granted Authorities=[ROLE_ORGAN]]]
2025-12-09T12:37:17.072+09:00 DEBUG 24820 --- [RE-WEAR] [http-nio-8080-exec-9] w.c.HttpSessionSecurityContextRepository : Retrieved SecurityContextImpl [Authentication=UsernamePasswordAuthenticationToken [Principal=com.rewear.user.details.CustomUserDetails@33bea597, Credentials=[PROTECTED], Authenticated=true, Details=null, Granted Authorities=[ROLE_ORGAN]]]
2025-12-09T12:37:17.072+09:00 DEBUG 24820 --- [RE-WEAR] [http-nio-8080-exec-4] o.s.security.web.FilterChainProxy        : Secured GET /api/organs/donations
2025-12-09T12:37:17.073+09:00 DEBUG 24820 --- [RE-WEAR] [http-nio-8080-exec-9] o.s.security.web.FilterChainProxy        : Secured GET /api/organs/donations/completed
2025-12-09T12:37:17.073+09:00 DEBUG 24820 --- [RE-WEAR] [http-nio-8080-exec-4] o.s.web.servlet.DispatcherServlet        : GET "/api/organs/donations", parameters={}
2025-12-09T12:37:17.073+09:00 DEBUG 24820 --- [RE-WEAR] [http-nio-8080-exec-9] o.s.web.servlet.DispatcherServlet        : GET "/api/organs/donations/completed", parameters={}
2025-12-09T12:37:17.073+09:00 DEBUG 24820 --- [RE-WEAR] [http-nio-8080-exec-4] s.w.s.m.m.a.RequestMappingHandlerMapping : Mapped to com.rewear.organ.controller.OrganApiController#getOrganDonations(CustomUserDetails)
2025-12-09T12:37:17.073+09:00 DEBUG 24820 --- [RE-WEAR] [http-nio-8080-exec-9] s.w.s.m.m.a.RequestMappingHandlerMapping : Mapped to com.rewear.organ.controller.OrganApiController#getCompletedDonations(CustomUserDetails)
2025-12-09T12:37:17.073+09:00 DEBUG 24820 --- [RE-WEAR] [http-nio-8080-exec-9] horizationManagerBeforeMethodInterceptor : Authorizing method invocation ReflectiveMethodInvocation: public org.springframework.http.ResponseEntity com.rewear.organ.controller.OrganApiController.getCompletedDonations(com.rewear.user.details.CustomUserDetails); target is of class [com.rewear.organ.controller.OrganApiController]
2025-12-09T12:37:17.074+09:00 DEBUG 24820 --- [RE-WEAR] [http-nio-8080-exec-4] horizationManagerBeforeMethodInterceptor : Authorizing method invocation ReflectiveMethodInvocation: public org.springframework.http.ResponseEntity com.rewear.organ.controller.OrganApiController.getOrganDonations(com.rewear.user.details.CustomUserDetails); target is of class [com.rewear.organ.controller.OrganApiController]
2025-12-09T12:37:17.074+09:00 DEBUG 24820 --- [RE-WEAR] [http-nio-8080-exec-9] horizationManagerBeforeMethodInterceptor : Authorized method invocation ReflectiveMethodInvocation: public org.springframework.http.ResponseEntity com.rewear.organ.controller.OrganApiController.getCompletedDonations(com.rewear.user.details.CustomUserDetails); target is of class [com.rewear.organ.controller.OrganApiController]
2025-12-09T12:37:17.074+09:00 DEBUG 24820 --- [RE-WEAR] [http-nio-8080-exec-4] horizationManagerBeforeMethodInterceptor : Authorized method invocation ReflectiveMethodInvocation: public org.springframework.http.ResponseEntity com.rewear.organ.controller.OrganApiController.getOrganDonations(com.rewear.user.details.CustomUserDetails); target is of class [com.rewear.organ.controller.OrganApiController]
2025-12-09T12:37:17.086+09:00 DEBUG 24820 --- [RE-WEAR] [http-nio-8080-exec-9] o.s.w.s.m.m.a.HttpEntityMethodProcessor  : Using 'application/json', given [*/*] and supported [application/json, application/*+json]
2025-12-09T12:37:17.086+09:00 DEBUG 24820 --- [RE-WEAR] [http-nio-8080-exec-4] o.s.w.s.m.m.a.HttpEntityMethodProcessor  : Using 'application/json', given [*/*] and supported [application/json, application/*+json]
2025-12-09T12:37:17.087+09:00 DEBUG 24820 --- [RE-WEAR] [http-nio-8080-exec-4] o.s.w.s.m.m.a.HttpEntityMethodProcessor  : Writing [{donations=[], count=0}]
2025-12-09T12:37:17.087+09:00 DEBUG 24820 --- [RE-WEAR] [http-nio-8080-exec-9] o.s.w.s.m.m.a.HttpEntityMethodProcessor  : Writing [{donations=[{date=2025-12-08, donorName=일반 사용자, delivery={senderPhone=01012345678, receiverAddress=경 (truncated)...]
2025-12-09T12:37:17.087+09:00 DEBUG 24820 --- [RE-WEAR] [http-nio-8080-exec-4] o.s.web.servlet.DispatcherServlet        : Completed 200 OK
2025-12-09T12:37:17.087+09:00 DEBUG 24820 --- [RE-WEAR] [http-nio-8080-exec-9] o.s.web.servlet.DispatcherServlet        : Completed 200 OK
2025-12-09T12:37:18.211+09:00 DEBUG 24820 --- [RE-WEAR] [http-nio-8080-exec-7] o.s.security.web.FilterChainProxy        : Securing GET /api/deliveries
2025-12-09T12:37:18.212+09:00 DEBUG 24820 --- [RE-WEAR] [http-nio-8080-exec-7] w.c.HttpSessionSecurityContextRepository : Retrieved SecurityContextImpl [Authentication=UsernamePasswordAuthenticationToken [Principal=com.rewear.user.details.CustomUserDetails@33bea597, Credentials=[PROTECTED], Authenticated=true, Details=null, Granted Authorities=[ROLE_ORGAN]]]
2025-12-09T12:37:18.212+09:00 DEBUG 24820 --- [RE-WEAR] [http-nio-8080-exec-7] o.s.security.web.FilterChainProxy        : Secured GET /api/deliveries
2025-12-09T12:37:18.212+09:00 DEBUG 24820 --- [RE-WEAR] [http-nio-8080-exec-7] o.s.web.servlet.DispatcherServlet        : GET "/api/deliveries", parameters={}
2025-12-09T12:37:18.212+09:00 DEBUG 24820 --- [RE-WEAR] [http-nio-8080-exec-7] s.w.s.m.m.a.RequestMappingHandlerMapping : Mapped to com.rewear.delivery.controller.DeliveryApiController#getDeliveries(CustomUserDetails)
2025-12-09T12:37:18.213+09:00 DEBUG 24820 --- [RE-WEAR] [http-nio-8080-exec-7] horizationManagerBeforeMethodInterceptor : Authorizing method invocation ReflectiveMethodInvocation: public org.springframework.http.ResponseEntity com.rewear.delivery.controller.DeliveryApiController.getDeliveries(com.rewear.user.details.CustomUserDetails); target is of class [com.rewear.delivery.controller.DeliveryApiController]
2025-12-09T12:37:18.213+09:00 DEBUG 24820 --- [RE-WEAR] [http-nio-8080-exec-7] horizationManagerBeforeMethodInterceptor : Authorized method invocation ReflectiveMethodInvocation: public org.springframework.http.ResponseEntity com.rewear.delivery.controller.DeliveryApiController.getDeliveries(com.rewear.user.details.CustomUserDetails); target is of class [com.rewear.delivery.controller.DeliveryApiController]
2025-12-09T12:37:18.224+09:00  INFO 24820 --- [RE-WEAR] [http-nio-8080-exec-7] c.r.d.controller.DeliveryApiController   : 기관 배송 목록 조회 시작 - 기관명: dongwook, organId: 2
2025-12-09T12:37:18.231+09:00  INFO 24820 --- [RE-WEAR] [http-nio-8080-exec-7] c.r.d.controller.DeliveryApiController   : 기관에 할당된 배송 정보가 있는 기부 개수: 6
2025-12-09T12:37:18.232+09:00  INFO 24820 --- [RE-WEAR] [http-nio-8080-exec-7] c.r.d.controller.DeliveryApiController   : 기관 배송 목록 조회 완료 - 기관명: dongwook, 배송 개수: 6
2025-12-09T12:37:18.232+09:00 DEBUG 24820 --- [RE-WEAR] [http-nio-8080-exec-7] o.s.w.s.m.m.a.HttpEntityMethodProcessor  : Using 'application/json', given [*/*] and supported [application/json, application/*+json]
2025-12-09T12:37:18.233+09:00 DEBUG 24820 --- [RE-WEAR] [http-nio-8080-exec-7] o.s.w.s.m.m.a.HttpEntityMethodProcessor  : Writing [{deliveries=[{senderAddress=서울시 강남구 테헤란로 123, receiverName=dongwook, receiverDetailAddress=null, del (truncated)...]
2025-12-09T12:37:18.234+09:00 DEBUG 24820 --- [RE-WEAR] [http-nio-8080-exec-7] o.s.web.servlet.DispatcherServlet        : Completed 200 OK
2025-12-09T12:37:18.241+09:00 DEBUG 24820 --- [RE-WEAR] [http-nio-8080-exec-8] o.s.security.web.FilterChainProxy        : Securing GET /api/deliveries
2025-12-09T12:37:18.241+09:00 DEBUG 24820 --- [RE-WEAR] [http-nio-8080-exec-8] w.c.HttpSessionSecurityContextRepository : Retrieved SecurityContextImpl [Authentication=UsernamePasswordAuthenticationToken [Principal=com.rewear.user.details.CustomUserDetails@33bea597, Credentials=[PROTECTED], Authenticated=true, Details=null, Granted Authorities=[ROLE_ORGAN]]]
2025-12-09T12:37:18.241+09:00 DEBUG 24820 --- [RE-WEAR] [http-nio-8080-exec-8] o.s.security.web.FilterChainProxy        : Secured GET /api/deliveries
2025-12-09T12:37:18.242+09:00 DEBUG 24820 --- [RE-WEAR] [http-nio-8080-exec-8] o.s.web.servlet.DispatcherServlet        : GET "/api/deliveries", parameters={}
2025-12-09T12:37:18.242+09:00 DEBUG 24820 --- [RE-WEAR] [http-nio-8080-exec-8] s.w.s.m.m.a.RequestMappingHandlerMapping : Mapped to com.rewear.delivery.controller.DeliveryApiController#getDeliveries(CustomUserDetails)
2025-12-09T12:37:18.242+09:00 DEBUG 24820 --- [RE-WEAR] [http-nio-8080-exec-8] horizationManagerBeforeMethodInterceptor : Authorizing method invocation ReflectiveMethodInvocation: public org.springframework.http.ResponseEntity com.rewear.delivery.controller.DeliveryApiController.getDeliveries(com.rewear.user.details.CustomUserDetails); target is of class [com.rewear.delivery.controller.DeliveryApiController]
2025-12-09T12:37:18.243+09:00 DEBUG 24820 --- [RE-WEAR] [http-nio-8080-exec-8] horizationManagerBeforeMethodInterceptor : Authorized method invocation ReflectiveMethodInvocation: public org.springframework.http.ResponseEntity com.rewear.delivery.controller.DeliveryApiController.getDeliveries(com.rewear.user.details.CustomUserDetails); target is of class [com.rewear.delivery.controller.DeliveryApiController]
2025-12-09T12:37:18.249+09:00  INFO 24820 --- [RE-WEAR] [http-nio-8080-exec-8] c.r.d.controller.DeliveryApiController   : 기관 배송 목록 조회 시작 - 기관명: dongwook, organId: 2
2025-12-09T12:37:18.255+09:00  INFO 24820 --- [RE-WEAR] [http-nio-8080-exec-8] c.r.d.controller.DeliveryApiController   : 기관에 할당된 배송 정보가 있는 기부 개수: 6
2025-12-09T12:37:18.255+09:00  INFO 24820 --- [RE-WEAR] [http-nio-8080-exec-8] c.r.d.controller.DeliveryApiController   : 기관 배송 목록 조회 완료 - 기관명: dongwook, 배송 개수: 6
2025-12-09T12:37:18.256+09:00 DEBUG 24820 --- [RE-WEAR] [http-nio-8080-exec-8] o.s.w.s.m.m.a.HttpEntityMethodProcessor  : Using 'application/json', given [*/*] and supported [application/json, application/*+json]
2025-12-09T12:37:18.256+09:00 DEBUG 24820 --- [RE-WEAR] [http-nio-8080-exec-8] o.s.w.s.m.m.a.HttpEntityMethodProcessor  : Writing [{deliveries=[{senderAddress=서울시 강남구 테헤란로 123, receiverName=dongwook, receiverDetailAddress=null, del (truncated)...]
2025-12-09T12:37:18.257+09:00 DEBUG 24820 --- [RE-WEAR] [http-nio-8080-exec-8] o.s.web.servlet.DispatcherServlet        : Completed 200 OK
2025-12-09T12:37:19.814+09:00 DEBUG 24820 --- [RE-WEAR] [http-nio-8080-exec-2] o.s.security.web.FilterChainProxy        : Securing GET /api/organs/donations
2025-12-09T12:37:19.815+09:00 DEBUG 24820 --- [RE-WEAR] [http-nio-8080-exec-2] w.c.HttpSessionSecurityContextRepository : Retrieved SecurityContextImpl [Authentication=UsernamePasswordAuthenticationToken [Principal=com.rewear.user.details.CustomUserDetails@33bea597, Credentials=[PROTECTED], Authenticated=true, Details=null, Granted Authorities=[ROLE_ORGAN]]]
2025-12-09T12:37:19.815+09:00 DEBUG 24820 --- [RE-WEAR] [http-nio-8080-exec-2] o.s.security.web.FilterChainProxy        : Secured GET /api/organs/donations
2025-12-09T12:37:19.815+09:00 DEBUG 24820 --- [RE-WEAR] [http-nio-8080-exec-2] o.s.web.servlet.DispatcherServlet        : GET "/api/organs/donations", parameters={}
2025-12-09T12:37:19.815+09:00 DEBUG 24820 --- [RE-WEAR] [http-nio-8080-exec-2] s.w.s.m.m.a.RequestMappingHandlerMapping : Mapped to com.rewear.organ.controller.OrganApiController#getOrganDonations(CustomUserDetails)
2025-12-09T12:37:19.815+09:00 DEBUG 24820 --- [RE-WEAR] [http-nio-8080-exec-2] horizationManagerBeforeMethodInterceptor : Authorizing method invocation ReflectiveMethodInvocation: public org.springframework.http.ResponseEntity com.rewear.organ.controller.OrganApiController.getOrganDonations(com.rewear.user.details.CustomUserDetails); target is of class [com.rewear.organ.controller.OrganApiController]
2025-12-09T12:37:19.815+09:00 DEBUG 24820 --- [RE-WEAR] [http-nio-8080-exec-2] horizationManagerBeforeMethodInterceptor : Authorized method invocation ReflectiveMethodInvocation: public org.springframework.http.ResponseEntity com.rewear.organ.controller.OrganApiController.getOrganDonations(com.rewear.user.details.CustomUserDetails); target is of class [com.rewear.organ.controller.OrganApiController]
2025-12-09T12:37:19.817+09:00 DEBUG 24820 --- [RE-WEAR] [http-nio-8080-exec-3] o.s.security.web.FilterChainProxy        : Securing GET /api/organs/donations/completed
2025-12-09T12:37:19.817+09:00 DEBUG 24820 --- [RE-WEAR] [http-nio-8080-exec-3] w.c.HttpSessionSecurityContextRepository : Retrieved SecurityContextImpl [Authentication=UsernamePasswordAuthenticationToken [Principal=com.rewear.user.details.CustomUserDetails@33bea597, Credentials=[PROTECTED], Authenticated=true, Details=null, Granted Authorities=[ROLE_ORGAN]]]
2025-12-09T12:37:19.817+09:00 DEBUG 24820 --- [RE-WEAR] [http-nio-8080-exec-3] o.s.security.web.FilterChainProxy        : Secured GET /api/organs/donations/completed
2025-12-09T12:37:19.817+09:00 DEBUG 24820 --- [RE-WEAR] [http-nio-8080-exec-3] o.s.web.servlet.DispatcherServlet        : GET "/api/organs/donations/completed", parameters={}
2025-12-09T12:37:19.819+09:00 DEBUG 24820 --- [RE-WEAR] [http-nio-8080-exec-3] s.w.s.m.m.a.RequestMappingHandlerMapping : Mapped to com.rewear.organ.controller.OrganApiController#getCompletedDonations(CustomUserDetails)
2025-12-09T12:37:19.819+09:00 DEBUG 24820 --- [RE-WEAR] [http-nio-8080-exec-3] horizationManagerBeforeMethodInterceptor : Authorizing method invocation ReflectiveMethodInvocation: public org.springframework.http.ResponseEntity com.rewear.organ.controller.OrganApiController.getCompletedDonations(com.rewear.user.details.CustomUserDetails); target is of class [com.rewear.organ.controller.OrganApiController]
2025-12-09T12:37:19.820+09:00 DEBUG 24820 --- [RE-WEAR] [http-nio-8080-exec-3] horizationManagerBeforeMethodInterceptor : Authorized method invocation ReflectiveMethodInvocation: public org.springframework.http.ResponseEntity com.rewear.organ.controller.OrganApiController.getCompletedDonations(com.rewear.user.details.CustomUserDetails); target is of class [com.rewear.organ.controller.OrganApiController]
2025-12-09T12:37:19.832+09:00 DEBUG 24820 --- [RE-WEAR] [http-nio-8080-exec-3] o.s.w.s.m.m.a.HttpEntityMethodProcessor  : Using 'application/json', given [*/*] and supported [application/json, application/*+json]
2025-12-09T12:37:19.835+09:00 DEBUG 24820 --- [RE-WEAR] [http-nio-8080-exec-2] o.s.w.s.m.m.a.HttpEntityMethodProcessor  : Using 'application/json', given [*/*] and supported [application/json, application/*+json]
2025-12-09T12:37:19.842+09:00 DEBUG 24820 --- [RE-WEAR] [http-nio-8080-exec-2] o.s.w.s.m.m.a.HttpEntityMethodProcessor  : Writing [{donations=[], count=0}]
2025-12-09T12:37:19.842+09:00 DEBUG 24820 --- [RE-WEAR] [http-nio-8080-exec-3] o.s.w.s.m.m.a.HttpEntityMethodProcessor  : Writing [{donations=[{date=2025-12-08, donorName=일반 사용자, delivery={senderPhone=01012345678, receiverAddress=경 (truncated)...]
2025-12-09T12:37:19.843+09:00 DEBUG 24820 --- [RE-WEAR] [http-nio-8080-exec-3] o.s.web.servlet.DispatcherServlet        : Completed 200 OK
2025-12-09T12:37:19.843+09:00 DEBUG 24820 --- [RE-WEAR] [http-nio-8080-exec-2] o.s.web.servlet.DispatcherServlet        : Completed 200 OK
2025-12-09T12:37:19.851+09:00 DEBUG 24820 --- [RE-WEAR] [http-nio-8080-exec-10] o.s.security.web.FilterChainProxy        : Securing GET /api/organs/donations
2025-12-09T12:37:19.851+09:00 DEBUG 24820 --- [RE-WEAR] [http-nio-8080-exec-1] o.s.security.web.FilterChainProxy        : Securing GET /api/organs/donations/completed
2025-12-09T12:37:19.851+09:00 DEBUG 24820 --- [RE-WEAR] [http-nio-8080-exec-10] w.c.HttpSessionSecurityContextRepository : Retrieved SecurityContextImpl [Authentication=UsernamePasswordAuthenticationToken [Principal=com.rewear.user.details.CustomUserDetails@33bea597, Credentials=[PROTECTED], Authenticated=true, Details=null, Granted Authorities=[ROLE_ORGAN]]]
2025-12-09T12:37:19.852+09:00 DEBUG 24820 --- [RE-WEAR] [http-nio-8080-exec-1] w.c.HttpSessionSecurityContextRepository : Retrieved SecurityContextImpl [Authentication=UsernamePasswordAuthenticationToken [Principal=com.rewear.user.details.CustomUserDetails@33bea597, Credentials=[PROTECTED], Authenticated=true, Details=null, Granted Authorities=[ROLE_ORGAN]]]
2025-12-09T12:37:19.852+09:00 DEBUG 24820 --- [RE-WEAR] [http-nio-8080-exec-10] o.s.security.web.FilterChainProxy        : Secured GET /api/organs/donations
2025-12-09T12:37:19.852+09:00 DEBUG 24820 --- [RE-WEAR] [http-nio-8080-exec-1] o.s.security.web.FilterChainProxy        : Secured GET /api/organs/donations/completed
2025-12-09T12:37:19.852+09:00 DEBUG 24820 --- [RE-WEAR] [http-nio-8080-exec-1] o.s.web.servlet.DispatcherServlet        : GET "/api/organs/donations/completed", parameters={}
2025-12-09T12:37:19.852+09:00 DEBUG 24820 --- [RE-WEAR] [http-nio-8080-exec-10] o.s.web.servlet.DispatcherServlet        : GET "/api/organs/donations", parameters={}
2025-12-09T12:37:19.852+09:00 DEBUG 24820 --- [RE-WEAR] [http-nio-8080-exec-1] s.w.s.m.m.a.RequestMappingHandlerMapping : Mapped to com.rewear.organ.controller.OrganApiController#getCompletedDonations(CustomUserDetails)
2025-12-09T12:37:19.852+09:00 DEBUG 24820 --- [RE-WEAR] [http-nio-8080-exec-10] s.w.s.m.m.a.RequestMappingHandlerMapping : Mapped to com.rewear.organ.controller.OrganApiController#getOrganDonations(CustomUserDetails)
2025-12-09T12:37:19.853+09:00 DEBUG 24820 --- [RE-WEAR] [http-nio-8080-exec-1] horizationManagerBeforeMethodInterceptor : Authorizing method invocation ReflectiveMethodInvocation: public org.springframework.http.ResponseEntity com.rewear.organ.controller.OrganApiController.getCompletedDonations(com.rewear.user.details.CustomUserDetails); target is of class [com.rewear.organ.controller.OrganApiController]
2025-12-09T12:37:19.853+09:00 DEBUG 24820 --- [RE-WEAR] [http-nio-8080-exec-10] horizationManagerBeforeMethodInterceptor : Authorizing method invocation ReflectiveMethodInvocation: public org.springframework.http.ResponseEntity com.rewear.organ.controller.OrganApiController.getOrganDonations(com.rewear.user.details.CustomUserDetails); target is of class [com.rewear.organ.controller.OrganApiController]
2025-12-09T12:37:19.853+09:00 DEBUG 24820 --- [RE-WEAR] [http-nio-8080-exec-1] horizationManagerBeforeMethodInterceptor : Authorized method invocation ReflectiveMethodInvocation: public org.springframework.http.ResponseEntity com.rewear.organ.controller.OrganApiController.getCompletedDonations(com.rewear.user.details.CustomUserDetails); target is of class [com.rewear.organ.controller.OrganApiController]
2025-12-09T12:37:19.853+09:00 DEBUG 24820 --- [RE-WEAR] [http-nio-8080-exec-10] horizationManagerBeforeMethodInterceptor : Authorized method invocation ReflectiveMethodInvocation: public org.springframework.http.ResponseEntity com.rewear.organ.controller.OrganApiController.getOrganDonations(com.rewear.user.details.CustomUserDetails); target is of class [com.rewear.organ.controller.OrganApiController]
2025-12-09T12:37:19.866+09:00 DEBUG 24820 --- [RE-WEAR] [http-nio-8080-exec-1] o.s.w.s.m.m.a.HttpEntityMethodProcessor  : Using 'application/json', given [*/*] and supported [application/json, application/*+json]
2025-12-09T12:37:19.866+09:00 DEBUG 24820 --- [RE-WEAR] [http-nio-8080-exec-1] o.s.w.s.m.m.a.HttpEntityMethodProcessor  : Writing [{donations=[{date=2025-12-08, donorName=일반 사용자, delivery={senderPhone=01012345678, receiverAddress=경 (truncated)...]
2025-12-09T12:37:19.867+09:00 DEBUG 24820 --- [RE-WEAR] [http-nio-8080-exec-10] o.s.w.s.m.m.a.HttpEntityMethodProcessor  : Using 'application/json', given [*/*] and supported [application/json, application/*+json]
2025-12-09T12:37:19.867+09:00 DEBUG 24820 --- [RE-WEAR] [http-nio-8080-exec-10] o.s.w.s.m.m.a.HttpEntityMethodProcessor  : Writing [{donations=[], count=0}]
2025-12-09T12:37:19.867+09:00 DEBUG 24820 --- [RE-WEAR] [http-nio-8080-exec-1] o.s.web.servlet.DispatcherServlet        : Completed 200 OK
2025-12-09T12:37:19.868+09:00 DEBUG 24820 --- [RE-WEAR] [http-nio-8080-exec-10] o.s.web.servlet.DispatcherServlet        : Completed 200 OK
2025-12-09T12:37:31.423+09:00 DEBUG 24820 --- [RE-WEAR] [http-nio-8080-exec-5] o.s.security.web.FilterChainProxy        : Securing POST /api/users/login
2025-12-09T12:37:31.425+09:00 DEBUG 24820 --- [RE-WEAR] [http-nio-8080-exec-5] o.s.security.web.FilterChainProxy        : Secured POST /api/users/login
2025-12-09T12:37:31.425+09:00 DEBUG 24820 --- [RE-WEAR] [http-nio-8080-exec-5] o.s.web.servlet.DispatcherServlet        : POST "/api/users/login", parameters={}
2025-12-09T12:37:31.425+09:00 DEBUG 24820 --- [RE-WEAR] [http-nio-8080-exec-5] s.w.s.m.m.a.RequestMappingHandlerMapping : Mapped to com.rewear.user.controller.UserController#login(Map, HttpServletRequest)
2025-12-09T12:37:31.428+09:00 DEBUG 24820 --- [RE-WEAR] [http-nio-8080-exec-5] m.m.a.RequestResponseBodyMethodProcessor : Read "application/json;charset=UTF-8" to [{username=dongwook, password=dongwook}]
2025-12-09T12:37:31.428+09:00  INFO 24820 --- [RE-WEAR] [http-nio-8080-exec-5] c.rewear.user.controller.UserController  : 로그인 시도: username=dongwook
2025-12-09T12:37:31.650+09:00 DEBUG 24820 --- [RE-WEAR] [http-nio-8080-exec-5] o.s.s.a.dao.DaoAuthenticationProvider    : Authenticated user
2025-12-09T12:37:31.650+09:00  INFO 24820 --- [RE-WEAR] [http-nio-8080-exec-5] c.rewear.user.controller.UserController  : 인증 성공: username=dongwook
2025-12-09T12:37:31.659+09:00  INFO 24820 --- [RE-WEAR] [http-nio-8080-exec-5] c.rewear.user.controller.UserController  : 로그인 성공: username=dongwook, role=ORGAN
2025-12-09T12:37:31.660+09:00 DEBUG 24820 --- [RE-WEAR] [http-nio-8080-exec-5] o.s.w.s.m.m.a.HttpEntityMethodProcessor  : Using 'application/json', given [*/*] and supported [application/json, application/*+json]
2025-12-09T12:37:31.661+09:00 DEBUG 24820 --- [RE-WEAR] [http-nio-8080-exec-5] o.s.w.s.m.m.a.HttpEntityMethodProcessor  : Writing [{role=ORGAN, user=com.rewear.user.entity.User@6e0c8c59, ok=true}]
2025-12-09T12:37:31.661+09:00 DEBUG 24820 --- [RE-WEAR] [http-nio-8080-exec-5] o.s.web.servlet.DispatcherServlet        : Completed 200 OK
2025-12-09T12:37:31.669+09:00 DEBUG 24820 --- [RE-WEAR] [http-nio-8080-exec-6] o.s.security.web.FilterChainProxy        : Securing GET /api/notifications/unread-count
2025-12-09T12:37:31.670+09:00 DEBUG 24820 --- [RE-WEAR] [http-nio-8080-exec-6] w.c.HttpSessionSecurityContextRepository : Retrieved SecurityContextImpl [Authentication=UsernamePasswordAuthenticationToken [Principal=com.rewear.user.details.CustomUserDetails@33b7613d, Credentials=[PROTECTED], Authenticated=true, Details=null, Granted Authorities=[ROLE_ORGAN]]]
2025-12-09T12:37:31.670+09:00 DEBUG 24820 --- [RE-WEAR] [http-nio-8080-exec-6] o.s.security.web.FilterChainProxy        : Secured GET /api/notifications/unread-count
2025-12-09T12:37:31.670+09:00 DEBUG 24820 --- [RE-WEAR] [http-nio-8080-exec-6] o.s.web.servlet.DispatcherServlet        : GET "/api/notifications/unread-count", parameters={}
2025-12-09T12:37:31.670+09:00 DEBUG 24820 --- [RE-WEAR] [http-nio-8080-exec-6] s.w.s.m.m.a.RequestMappingHandlerMapping : Mapped to com.rewear.notification.controller.NotificationApiController#getUnreadCount(CustomUserDetails)
2025-12-09T12:37:31.671+09:00 DEBUG 24820 --- [RE-WEAR] [http-nio-8080-exec-6] horizationManagerBeforeMethodInterceptor : Authorizing method invocation ReflectiveMethodInvocation: public org.springframework.http.ResponseEntity com.rewear.notification.controller.NotificationApiController.getUnreadCount(com.rewear.user.details.CustomUserDetails); target is of class [com.rewear.notification.controller.NotificationApiController]
2025-12-09T12:37:31.671+09:00 DEBUG 24820 --- [RE-WEAR] [http-nio-8080-exec-6] horizationManagerBeforeMethodInterceptor : Authorized method invocation ReflectiveMethodInvocation: public org.springframework.http.ResponseEntity com.rewear.notification.controller.NotificationApiController.getUnreadCount(com.rewear.user.details.CustomUserDetails); target is of class [com.rewear.notification.controller.NotificationApiController]
2025-12-09T12:37:31.678+09:00 DEBUG 24820 --- [RE-WEAR] [http-nio-8080-exec-6] o.s.w.s.m.m.a.HttpEntityMethodProcessor  : Using 'application/json', given [*/*] and supported [application/json, application/*+json]
2025-12-09T12:37:31.678+09:00 DEBUG 24820 --- [RE-WEAR] [http-nio-8080-exec-6] o.s.w.s.m.m.a.HttpEntityMethodProcessor  : Writing [{unreadCount=5}]
2025-12-09T12:37:31.679+09:00 DEBUG 24820 --- [RE-WEAR] [http-nio-8080-exec-6] o.s.web.servlet.DispatcherServlet        : Completed 200 OK
2025-12-09T12:37:31.696+09:00 DEBUG 24820 --- [RE-WEAR] [http-nio-8080-exec-4] o.s.security.web.FilterChainProxy        : Securing GET /api/users/me
2025-12-09T12:37:31.696+09:00 DEBUG 24820 --- [RE-WEAR] [http-nio-8080-exec-4] w.c.HttpSessionSecurityContextRepository : Retrieved SecurityContextImpl [Authentication=UsernamePasswordAuthenticationToken [Principal=com.rewear.user.details.CustomUserDetails@33b7613d, Credentials=[PROTECTED], Authenticated=true, Details=null, Granted Authorities=[ROLE_ORGAN]]]
2025-12-09T12:37:31.697+09:00 DEBUG 24820 --- [RE-WEAR] [http-nio-8080-exec-4] o.s.security.web.FilterChainProxy        : Secured GET /api/users/me
2025-12-09T12:37:31.697+09:00 DEBUG 24820 --- [RE-WEAR] [http-nio-8080-exec-4] o.s.web.servlet.DispatcherServlet        : GET "/api/users/me", parameters={}
2025-12-09T12:37:31.697+09:00 DEBUG 24820 --- [RE-WEAR] [http-nio-8080-exec-4] s.w.s.m.m.a.RequestMappingHandlerMapping : Mapped to com.rewear.user.controller.UserController#getCurrentUser(Principal)
2025-12-09T12:37:31.701+09:00 DEBUG 24820 --- [RE-WEAR] [http-nio-8080-exec-4] o.s.w.s.m.m.a.HttpEntityMethodProcessor  : Using 'application/json', given [*/*] and supported [application/json, application/*+json]
2025-12-09T12:37:31.702+09:00 DEBUG 24820 --- [RE-WEAR] [http-nio-8080-exec-4] o.s.w.s.m.m.a.HttpEntityMethodProcessor  : Writing [{user={phone=01058489652, nickname=dongwook, email=dongwook@example.com, name=dongwook, id=5, role=기 (truncated)...]
2025-12-09T12:37:31.702+09:00 DEBUG 24820 --- [RE-WEAR] [http-nio-8080-exec-4] o.s.web.servlet.DispatcherServlet        : Completed 200 OK
2025-12-09T12:37:31.710+09:00 DEBUG 24820 --- [RE-WEAR] [http-nio-8080-exec-9] o.s.security.web.FilterChainProxy        : Securing GET /api/users/me
2025-12-09T12:37:31.710+09:00 DEBUG 24820 --- [RE-WEAR] [http-nio-8080-exec-9] w.c.HttpSessionSecurityContextRepository : Retrieved SecurityContextImpl [Authentication=UsernamePasswordAuthenticationToken [Principal=com.rewear.user.details.CustomUserDetails@33b7613d, Credentials=[PROTECTED], Authenticated=true, Details=null, Granted Authorities=[ROLE_ORGAN]]]
2025-12-09T12:37:31.711+09:00 DEBUG 24820 --- [RE-WEAR] [http-nio-8080-exec-9] o.s.security.web.FilterChainProxy        : Secured GET /api/users/me
2025-12-09T12:37:31.711+09:00 DEBUG 24820 --- [RE-WEAR] [http-nio-8080-exec-9] o.s.web.servlet.DispatcherServlet        : GET "/api/users/me", parameters={}
2025-12-09T12:37:31.711+09:00 DEBUG 24820 --- [RE-WEAR] [http-nio-8080-exec-9] s.w.s.m.m.a.RequestMappingHandlerMapping : Mapped to com.rewear.user.controller.UserController#getCurrentUser(Principal)
2025-12-09T12:37:31.715+09:00 DEBUG 24820 --- [RE-WEAR] [http-nio-8080-exec-7] o.s.security.web.FilterChainProxy        : Securing GET /api/notifications/unread-count
2025-12-09T12:37:31.716+09:00 DEBUG 24820 --- [RE-WEAR] [http-nio-8080-exec-7] w.c.HttpSessionSecurityContextRepository : Retrieved SecurityContextImpl [Authentication=UsernamePasswordAuthenticationToken [Principal=com.rewear.user.details.CustomUserDetails@33b7613d, Credentials=[PROTECTED], Authenticated=true, Details=null, Granted Authorities=[ROLE_ORGAN]]]
2025-12-09T12:37:31.717+09:00 DEBUG 24820 --- [RE-WEAR] [http-nio-8080-exec-7] o.s.security.web.FilterChainProxy        : Secured GET /api/notifications/unread-count
2025-12-09T12:37:31.717+09:00 DEBUG 24820 --- [RE-WEAR] [http-nio-8080-exec-7] o.s.web.servlet.DispatcherServlet        : GET "/api/notifications/unread-count", parameters={}
2025-12-09T12:37:31.717+09:00 DEBUG 24820 --- [RE-WEAR] [http-nio-8080-exec-7] s.w.s.m.m.a.RequestMappingHandlerMapping : Mapped to com.rewear.notification.controller.NotificationApiController#getUnreadCount(CustomUserDetails)
2025-12-09T12:37:31.717+09:00 DEBUG 24820 --- [RE-WEAR] [http-nio-8080-exec-9] o.s.w.s.m.m.a.HttpEntityMethodProcessor  : Using 'application/json', given [*/*] and supported [application/json, application/*+json]
2025-12-09T12:37:31.718+09:00 DEBUG 24820 --- [RE-WEAR] [http-nio-8080-exec-7] horizationManagerBeforeMethodInterceptor : Authorizing method invocation ReflectiveMethodInvocation: public org.springframework.http.ResponseEntity com.rewear.notification.controller.NotificationApiController.getUnreadCount(com.rewear.user.details.CustomUserDetails); target is of class [com.rewear.notification.controller.NotificationApiController]
2025-12-09T12:37:31.718+09:00 DEBUG 24820 --- [RE-WEAR] [http-nio-8080-exec-9] o.s.w.s.m.m.a.HttpEntityMethodProcessor  : Writing [{user={phone=01058489652, nickname=dongwook, email=dongwook@example.com, name=dongwook, id=5, role=기 (truncated)...]
2025-12-09T12:37:31.718+09:00 DEBUG 24820 --- [RE-WEAR] [http-nio-8080-exec-7] horizationManagerBeforeMethodInterceptor : Authorized method invocation ReflectiveMethodInvocation: public org.springframework.http.ResponseEntity com.rewear.notification.controller.NotificationApiController.getUnreadCount(com.rewear.user.details.CustomUserDetails); target is of class [com.rewear.notification.controller.NotificationApiController]
2025-12-09T12:37:31.719+09:00 DEBUG 24820 --- [RE-WEAR] [http-nio-8080-exec-9] o.s.web.servlet.DispatcherServlet        : Completed 200 OK
2025-12-09T12:37:31.728+09:00 DEBUG 24820 --- [RE-WEAR] [http-nio-8080-exec-8] o.s.security.web.FilterChainProxy        : Securing GET /api/users/me
2025-12-09T12:37:31.729+09:00 DEBUG 24820 --- [RE-WEAR] [http-nio-8080-exec-8] w.c.HttpSessionSecurityContextRepository : Retrieved SecurityContextImpl [Authentication=UsernamePasswordAuthenticationToken [Principal=com.rewear.user.details.CustomUserDetails@33b7613d, Credentials=[PROTECTED], Authenticated=true, Details=null, Granted Authorities=[ROLE_ORGAN]]]
2025-12-09T12:37:31.729+09:00 DEBUG 24820 --- [RE-WEAR] [http-nio-8080-exec-8] o.s.security.web.FilterChainProxy        : Secured GET /api/users/me
2025-12-09T12:37:31.729+09:00 DEBUG 24820 --- [RE-WEAR] [http-nio-8080-exec-8] o.s.web.servlet.DispatcherServlet        : GET "/api/users/me", parameters={}
2025-12-09T12:37:31.729+09:00 DEBUG 24820 --- [RE-WEAR] [http-nio-8080-exec-8] s.w.s.m.m.a.RequestMappingHandlerMapping : Mapped to com.rewear.user.controller.UserController#getCurrentUser(Principal)
2025-12-09T12:37:31.731+09:00 DEBUG 24820 --- [RE-WEAR] [http-nio-8080-exec-7] o.s.w.s.m.m.a.HttpEntityMethodProcessor  : Using 'application/json', given [*/*] and supported [application/json, application/*+json]
2025-12-09T12:37:31.732+09:00 DEBUG 24820 --- [RE-WEAR] [http-nio-8080-exec-7] o.s.w.s.m.m.a.HttpEntityMethodProcessor  : Writing [{unreadCount=5}]
2025-12-09T12:37:31.732+09:00 DEBUG 24820 --- [RE-WEAR] [http-nio-8080-exec-7] o.s.web.servlet.DispatcherServlet        : Completed 200 OK
2025-12-09T12:37:31.736+09:00 DEBUG 24820 --- [RE-WEAR] [http-nio-8080-exec-8] o.s.w.s.m.m.a.HttpEntityMethodProcessor  : Using 'application/json', given [*/*] and supported [application/json, application/*+json]
2025-12-09T12:37:31.737+09:00 DEBUG 24820 --- [RE-WEAR] [http-nio-8080-exec-8] o.s.w.s.m.m.a.HttpEntityMethodProcessor  : Writing [{user={phone=01058489652, nickname=dongwook, email=dongwook@example.com, name=dongwook, id=5, role=기 (truncated)...]
2025-12-09T12:37:31.739+09:00 DEBUG 24820 --- [RE-WEAR] [http-nio-8080-exec-8] o.s.web.servlet.DispatcherServlet        : Completed 200 OK
2025-12-09T12:37:31.746+09:00 DEBUG 24820 --- [RE-WEAR] [http-nio-8080-exec-3] o.s.security.web.FilterChainProxy        : Securing GET /api/users/me
2025-12-09T12:37:31.747+09:00 DEBUG 24820 --- [RE-WEAR] [http-nio-8080-exec-3] w.c.HttpSessionSecurityContextRepository : Retrieved SecurityContextImpl [Authentication=UsernamePasswordAuthenticationToken [Principal=com.rewear.user.details.CustomUserDetails@33b7613d, Credentials=[PROTECTED], Authenticated=true, Details=null, Granted Authorities=[ROLE_ORGAN]]]
2025-12-09T12:37:31.747+09:00 DEBUG 24820 --- [RE-WEAR] [http-nio-8080-exec-3] o.s.security.web.FilterChainProxy        : Secured GET /api/users/me
2025-12-09T12:37:31.747+09:00 DEBUG 24820 --- [RE-WEAR] [http-nio-8080-exec-3] o.s.web.servlet.DispatcherServlet        : GET "/api/users/me", parameters={}
2025-12-09T12:37:31.747+09:00 DEBUG 24820 --- [RE-WEAR] [http-nio-8080-exec-3] s.w.s.m.m.a.RequestMappingHandlerMapping : Mapped to com.rewear.user.controller.UserController#getCurrentUser(Principal)
2025-12-09T12:37:31.752+09:00 DEBUG 24820 --- [RE-WEAR] [http-nio-8080-exec-3] o.s.w.s.m.m.a.HttpEntityMethodProcessor  : Using 'application/json', given [*/*] and supported [application/json, application/*+json]
2025-12-09T12:37:31.753+09:00 DEBUG 24820 --- [RE-WEAR] [http-nio-8080-exec-3] o.s.w.s.m.m.a.HttpEntityMethodProcessor  : Writing [{user={phone=01058489652, nickname=dongwook, email=dongwook@example.com, name=dongwook, id=5, role=기 (truncated)...]
2025-12-09T12:37:31.754+09:00 DEBUG 24820 --- [RE-WEAR] [http-nio-8080-exec-3] o.s.web.servlet.DispatcherServlet        : Completed 200 OK
2025-12-09T12:37:38.965+09:00 DEBUG 24820 --- [RE-WEAR] [http-nio-8080-exec-2] o.s.security.web.FilterChainProxy        : Securing GET /api/deliveries
2025-12-09T12:37:38.966+09:00 DEBUG 24820 --- [RE-WEAR] [http-nio-8080-exec-2] w.c.HttpSessionSecurityContextRepository : Retrieved SecurityContextImpl [Authentication=UsernamePasswordAuthenticationToken [Principal=com.rewear.user.details.CustomUserDetails@33b7613d, Credentials=[PROTECTED], Authenticated=true, Details=null, Granted Authorities=[ROLE_ORGAN]]]
2025-12-09T12:37:38.966+09:00 DEBUG 24820 --- [RE-WEAR] [http-nio-8080-exec-2] o.s.security.web.FilterChainProxy        : Secured GET /api/deliveries
2025-12-09T12:37:38.966+09:00 DEBUG 24820 --- [RE-WEAR] [http-nio-8080-exec-2] o.s.web.servlet.DispatcherServlet        : GET "/api/deliveries", parameters={}
2025-12-09T12:37:38.966+09:00 DEBUG 24820 --- [RE-WEAR] [http-nio-8080-exec-2] s.w.s.m.m.a.RequestMappingHandlerMapping : Mapped to com.rewear.delivery.controller.DeliveryApiController#getDeliveries(CustomUserDetails)
2025-12-09T12:37:38.966+09:00 DEBUG 24820 --- [RE-WEAR] [http-nio-8080-exec-2] horizationManagerBeforeMethodInterceptor : Authorizing method invocation ReflectiveMethodInvocation: public org.springframework.http.ResponseEntity com.rewear.delivery.controller.DeliveryApiController.getDeliveries(com.rewear.user.details.CustomUserDetails); target is of class [com.rewear.delivery.controller.DeliveryApiController]
2025-12-09T12:37:38.968+09:00 DEBUG 24820 --- [RE-WEAR] [http-nio-8080-exec-2] horizationManagerBeforeMethodInterceptor : Authorized method invocation ReflectiveMethodInvocation: public org.springframework.http.ResponseEntity com.rewear.delivery.controller.DeliveryApiController.getDeliveries(com.rewear.user.details.CustomUserDetails); target is of class [com.rewear.delivery.controller.DeliveryApiController]
2025-12-09T12:37:38.978+09:00  INFO 24820 --- [RE-WEAR] [http-nio-8080-exec-2] c.r.d.controller.DeliveryApiController   : 기관 배송 목록 조회 시작 - 기관명: dongwook, organId: 2
2025-12-09T12:37:38.991+09:00  INFO 24820 --- [RE-WEAR] [http-nio-8080-exec-2] c.r.d.controller.DeliveryApiController   : 기관에 할당된 배송 정보가 있는 기부 개수: 6
2025-12-09T12:37:38.998+09:00  INFO 24820 --- [RE-WEAR] [http-nio-8080-exec-2] c.r.d.controller.DeliveryApiController   : 기관 배송 목록 조회 완료 - 기관명: dongwook, 배송 개수: 6
2025-12-09T12:37:39.004+09:00 DEBUG 24820 --- [RE-WEAR] [http-nio-8080-exec-2] o.s.w.s.m.m.a.HttpEntityMethodProcessor  : Using 'application/json', given [*/*] and supported [application/json, application/*+json]
2025-12-09T12:37:39.004+09:00 DEBUG 24820 --- [RE-WEAR] [http-nio-8080-exec-2] o.s.w.s.m.m.a.HttpEntityMethodProcessor  : Writing [{deliveries=[{senderAddress=서울시 강남구 테헤란로 123, receiverName=dongwook, receiverDetailAddress=null, del (truncated)...]
2025-12-09T12:37:39.026+09:00 DEBUG 24820 --- [RE-WEAR] [http-nio-8080-exec-1] o.s.security.web.FilterChainProxy        : Securing GET /api/deliveries
2025-12-09T12:37:39.027+09:00 DEBUG 24820 --- [RE-WEAR] [http-nio-8080-exec-1] w.c.HttpSessionSecurityContextRepository : Retrieved SecurityContextImpl [Authentication=UsernamePasswordAuthenticationToken [Principal=com.rewear.user.details.CustomUserDetails@33b7613d, Credentials=[PROTECTED], Authenticated=true, Details=null, Granted Authorities=[ROLE_ORGAN]]]
2025-12-09T12:37:39.027+09:00 DEBUG 24820 --- [RE-WEAR] [http-nio-8080-exec-1] o.s.security.web.FilterChainProxy        : Secured GET /api/deliveries
2025-12-09T12:37:39.027+09:00 DEBUG 24820 --- [RE-WEAR] [http-nio-8080-exec-1] o.s.web.servlet.DispatcherServlet        : GET "/api/deliveries", parameters={}
2025-12-09T12:37:39.027+09:00 DEBUG 24820 --- [RE-WEAR] [http-nio-8080-exec-1] s.w.s.m.m.a.RequestMappingHandlerMapping : Mapped to com.rewear.delivery.controller.DeliveryApiController#getDeliveries(CustomUserDetails)
2025-12-09T12:37:39.083+09:00 DEBUG 24820 --- [RE-WEAR] [http-nio-8080-exec-2] o.s.web.servlet.DispatcherServlet        : Completed 200 OK
2025-12-09T12:37:39.086+09:00 DEBUG 24820 --- [RE-WEAR] [http-nio-8080-exec-1] horizationManagerBeforeMethodInterceptor : Authorizing method invocation ReflectiveMethodInvocation: public org.springframework.http.ResponseEntity com.rewear.delivery.controller.DeliveryApiController.getDeliveries(com.rewear.user.details.CustomUserDetails); target is of class [com.rewear.delivery.controller.DeliveryApiController]
2025-12-09T12:37:39.102+09:00 DEBUG 24820 --- [RE-WEAR] [http-nio-8080-exec-1] horizationManagerBeforeMethodInterceptor : Authorized method invocation ReflectiveMethodInvocation: public org.springframework.http.ResponseEntity com.rewear.delivery.controller.DeliveryApiController.getDeliveries(com.rewear.user.details.CustomUserDetails); target is of class [com.rewear.delivery.controller.DeliveryApiController]
2025-12-09T12:37:39.119+09:00  INFO 24820 --- [RE-WEAR] [http-nio-8080-exec-1] c.r.d.controller.DeliveryApiController   : 기관 배송 목록 조회 시작 - 기관명: dongwook, organId: 2
2025-12-09T12:37:39.138+09:00  INFO 24820 --- [RE-WEAR] [http-nio-8080-exec-1] c.r.d.controller.DeliveryApiController   : 기관에 할당된 배송 정보가 있는 기부 개수: 6
2025-12-09T12:37:39.138+09:00  INFO 24820 --- [RE-WEAR] [http-nio-8080-exec-1] c.r.d.controller.DeliveryApiController   : 기관 배송 목록 조회 완료 - 기관명: dongwook, 배송 개수: 6
2025-12-09T12:37:39.139+09:00 DEBUG 24820 --- [RE-WEAR] [http-nio-8080-exec-1] o.s.w.s.m.m.a.HttpEntityMethodProcessor  : Using 'application/json', given [*/*] and supported [application/json, application/*+json]
2025-12-09T12:37:39.139+09:00 DEBUG 24820 --- [RE-WEAR] [http-nio-8080-exec-1] o.s.w.s.m.m.a.HttpEntityMethodProcessor  : Writing [{deliveries=[{senderAddress=서울시 강남구 테헤란로 123, receiverName=dongwook, receiverDetailAddress=null, del (truncated)...]
2025-12-09T12:37:39.139+09:00 DEBUG 24820 --- [RE-WEAR] [http-nio-8080-exec-1] o.s.web.servlet.DispatcherServlet        : Completed 200 OK
2025-12-09T12:37:41.899+09:00 DEBUG 24820 --- [RE-WEAR] [http-nio-8080-exec-5] o.s.security.web.FilterChainProxy        : Securing GET /api/organs/donations/completed
2025-12-09T12:37:41.899+09:00 DEBUG 24820 --- [RE-WEAR] [http-nio-8080-exec-10] o.s.security.web.FilterChainProxy        : Securing GET /api/organs/donations
2025-12-09T12:37:41.900+09:00 DEBUG 24820 --- [RE-WEAR] [http-nio-8080-exec-5] w.c.HttpSessionSecurityContextRepository : Retrieved SecurityContextImpl [Authentication=UsernamePasswordAuthenticationToken [Principal=com.rewear.user.details.CustomUserDetails@33b7613d, Credentials=[PROTECTED], Authenticated=true, Details=null, Granted Authorities=[ROLE_ORGAN]]]
2025-12-09T12:37:41.900+09:00 DEBUG 24820 --- [RE-WEAR] [http-nio-8080-exec-5] o.s.security.web.FilterChainProxy        : Secured GET /api/organs/donations/completed
2025-12-09T12:37:41.900+09:00 DEBUG 24820 --- [RE-WEAR] [http-nio-8080-exec-5] o.s.web.servlet.DispatcherServlet        : GET "/api/organs/donations/completed", parameters={}
2025-12-09T12:37:41.900+09:00 DEBUG 24820 --- [RE-WEAR] [http-nio-8080-exec-10] w.c.HttpSessionSecurityContextRepository : Retrieved SecurityContextImpl [Authentication=UsernamePasswordAuthenticationToken [Principal=com.rewear.user.details.CustomUserDetails@33b7613d, Credentials=[PROTECTED], Authenticated=true, Details=null, Granted Authorities=[ROLE_ORGAN]]]
2025-12-09T12:37:41.901+09:00 DEBUG 24820 --- [RE-WEAR] [http-nio-8080-exec-10] o.s.security.web.FilterChainProxy        : Secured GET /api/organs/donations
2025-12-09T12:37:41.901+09:00 DEBUG 24820 --- [RE-WEAR] [http-nio-8080-exec-10] o.s.web.servlet.DispatcherServlet        : GET "/api/organs/donations", parameters={}
2025-12-09T12:37:41.901+09:00 DEBUG 24820 --- [RE-WEAR] [http-nio-8080-exec-10] s.w.s.m.m.a.RequestMappingHandlerMapping : Mapped to com.rewear.organ.controller.OrganApiController#getOrganDonations(CustomUserDetails)
2025-12-09T12:37:41.901+09:00 DEBUG 24820 --- [RE-WEAR] [http-nio-8080-exec-5] s.w.s.m.m.a.RequestMappingHandlerMapping : Mapped to com.rewear.organ.controller.OrganApiController#getCompletedDonations(CustomUserDetails)
2025-12-09T12:37:41.901+09:00 DEBUG 24820 --- [RE-WEAR] [http-nio-8080-exec-10] horizationManagerBeforeMethodInterceptor : Authorizing method invocation ReflectiveMethodInvocation: public org.springframework.http.ResponseEntity com.rewear.organ.controller.OrganApiController.getOrganDonations(com.rewear.user.details.CustomUserDetails); target is of class [com.rewear.organ.controller.OrganApiController]
2025-12-09T12:37:41.901+09:00 DEBUG 24820 --- [RE-WEAR] [http-nio-8080-exec-5] horizationManagerBeforeMethodInterceptor : Authorizing method invocation ReflectiveMethodInvocation: public org.springframework.http.ResponseEntity com.rewear.organ.controller.OrganApiController.getCompletedDonations(com.rewear.user.details.CustomUserDetails); target is of class [com.rewear.organ.controller.OrganApiController]
2025-12-09T12:37:41.902+09:00 DEBUG 24820 --- [RE-WEAR] [http-nio-8080-exec-10] horizationManagerBeforeMethodInterceptor : Authorized method invocation ReflectiveMethodInvocation: public org.springframework.http.ResponseEntity com.rewear.organ.controller.OrganApiController.getOrganDonations(com.rewear.user.details.CustomUserDetails); target is of class [com.rewear.organ.controller.OrganApiController]
2025-12-09T12:37:41.902+09:00 DEBUG 24820 --- [RE-WEAR] [http-nio-8080-exec-5] horizationManagerBeforeMethodInterceptor : Authorized method invocation ReflectiveMethodInvocation: public org.springframework.http.ResponseEntity com.rewear.organ.controller.OrganApiController.getCompletedDonations(com.rewear.user.details.CustomUserDetails); target is of class [com.rewear.organ.controller.OrganApiController]
2025-12-09T12:37:41.928+09:00 DEBUG 24820 --- [RE-WEAR] [http-nio-8080-exec-5] o.s.w.s.m.m.a.HttpEntityMethodProcessor  : Using 'application/json', given [*/*] and supported [application/json, application/*+json]
2025-12-09T12:37:41.929+09:00 DEBUG 24820 --- [RE-WEAR] [http-nio-8080-exec-5] o.s.w.s.m.m.a.HttpEntityMethodProcessor  : Writing [{donations=[{date=2025-12-08, donorName=일반 사용자, delivery={senderPhone=01012345678, receiverAddress=경 (truncated)...]
2025-12-09T12:37:41.929+09:00 DEBUG 24820 --- [RE-WEAR] [http-nio-8080-exec-5] o.s.web.servlet.DispatcherServlet        : Completed 200 OK
2025-12-09T12:37:41.938+09:00 DEBUG 24820 --- [RE-WEAR] [http-nio-8080-exec-10] o.s.w.s.m.m.a.HttpEntityMethodProcessor  : Using 'application/json', given [*/*] and supported [application/json, application/*+json]
2025-12-09T12:37:41.938+09:00 DEBUG 24820 --- [RE-WEAR] [http-nio-8080-exec-10] o.s.w.s.m.m.a.HttpEntityMethodProcessor  : Writing [{donations=[], count=0}]
2025-12-09T12:37:41.938+09:00 DEBUG 24820 --- [RE-WEAR] [http-nio-8080-exec-10] o.s.web.servlet.DispatcherServlet        : Completed 200 OK
2025-12-09T12:37:41.938+09:00 DEBUG 24820 --- [RE-WEAR] [http-nio-8080-exec-6] o.s.security.web.FilterChainProxy        : Securing GET /api/organs/donations/completed
2025-12-09T12:37:41.939+09:00 DEBUG 24820 --- [RE-WEAR] [http-nio-8080-exec-6] w.c.HttpSessionSecurityContextRepository : Retrieved SecurityContextImpl [Authentication=UsernamePasswordAuthenticationToken [Principal=com.rewear.user.details.CustomUserDetails@33b7613d, Credentials=[PROTECTED], Authenticated=true, Details=null, Granted Authorities=[ROLE_ORGAN]]]
2025-12-09T12:37:41.939+09:00 DEBUG 24820 --- [RE-WEAR] [http-nio-8080-exec-6] o.s.security.web.FilterChainProxy        : Secured GET /api/organs/donations/completed
2025-12-09T12:37:41.939+09:00 DEBUG 24820 --- [RE-WEAR] [http-nio-8080-exec-6] o.s.web.servlet.DispatcherServlet        : GET "/api/organs/donations/completed", parameters={}
2025-12-09T12:37:41.941+09:00 DEBUG 24820 --- [RE-WEAR] [http-nio-8080-exec-6] s.w.s.m.m.a.RequestMappingHandlerMapping : Mapped to com.rewear.organ.controller.OrganApiController#getCompletedDonations(CustomUserDetails)
2025-12-09T12:37:41.944+09:00 DEBUG 24820 --- [RE-WEAR] [http-nio-8080-exec-6] horizationManagerBeforeMethodInterceptor : Authorizing method invocation ReflectiveMethodInvocation: public org.springframework.http.ResponseEntity com.rewear.organ.controller.OrganApiController.getCompletedDonations(com.rewear.user.details.CustomUserDetails); target is of class [com.rewear.organ.controller.OrganApiController]
2025-12-09T12:37:41.945+09:00 DEBUG 24820 --- [RE-WEAR] [http-nio-8080-exec-6] horizationManagerBeforeMethodInterceptor : Authorized method invocation ReflectiveMethodInvocation: public org.springframework.http.ResponseEntity com.rewear.organ.controller.OrganApiController.getCompletedDonations(com.rewear.user.details.CustomUserDetails); target is of class [com.rewear.organ.controller.OrganApiController]
2025-12-09T12:37:41.949+09:00 DEBUG 24820 --- [RE-WEAR] [http-nio-8080-exec-4] o.s.security.web.FilterChainProxy        : Securing GET /api/organs/donations
2025-12-09T12:37:41.950+09:00 DEBUG 24820 --- [RE-WEAR] [http-nio-8080-exec-4] w.c.HttpSessionSecurityContextRepository : Retrieved SecurityContextImpl [Authentication=UsernamePasswordAuthenticationToken [Principal=com.rewear.user.details.CustomUserDetails@33b7613d, Credentials=[PROTECTED], Authenticated=true, Details=null, Granted Authorities=[ROLE_ORGAN]]]
2025-12-09T12:37:41.950+09:00 DEBUG 24820 --- [RE-WEAR] [http-nio-8080-exec-4] o.s.security.web.FilterChainProxy        : Secured GET /api/organs/donations
2025-12-09T12:37:41.950+09:00 DEBUG 24820 --- [RE-WEAR] [http-nio-8080-exec-4] o.s.web.servlet.DispatcherServlet        : GET "/api/organs/donations", parameters={}
2025-12-09T12:37:41.950+09:00 DEBUG 24820 --- [RE-WEAR] [http-nio-8080-exec-4] s.w.s.m.m.a.RequestMappingHandlerMapping : Mapped to com.rewear.organ.controller.OrganApiController#getOrganDonations(CustomUserDetails)
2025-12-09T12:37:41.950+09:00 DEBUG 24820 --- [RE-WEAR] [http-nio-8080-exec-4] horizationManagerBeforeMethodInterceptor : Authorizing method invocation ReflectiveMethodInvocation: public org.springframework.http.ResponseEntity com.rewear.organ.controller.OrganApiController.getOrganDonations(com.rewear.user.details.CustomUserDetails); target is of class [com.rewear.organ.controller.OrganApiController]
2025-12-09T12:37:41.955+09:00 DEBUG 24820 --- [RE-WEAR] [http-nio-8080-exec-4] horizationManagerBeforeMethodInterceptor : Authorized method invocation ReflectiveMethodInvocation: public org.springframework.http.ResponseEntity com.rewear.organ.controller.OrganApiController.getOrganDonations(com.rewear.user.details.CustomUserDetails); target is of class [com.rewear.organ.controller.OrganApiController]
2025-12-09T12:37:41.988+09:00 DEBUG 24820 --- [RE-WEAR] [http-nio-8080-exec-6] o.s.w.s.m.m.a.HttpEntityMethodProcessor  : Using 'application/json', given [*/*] and supported [application/json, application/*+json]
2025-12-09T12:37:41.989+09:00 DEBUG 24820 --- [RE-WEAR] [http-nio-8080-exec-6] o.s.w.s.m.m.a.HttpEntityMethodProcessor  : Writing [{donations=[{date=2025-12-08, donorName=일반 사용자, delivery={senderPhone=01012345678, receiverAddress=경 (truncated)...]
2025-12-09T12:37:41.989+09:00 DEBUG 24820 --- [RE-WEAR] [http-nio-8080-exec-6] o.s.web.servlet.DispatcherServlet        : Completed 200 OK
2025-12-09T12:37:41.994+09:00 DEBUG 24820 --- [RE-WEAR] [http-nio-8080-exec-4] o.s.w.s.m.m.a.HttpEntityMethodProcessor  : Using 'application/json', given [*/*] and supported [application/json, application/*+json]
2025-12-09T12:37:41.995+09:00 DEBUG 24820 --- [RE-WEAR] [http-nio-8080-exec-4] o.s.w.s.m.m.a.HttpEntityMethodProcessor  : Writing [{donations=[], count=0}]
2025-12-09T12:37:41.998+09:00 DEBUG 24820 --- [RE-WEAR] [http-nio-8080-exec-4] o.s.web.servlet.DispatcherServlet        : Completed 200 OK
2025-12-09T12:37:46.818+09:00 DEBUG 24820 --- [RE-WEAR] [http-nio-8080-exec-9] o.s.security.web.FilterChainProxy        : Securing GET /api/deliveries
2025-12-09T12:37:46.821+09:00 DEBUG 24820 --- [RE-WEAR] [http-nio-8080-exec-9] w.c.HttpSessionSecurityContextRepository : Retrieved SecurityContextImpl [Authentication=UsernamePasswordAuthenticationToken [Principal=com.rewear.user.details.CustomUserDetails@33b7613d, Credentials=[PROTECTED], Authenticated=true, Details=null, Granted Authorities=[ROLE_ORGAN]]]
2025-12-09T12:37:46.821+09:00 DEBUG 24820 --- [RE-WEAR] [http-nio-8080-exec-9] o.s.security.web.FilterChainProxy        : Secured GET /api/deliveries
2025-12-09T12:37:46.821+09:00 DEBUG 24820 --- [RE-WEAR] [http-nio-8080-exec-9] o.s.web.servlet.DispatcherServlet        : GET "/api/deliveries", parameters={}
2025-12-09T12:37:46.824+09:00 DEBUG 24820 --- [RE-WEAR] [http-nio-8080-exec-9] s.w.s.m.m.a.RequestMappingHandlerMapping : Mapped to com.rewear.delivery.controller.DeliveryApiController#getDeliveries(CustomUserDetails)
2025-12-09T12:37:46.826+09:00 DEBUG 24820 --- [RE-WEAR] [http-nio-8080-exec-9] horizationManagerBeforeMethodInterceptor : Authorizing method invocation ReflectiveMethodInvocation: public org.springframework.http.ResponseEntity com.rewear.delivery.controller.DeliveryApiController.getDeliveries(com.rewear.user.details.CustomUserDetails); target is of class [com.rewear.delivery.controller.DeliveryApiController]
2025-12-09T12:37:46.828+09:00 DEBUG 24820 --- [RE-WEAR] [http-nio-8080-exec-9] horizationManagerBeforeMethodInterceptor : Authorized method invocation ReflectiveMethodInvocation: public org.springframework.http.ResponseEntity com.rewear.delivery.controller.DeliveryApiController.getDeliveries(com.rewear.user.details.CustomUserDetails); target is of class [com.rewear.delivery.controller.DeliveryApiController]
2025-12-09T12:37:46.841+09:00  INFO 24820 --- [RE-WEAR] [http-nio-8080-exec-9] c.r.d.controller.DeliveryApiController   : 기관 배송 목록 조회 시작 - 기관명: dongwook, organId: 2
2025-12-09T12:37:46.850+09:00  INFO 24820 --- [RE-WEAR] [http-nio-8080-exec-9] c.r.d.controller.DeliveryApiController   : 기관에 할당된 배송 정보가 있는 기부 개수: 6
2025-12-09T12:37:46.850+09:00  INFO 24820 --- [RE-WEAR] [http-nio-8080-exec-9] c.r.d.controller.DeliveryApiController   : 기관 배송 목록 조회 완료 - 기관명: dongwook, 배송 개수: 6
2025-12-09T12:37:46.851+09:00 DEBUG 24820 --- [RE-WEAR] [http-nio-8080-exec-9] o.s.w.s.m.m.a.HttpEntityMethodProcessor  : Using 'application/json', given [*/*] and supported [application/json, application/*+json]
2025-12-09T12:37:46.851+09:00 DEBUG 24820 --- [RE-WEAR] [http-nio-8080-exec-9] o.s.w.s.m.m.a.HttpEntityMethodProcessor  : Writing [{deliveries=[{senderAddress=서울시 강남구 테헤란로 123, receiverName=dongwook, receiverDetailAddress=null, del (truncated)...]
2025-12-09T12:37:46.853+09:00 DEBUG 24820 --- [RE-WEAR] [http-nio-8080-exec-9] o.s.web.servlet.DispatcherServlet        : Completed 200 OK
2025-12-09T12:37:46.860+09:00 DEBUG 24820 --- [RE-WEAR] [http-nio-8080-exec-7] o.s.security.web.FilterChainProxy        : Securing GET /api/deliveries
2025-12-09T12:37:46.861+09:00 DEBUG 24820 --- [RE-WEAR] [http-nio-8080-exec-7] w.c.HttpSessionSecurityContextRepository : Retrieved SecurityContextImpl [Authentication=UsernamePasswordAuthenticationToken [Principal=com.rewear.user.details.CustomUserDetails@33b7613d, Credentials=[PROTECTED], Authenticated=true, Details=null, Granted Authorities=[ROLE_ORGAN]]]
2025-12-09T12:37:46.861+09:00 DEBUG 24820 --- [RE-WEAR] [http-nio-8080-exec-7] o.s.security.web.FilterChainProxy        : Secured GET /api/deliveries
2025-12-09T12:37:46.861+09:00 DEBUG 24820 --- [RE-WEAR] [http-nio-8080-exec-7] o.s.web.servlet.DispatcherServlet        : GET "/api/deliveries", parameters={}
2025-12-09T12:37:46.862+09:00 DEBUG 24820 --- [RE-WEAR] [http-nio-8080-exec-7] s.w.s.m.m.a.RequestMappingHandlerMapping : Mapped to com.rewear.delivery.controller.DeliveryApiController#getDeliveries(CustomUserDetails)
2025-12-09T12:37:46.862+09:00 DEBUG 24820 --- [RE-WEAR] [http-nio-8080-exec-7] horizationManagerBeforeMethodInterceptor : Authorizing method invocation ReflectiveMethodInvocation: public org.springframework.http.ResponseEntity com.rewear.delivery.controller.DeliveryApiController.getDeliveries(com.rewear.user.details.CustomUserDetails); target is of class [com.rewear.delivery.controller.DeliveryApiController]
2025-12-09T12:37:46.863+09:00 DEBUG 24820 --- [RE-WEAR] [http-nio-8080-exec-7] horizationManagerBeforeMethodInterceptor : Authorized method invocation ReflectiveMethodInvocation: public org.springframework.http.ResponseEntity com.rewear.delivery.controller.DeliveryApiController.getDeliveries(com.rewear.user.details.CustomUserDetails); target is of class [com.rewear.delivery.controller.DeliveryApiController]
2025-12-09T12:37:46.870+09:00  INFO 24820 --- [RE-WEAR] [http-nio-8080-exec-7] c.r.d.controller.DeliveryApiController   : 기관 배송 목록 조회 시작 - 기관명: dongwook, organId: 2
2025-12-09T12:37:46.877+09:00  INFO 24820 --- [RE-WEAR] [http-nio-8080-exec-7] c.r.d.controller.DeliveryApiController   : 기관에 할당된 배송 정보가 있는 기부 개수: 6
2025-12-09T12:37:46.878+09:00  INFO 24820 --- [RE-WEAR] [http-nio-8080-exec-7] c.r.d.controller.DeliveryApiController   : 기관 배송 목록 조회 완료 - 기관명: dongwook, 배송 개수: 6
2025-12-09T12:37:46.878+09:00 DEBUG 24820 --- [RE-WEAR] [http-nio-8080-exec-7] o.s.w.s.m.m.a.HttpEntityMethodProcessor  : Using 'application/json', given [*/*] and supported [application/json, application/*+json]
2025-12-09T12:37:46.879+09:00 DEBUG 24820 --- [RE-WEAR] [http-nio-8080-exec-7] o.s.w.s.m.m.a.HttpEntityMethodProcessor  : Writing [{deliveries=[{senderAddress=서울시 강남구 테헤란로 123, receiverName=dongwook, receiverDetailAddress=null, del (truncated)...]
2025-12-09T12:37:46.879+09:00 DEBUG 24820 --- [RE-WEAR] [http-nio-8080-exec-7] o.s.web.servlet.DispatcherServlet        : Completed 200 OK
2025-12-09T12:37:49.417+09:00 DEBUG 24820 --- [RE-WEAR] [http-nio-8080-exec-8] o.s.security.web.FilterChainProxy        : Securing GET /api/users/me
2025-12-09T12:37:49.417+09:00 DEBUG 24820 --- [RE-WEAR] [http-nio-8080-exec-8] w.c.HttpSessionSecurityContextRepository : Retrieved SecurityContextImpl [Authentication=UsernamePasswordAuthenticationToken [Principal=com.rewear.user.details.CustomUserDetails@33b7613d, Credentials=[PROTECTED], Authenticated=true, Details=null, Granted Authorities=[ROLE_ORGAN]]]
2025-12-09T12:37:49.417+09:00 DEBUG 24820 --- [RE-WEAR] [http-nio-8080-exec-8] o.s.security.web.FilterChainProxy        : Secured GET /api/users/me
2025-12-09T12:37:49.418+09:00 DEBUG 24820 --- [RE-WEAR] [http-nio-8080-exec-8] o.s.web.servlet.DispatcherServlet        : GET "/api/users/me", parameters={}
2025-12-09T12:37:49.418+09:00 DEBUG 24820 --- [RE-WEAR] [http-nio-8080-exec-8] s.w.s.m.m.a.RequestMappingHandlerMapping : Mapped to com.rewear.user.controller.UserController#getCurrentUser(Principal)
2025-12-09T12:37:49.423+09:00 DEBUG 24820 --- [RE-WEAR] [http-nio-8080-exec-8] o.s.w.s.m.m.a.HttpEntityMethodProcessor  : Using 'application/json', given [*/*] and supported [application/json, application/*+json]
2025-12-09T12:37:49.423+09:00 DEBUG 24820 --- [RE-WEAR] [http-nio-8080-exec-8] o.s.w.s.m.m.a.HttpEntityMethodProcessor  : Writing [{user={phone=01058489652, nickname=dongwook, email=dongwook@example.com, name=dongwook, id=5, role=기 (truncated)...]
2025-12-09T12:37:49.424+09:00 DEBUG 24820 --- [RE-WEAR] [http-nio-8080-exec-8] o.s.web.servlet.DispatcherServlet        : Completed 200 OK
2025-12-09T12:37:49.433+09:00 DEBUG 24820 --- [RE-WEAR] [http-nio-8080-exec-3] o.s.security.web.FilterChainProxy        : Securing GET /api/users/me
2025-12-09T12:37:49.433+09:00 DEBUG 24820 --- [RE-WEAR] [http-nio-8080-exec-2] o.s.security.web.FilterChainProxy        : Securing GET /api/notifications/unread-count
2025-12-09T12:37:49.433+09:00 DEBUG 24820 --- [RE-WEAR] [http-nio-8080-exec-3] w.c.HttpSessionSecurityContextRepository : Retrieved SecurityContextImpl [Authentication=UsernamePasswordAuthenticationToken [Principal=com.rewear.user.details.CustomUserDetails@33b7613d, Credentials=[PROTECTED], Authenticated=true, Details=null, Granted Authorities=[ROLE_ORGAN]]]
2025-12-09T12:37:49.433+09:00 DEBUG 24820 --- [RE-WEAR] [http-nio-8080-exec-2] w.c.HttpSessionSecurityContextRepository : Retrieved SecurityContextImpl [Authentication=UsernamePasswordAuthenticationToken [Principal=com.rewear.user.details.CustomUserDetails@33b7613d, Credentials=[PROTECTED], Authenticated=true, Details=null, Granted Authorities=[ROLE_ORGAN]]]
2025-12-09T12:37:49.433+09:00 DEBUG 24820 --- [RE-WEAR] [http-nio-8080-exec-3] o.s.security.web.FilterChainProxy        : Secured GET /api/users/me
2025-12-09T12:37:49.434+09:00 DEBUG 24820 --- [RE-WEAR] [http-nio-8080-exec-2] o.s.security.web.FilterChainProxy        : Secured GET /api/notifications/unread-count
2025-12-09T12:37:49.434+09:00 DEBUG 24820 --- [RE-WEAR] [http-nio-8080-exec-3] o.s.web.servlet.DispatcherServlet        : GET "/api/users/me", parameters={}
2025-12-09T12:37:49.434+09:00 DEBUG 24820 --- [RE-WEAR] [http-nio-8080-exec-2] o.s.web.servlet.DispatcherServlet        : GET "/api/notifications/unread-count", parameters={}
2025-12-09T12:37:49.434+09:00 DEBUG 24820 --- [RE-WEAR] [http-nio-8080-exec-3] s.w.s.m.m.a.RequestMappingHandlerMapping : Mapped to com.rewear.user.controller.UserController#getCurrentUser(Principal)
2025-12-09T12:37:49.434+09:00 DEBUG 24820 --- [RE-WEAR] [http-nio-8080-exec-2] s.w.s.m.m.a.RequestMappingHandlerMapping : Mapped to com.rewear.notification.controller.NotificationApiController#getUnreadCount(CustomUserDetails)
2025-12-09T12:37:49.434+09:00 DEBUG 24820 --- [RE-WEAR] [http-nio-8080-exec-2] horizationManagerBeforeMethodInterceptor : Authorizing method invocation ReflectiveMethodInvocation: public org.springframework.http.ResponseEntity com.rewear.notification.controller.NotificationApiController.getUnreadCount(com.rewear.user.details.CustomUserDetails); target is of class [com.rewear.notification.controller.NotificationApiController]
2025-12-09T12:37:49.435+09:00 DEBUG 24820 --- [RE-WEAR] [http-nio-8080-exec-2] horizationManagerBeforeMethodInterceptor : Authorized method invocation ReflectiveMethodInvocation: public org.springframework.http.ResponseEntity com.rewear.notification.controller.NotificationApiController.getUnreadCount(com.rewear.user.details.CustomUserDetails); target is of class [com.rewear.notification.controller.NotificationApiController]
2025-12-09T12:37:49.438+09:00 DEBUG 24820 --- [RE-WEAR] [http-nio-8080-exec-3] o.s.w.s.m.m.a.HttpEntityMethodProcessor  : Using 'application/json', given [*/*] and supported [application/json, application/*+json]
2025-12-09T12:37:49.438+09:00 DEBUG 24820 --- [RE-WEAR] [http-nio-8080-exec-3] o.s.w.s.m.m.a.HttpEntityMethodProcessor  : Writing [{user={phone=01058489652, nickname=dongwook, email=dongwook@example.com, name=dongwook, id=5, role=기 (truncated)...]
2025-12-09T12:37:49.439+09:00 DEBUG 24820 --- [RE-WEAR] [http-nio-8080-exec-3] o.s.web.servlet.DispatcherServlet        : Completed 200 OK
2025-12-09T12:37:49.442+09:00 DEBUG 24820 --- [RE-WEAR] [http-nio-8080-exec-2] o.s.w.s.m.m.a.HttpEntityMethodProcessor  : Using 'application/json', given [*/*] and supported [application/json, application/*+json]
2025-12-09T12:37:49.443+09:00 DEBUG 24820 --- [RE-WEAR] [http-nio-8080-exec-2] o.s.w.s.m.m.a.HttpEntityMethodProcessor  : Writing [{unreadCount=5}]
2025-12-09T12:37:49.443+09:00 DEBUG 24820 --- [RE-WEAR] [http-nio-8080-exec-2] o.s.web.servlet.DispatcherServlet        : Completed 200 OK
2025-12-09T12:37:49.451+09:00 DEBUG 24820 --- [RE-WEAR] [http-nio-8080-exec-1] o.s.security.web.FilterChainProxy        : Securing GET /api/users/me
2025-12-09T12:37:49.452+09:00 DEBUG 24820 --- [RE-WEAR] [http-nio-8080-exec-1] w.c.HttpSessionSecurityContextRepository : Retrieved SecurityContextImpl [Authentication=UsernamePasswordAuthenticationToken [Principal=com.rewear.user.details.CustomUserDetails@33b7613d, Credentials=[PROTECTED], Authenticated=true, Details=null, Granted Authorities=[ROLE_ORGAN]]]
2025-12-09T12:37:49.452+09:00 DEBUG 24820 --- [RE-WEAR] [http-nio-8080-exec-1] o.s.security.web.FilterChainProxy        : Secured GET /api/users/me
2025-12-09T12:37:49.452+09:00 DEBUG 24820 --- [RE-WEAR] [http-nio-8080-exec-1] o.s.web.servlet.DispatcherServlet        : GET "/api/users/me", parameters={}
2025-12-09T12:37:49.452+09:00 DEBUG 24820 --- [RE-WEAR] [http-nio-8080-exec-1] s.w.s.m.m.a.RequestMappingHandlerMapping : Mapped to com.rewear.user.controller.UserController#getCurrentUser(Principal)
2025-12-09T12:37:49.462+09:00 DEBUG 24820 --- [RE-WEAR] [http-nio-8080-exec-1] o.s.w.s.m.m.a.HttpEntityMethodProcessor  : Using 'application/json', given [*/*] and supported [application/json, application/*+json]
2025-12-09T12:37:49.462+09:00 DEBUG 24820 --- [RE-WEAR] [http-nio-8080-exec-1] o.s.w.s.m.m.a.HttpEntityMethodProcessor  : Writing [{user={phone=01058489652, nickname=dongwook, email=dongwook@example.com, name=dongwook, id=5, role=기 (truncated)...]
2025-12-09T12:37:49.462+09:00 DEBUG 24820 --- [RE-WEAR] [http-nio-8080-exec-1] o.s.web.servlet.DispatcherServlet        : Completed 200 OK
2025-12-09T12:37:49.469+09:00 DEBUG 24820 --- [RE-WEAR] [http-nio-8080-exec-5] o.s.security.web.FilterChainProxy        : Securing GET /api/users/me
2025-12-09T12:37:49.469+09:00 DEBUG 24820 --- [RE-WEAR] [http-nio-8080-exec-5] w.c.HttpSessionSecurityContextRepository : Retrieved SecurityContextImpl [Authentication=UsernamePasswordAuthenticationToken [Principal=com.rewear.user.details.CustomUserDetails@33b7613d, Credentials=[PROTECTED], Authenticated=true, Details=null, Granted Authorities=[ROLE_ORGAN]]]
2025-12-09T12:37:49.469+09:00 DEBUG 24820 --- [RE-WEAR] [http-nio-8080-exec-5] o.s.security.web.FilterChainProxy        : Secured GET /api/users/me
2025-12-09T12:37:49.469+09:00 DEBUG 24820 --- [RE-WEAR] [http-nio-8080-exec-5] o.s.web.servlet.DispatcherServlet        : GET "/api/users/me", parameters={}
2025-12-09T12:37:49.469+09:00 DEBUG 24820 --- [RE-WEAR] [http-nio-8080-exec-5] s.w.s.m.m.a.RequestMappingHandlerMapping : Mapped to com.rewear.user.controller.UserController#getCurrentUser(Principal)
2025-12-09T12:37:49.473+09:00 DEBUG 24820 --- [RE-WEAR] [http-nio-8080-exec-5] o.s.w.s.m.m.a.HttpEntityMethodProcessor  : Using 'application/json', given [*/*] and supported [application/json, application/*+json]
2025-12-09T12:37:49.473+09:00 DEBUG 24820 --- [RE-WEAR] [http-nio-8080-exec-5] o.s.w.s.m.m.a.HttpEntityMethodProcessor  : Writing [{user={phone=01058489652, nickname=dongwook, email=dongwook@example.com, name=dongwook, id=5, role=기 (truncated)...]
2025-12-09T12:37:49.474+09:00 DEBUG 24820 --- [RE-WEAR] [http-nio-8080-exec-5] o.s.web.servlet.DispatcherServlet        : Completed 200 OK
2025-12-09T12:38:09.450+09:00 DEBUG 24820 --- [RE-WEAR] [http-nio-8080-exec-10] o.s.security.web.FilterChainProxy        : Securing GET /api/users/me
2025-12-09T12:38:09.451+09:00 DEBUG 24820 --- [RE-WEAR] [http-nio-8080-exec-10] w.c.HttpSessionSecurityContextRepository : Retrieved SecurityContextImpl [Authentication=UsernamePasswordAuthenticationToken [Principal=com.rewear.user.details.CustomUserDetails@33b7613d, Credentials=[PROTECTED], Authenticated=true, Details=null, Granted Authorities=[ROLE_ORGAN]]]
2025-12-09T12:38:09.451+09:00 DEBUG 24820 --- [RE-WEAR] [http-nio-8080-exec-10] o.s.security.web.FilterChainProxy        : Secured GET /api/users/me
2025-12-09T12:38:09.451+09:00 DEBUG 24820 --- [RE-WEAR] [http-nio-8080-exec-10] o.s.web.servlet.DispatcherServlet        : GET "/api/users/me", parameters={}
2025-12-09T12:38:09.451+09:00 DEBUG 24820 --- [RE-WEAR] [http-nio-8080-exec-10] s.w.s.m.m.a.RequestMappingHandlerMapping : Mapped to com.rewear.user.controller.UserController#getCurrentUser(Principal)
2025-12-09T12:38:09.459+09:00 DEBUG 24820 --- [RE-WEAR] [http-nio-8080-exec-10] o.s.w.s.m.m.a.HttpEntityMethodProcessor  : Using 'application/json', given [*/*] and supported [application/json, application/*+json]
2025-12-09T12:38:09.459+09:00 DEBUG 24820 --- [RE-WEAR] [http-nio-8080-exec-10] o.s.w.s.m.m.a.HttpEntityMethodProcessor  : Writing [{user={phone=01058489652, nickname=dongwook, email=dongwook@example.com, name=dongwook, id=5, role=기 (truncated)...]
2025-12-09T12:38:09.460+09:00 DEBUG 24820 --- [RE-WEAR] [http-nio-8080-exec-10] o.s.web.servlet.DispatcherServlet        : Completed 200 OK
2025-12-09T12:38:09.473+09:00 DEBUG 24820 --- [RE-WEAR] [http-nio-8080-exec-6] o.s.security.web.FilterChainProxy        : Securing GET /api/notifications/unread-count
2025-12-09T12:38:09.475+09:00 DEBUG 24820 --- [RE-WEAR] [http-nio-8080-exec-6] w.c.HttpSessionSecurityContextRepository : Retrieved SecurityContextImpl [Authentication=UsernamePasswordAuthenticationToken [Principal=com.rewear.user.details.CustomUserDetails@33b7613d, Credentials=[PROTECTED], Authenticated=true, Details=null, Granted Authorities=[ROLE_ORGAN]]]
2025-12-09T12:38:09.475+09:00 DEBUG 24820 --- [RE-WEAR] [http-nio-8080-exec-6] o.s.security.web.FilterChainProxy        : Secured GET /api/notifications/unread-count
2025-12-09T12:38:09.475+09:00 DEBUG 24820 --- [RE-WEAR] [http-nio-8080-exec-6] o.s.web.servlet.DispatcherServlet        : GET "/api/notifications/unread-count", parameters={}
2025-12-09T12:38:09.475+09:00 DEBUG 24820 --- [RE-WEAR] [http-nio-8080-exec-6] s.w.s.m.m.a.RequestMappingHandlerMapping : Mapped to com.rewear.notification.controller.NotificationApiController#getUnreadCount(CustomUserDetails)
2025-12-09T12:38:09.476+09:00 DEBUG 24820 --- [RE-WEAR] [http-nio-8080-exec-6] horizationManagerBeforeMethodInterceptor : Authorizing method invocation ReflectiveMethodInvocation: public org.springframework.http.ResponseEntity com.rewear.notification.controller.NotificationApiController.getUnreadCount(com.rewear.user.details.CustomUserDetails); target is of class [com.rewear.notification.controller.NotificationApiController]
2025-12-09T12:38:09.476+09:00 DEBUG 24820 --- [RE-WEAR] [http-nio-8080-exec-6] horizationManagerBeforeMethodInterceptor : Authorized method invocation ReflectiveMethodInvocation: public org.springframework.http.ResponseEntity com.rewear.notification.controller.NotificationApiController.getUnreadCount(com.rewear.user.details.CustomUserDetails); target is of class [com.rewear.notification.controller.NotificationApiController]
2025-12-09T12:38:09.482+09:00 DEBUG 24820 --- [RE-WEAR] [http-nio-8080-exec-4] o.s.security.web.FilterChainProxy        : Securing GET /api/users/me
2025-12-09T12:38:09.483+09:00 DEBUG 24820 --- [RE-WEAR] [http-nio-8080-exec-4] w.c.HttpSessionSecurityContextRepository : Retrieved SecurityContextImpl [Authentication=UsernamePasswordAuthenticationToken [Principal=com.rewear.user.details.CustomUserDetails@33b7613d, Credentials=[PROTECTED], Authenticated=true, Details=null, Granted Authorities=[ROLE_ORGAN]]]
2025-12-09T12:38:09.483+09:00 DEBUG 24820 --- [RE-WEAR] [http-nio-8080-exec-4] o.s.security.web.FilterChainProxy        : Secured GET /api/users/me
2025-12-09T12:38:09.483+09:00 DEBUG 24820 --- [RE-WEAR] [http-nio-8080-exec-4] o.s.web.servlet.DispatcherServlet        : GET "/api/users/me", parameters={}
2025-12-09T12:38:09.483+09:00 DEBUG 24820 --- [RE-WEAR] [http-nio-8080-exec-4] s.w.s.m.m.a.RequestMappingHandlerMapping : Mapped to com.rewear.user.controller.UserController#getCurrentUser(Principal)
2025-12-09T12:38:09.486+09:00 DEBUG 24820 --- [RE-WEAR] [http-nio-8080-exec-6] o.s.w.s.m.m.a.HttpEntityMethodProcessor  : Using 'application/json', given [*/*] and supported [application/json, application/*+json]
2025-12-09T12:38:09.487+09:00 DEBUG 24820 --- [RE-WEAR] [http-nio-8080-exec-6] o.s.w.s.m.m.a.HttpEntityMethodProcessor  : Writing [{unreadCount=5}]
2025-12-09T12:38:09.487+09:00 DEBUG 24820 --- [RE-WEAR] [http-nio-8080-exec-6] o.s.web.servlet.DispatcherServlet        : Completed 200 OK
2025-12-09T12:38:09.491+09:00 DEBUG 24820 --- [RE-WEAR] [http-nio-8080-exec-4] o.s.w.s.m.m.a.HttpEntityMethodProcessor  : Using 'application/json', given [*/*] and supported [application/json, application/*+json]
2025-12-09T12:38:09.491+09:00 DEBUG 24820 --- [RE-WEAR] [http-nio-8080-exec-4] o.s.w.s.m.m.a.HttpEntityMethodProcessor  : Writing [{user={phone=01058489652, nickname=dongwook, email=dongwook@example.com, name=dongwook, id=5, role=기 (truncated)...]
2025-12-09T12:38:09.492+09:00 DEBUG 24820 --- [RE-WEAR] [http-nio-8080-exec-4] o.s.web.servlet.DispatcherServlet        : Completed 200 OK
2025-12-09T12:38:14.457+09:00 DEBUG 24820 --- [RE-WEAR] [http-nio-8080-exec-9] o.s.security.web.FilterChainProxy        : Securing GET /api/users/me
2025-12-09T12:38:14.459+09:00 DEBUG 24820 --- [RE-WEAR] [http-nio-8080-exec-9] w.c.HttpSessionSecurityContextRepository : Retrieved SecurityContextImpl [Authentication=UsernamePasswordAuthenticationToken [Principal=com.rewear.user.details.CustomUserDetails@33b7613d, Credentials=[PROTECTED], Authenticated=true, Details=null, Granted Authorities=[ROLE_ORGAN]]]
2025-12-09T12:38:14.459+09:00 DEBUG 24820 --- [RE-WEAR] [http-nio-8080-exec-9] o.s.security.web.FilterChainProxy        : Secured GET /api/users/me
2025-12-09T12:38:14.459+09:00 DEBUG 24820 --- [RE-WEAR] [http-nio-8080-exec-9] o.s.web.servlet.DispatcherServlet        : GET "/api/users/me", parameters={}
2025-12-09T12:38:14.460+09:00 DEBUG 24820 --- [RE-WEAR] [http-nio-8080-exec-9] s.w.s.m.m.a.RequestMappingHandlerMapping : Mapped to com.rewear.user.controller.UserController#getCurrentUser(Principal)
2025-12-09T12:38:14.466+09:00 DEBUG 24820 --- [RE-WEAR] [http-nio-8080-exec-9] o.s.w.s.m.m.a.HttpEntityMethodProcessor  : Using 'application/json', given [*/*] and supported [application/json, application/*+json]
2025-12-09T12:38:14.467+09:00 DEBUG 24820 --- [RE-WEAR] [http-nio-8080-exec-9] o.s.w.s.m.m.a.HttpEntityMethodProcessor  : Writing [{user={phone=01058489652, nickname=dongwook, email=dongwook@example.com, name=dongwook, id=5, role=기 (truncated)...]
2025-12-09T12:38:14.467+09:00 DEBUG 24820 --- [RE-WEAR] [http-nio-8080-exec-9] o.s.web.servlet.DispatcherServlet        : Completed 200 OK
2025-12-09T12:38:14.476+09:00 DEBUG 24820 --- [RE-WEAR] [http-nio-8080-exec-7] o.s.security.web.FilterChainProxy        : Securing GET /api/users/me
2025-12-09T12:38:14.476+09:00 DEBUG 24820 --- [RE-WEAR] [http-nio-8080-exec-8] o.s.security.web.FilterChainProxy        : Securing GET /api/notifications/unread-count
2025-12-09T12:38:14.477+09:00 DEBUG 24820 --- [RE-WEAR] [http-nio-8080-exec-7] w.c.HttpSessionSecurityContextRepository : Retrieved SecurityContextImpl [Authentication=UsernamePasswordAuthenticationToken [Principal=com.rewear.user.details.CustomUserDetails@33b7613d, Credentials=[PROTECTED], Authenticated=true, Details=null, Granted Authorities=[ROLE_ORGAN]]]
2025-12-09T12:38:14.477+09:00 DEBUG 24820 --- [RE-WEAR] [http-nio-8080-exec-8] w.c.HttpSessionSecurityContextRepository : Retrieved SecurityContextImpl [Authentication=UsernamePasswordAuthenticationToken [Principal=com.rewear.user.details.CustomUserDetails@33b7613d, Credentials=[PROTECTED], Authenticated=true, Details=null, Granted Authorities=[ROLE_ORGAN]]]
2025-12-09T12:38:14.477+09:00 DEBUG 24820 --- [RE-WEAR] [http-nio-8080-exec-8] o.s.security.web.FilterChainProxy        : Secured GET /api/notifications/unread-count
2025-12-09T12:38:14.477+09:00 DEBUG 24820 --- [RE-WEAR] [http-nio-8080-exec-7] o.s.security.web.FilterChainProxy        : Secured GET /api/users/me
2025-12-09T12:38:14.477+09:00 DEBUG 24820 --- [RE-WEAR] [http-nio-8080-exec-8] o.s.web.servlet.DispatcherServlet        : GET "/api/notifications/unread-count", parameters={}
2025-12-09T12:38:14.477+09:00 DEBUG 24820 --- [RE-WEAR] [http-nio-8080-exec-7] o.s.web.servlet.DispatcherServlet        : GET "/api/users/me", parameters={}
2025-12-09T12:38:14.478+09:00 DEBUG 24820 --- [RE-WEAR] [http-nio-8080-exec-8] s.w.s.m.m.a.RequestMappingHandlerMapping : Mapped to com.rewear.notification.controller.NotificationApiController#getUnreadCount(CustomUserDetails)
2025-12-09T12:38:14.478+09:00 DEBUG 24820 --- [RE-WEAR] [http-nio-8080-exec-7] s.w.s.m.m.a.RequestMappingHandlerMapping : Mapped to com.rewear.user.controller.UserController#getCurrentUser(Principal)
2025-12-09T12:38:14.478+09:00 DEBUG 24820 --- [RE-WEAR] [http-nio-8080-exec-8] horizationManagerBeforeMethodInterceptor : Authorizing method invocation ReflectiveMethodInvocation: public org.springframework.http.ResponseEntity com.rewear.notification.controller.NotificationApiController.getUnreadCount(com.rewear.user.details.CustomUserDetails); target is of class [com.rewear.notification.controller.NotificationApiController]
2025-12-09T12:38:14.479+09:00 DEBUG 24820 --- [RE-WEAR] [http-nio-8080-exec-8] horizationManagerBeforeMethodInterceptor : Authorized method invocation ReflectiveMethodInvocation: public org.springframework.http.ResponseEntity com.rewear.notification.controller.NotificationApiController.getUnreadCount(com.rewear.user.details.CustomUserDetails); target is of class [com.rewear.notification.controller.NotificationApiController]
2025-12-09T12:38:14.483+09:00 DEBUG 24820 --- [RE-WEAR] [http-nio-8080-exec-7] o.s.w.s.m.m.a.HttpEntityMethodProcessor  : Using 'application/json', given [*/*] and supported [application/json, application/*+json]
2025-12-09T12:38:14.484+09:00 DEBUG 24820 --- [RE-WEAR] [http-nio-8080-exec-7] o.s.w.s.m.m.a.HttpEntityMethodProcessor  : Writing [{user={phone=01058489652, nickname=dongwook, email=dongwook@example.com, name=dongwook, id=5, role=기 (truncated)...]
2025-12-09T12:38:14.485+09:00 DEBUG 24820 --- [RE-WEAR] [http-nio-8080-exec-7] o.s.web.servlet.DispatcherServlet        : Completed 200 OK
2025-12-09T12:38:14.487+09:00 DEBUG 24820 --- [RE-WEAR] [http-nio-8080-exec-8] o.s.w.s.m.m.a.HttpEntityMethodProcessor  : Using 'application/json', given [*/*] and supported [application/json, application/*+json]
2025-12-09T12:38:14.487+09:00 DEBUG 24820 --- [RE-WEAR] [http-nio-8080-exec-8] o.s.w.s.m.m.a.HttpEntityMethodProcessor  : Writing [{unreadCount=5}]
2025-12-09T12:38:14.487+09:00 DEBUG 24820 --- [RE-WEAR] [http-nio-8080-exec-8] o.s.web.servlet.DispatcherServlet        : Completed 200 OK
2025-12-09T12:38:14.491+09:00 DEBUG 24820 --- [RE-WEAR] [http-nio-8080-exec-3] o.s.security.web.FilterChainProxy        : Securing GET /api/users/me
2025-12-09T12:38:14.491+09:00 DEBUG 24820 --- [RE-WEAR] [http-nio-8080-exec-3] w.c.HttpSessionSecurityContextRepository : Retrieved SecurityContextImpl [Authentication=UsernamePasswordAuthenticationToken [Principal=com.rewear.user.details.CustomUserDetails@33b7613d, Credentials=[PROTECTED], Authenticated=true, Details=null, Granted Authorities=[ROLE_ORGAN]]]
2025-12-09T12:38:14.491+09:00 DEBUG 24820 --- [RE-WEAR] [http-nio-8080-exec-3] o.s.security.web.FilterChainProxy        : Secured GET /api/users/me
2025-12-09T12:38:14.491+09:00 DEBUG 24820 --- [RE-WEAR] [http-nio-8080-exec-3] o.s.web.servlet.DispatcherServlet        : GET "/api/users/me", parameters={}
2025-12-09T12:38:14.491+09:00 DEBUG 24820 --- [RE-WEAR] [http-nio-8080-exec-3] s.w.s.m.m.a.RequestMappingHandlerMapping : Mapped to com.rewear.user.controller.UserController#getCurrentUser(Principal)
2025-12-09T12:38:14.496+09:00 DEBUG 24820 --- [RE-WEAR] [http-nio-8080-exec-3] o.s.w.s.m.m.a.HttpEntityMethodProcessor  : Using 'application/json', given [*/*] and supported [application/json, application/*+json]
2025-12-09T12:38:14.496+09:00 DEBUG 24820 --- [RE-WEAR] [http-nio-8080-exec-3] o.s.w.s.m.m.a.HttpEntityMethodProcessor  : Writing [{user={phone=01058489652, nickname=dongwook, email=dongwook@example.com, name=dongwook, id=5, role=기 (truncated)...]
2025-12-09T12:38:14.497+09:00 DEBUG 24820 --- [RE-WEAR] [http-nio-8080-exec-3] o.s.web.servlet.DispatcherServlet        : Completed 200 OK
2025-12-09T12:38:14.503+09:00 DEBUG 24820 --- [RE-WEAR] [http-nio-8080-exec-2] o.s.security.web.FilterChainProxy        : Securing GET /api/users/me
2025-12-09T12:38:14.503+09:00 DEBUG 24820 --- [RE-WEAR] [http-nio-8080-exec-2] w.c.HttpSessionSecurityContextRepository : Retrieved SecurityContextImpl [Authentication=UsernamePasswordAuthenticationToken [Principal=com.rewear.user.details.CustomUserDetails@33b7613d, Credentials=[PROTECTED], Authenticated=true, Details=null, Granted Authorities=[ROLE_ORGAN]]]
2025-12-09T12:38:14.503+09:00 DEBUG 24820 --- [RE-WEAR] [http-nio-8080-exec-2] o.s.security.web.FilterChainProxy        : Secured GET /api/users/me
2025-12-09T12:38:14.503+09:00 DEBUG 24820 --- [RE-WEAR] [http-nio-8080-exec-2] o.s.web.servlet.DispatcherServlet        : GET "/api/users/me", parameters={}
2025-12-09T12:38:14.503+09:00 DEBUG 24820 --- [RE-WEAR] [http-nio-8080-exec-2] s.w.s.m.m.a.RequestMappingHandlerMapping : Mapped to com.rewear.user.controller.UserController#getCurrentUser(Principal)
2025-12-09T12:38:14.508+09:00 DEBUG 24820 --- [RE-WEAR] [http-nio-8080-exec-2] o.s.w.s.m.m.a.HttpEntityMethodProcessor  : Using 'application/json', given [*/*] and supported [application/json, application/*+json]
2025-12-09T12:38:14.508+09:00 DEBUG 24820 --- [RE-WEAR] [http-nio-8080-exec-2] o.s.w.s.m.m.a.HttpEntityMethodProcessor  : Writing [{user={phone=01058489652, nickname=dongwook, email=dongwook@example.com, name=dongwook, id=5, role=기 (truncated)...]
2025-12-09T12:38:14.509+09:00 DEBUG 24820 --- [RE-WEAR] [http-nio-8080-exec-2] o.s.web.servlet.DispatcherServlet        : Completed 200 OK
2025-12-09T12:38:14.513+09:00 DEBUG 24820 --- [RE-WEAR] [http-nio-8080-exec-1] o.s.security.web.FilterChainProxy        : Securing GET /api/users/me
2025-12-09T12:38:14.514+09:00 DEBUG 24820 --- [RE-WEAR] [http-nio-8080-exec-1] w.c.HttpSessionSecurityContextRepository : Retrieved SecurityContextImpl [Authentication=UsernamePasswordAuthenticationToken [Principal=com.rewear.user.details.CustomUserDetails@33b7613d, Credentials=[PROTECTED], Authenticated=true, Details=null, Granted Authorities=[ROLE_ORGAN]]]
2025-12-09T12:38:14.514+09:00 DEBUG 24820 --- [RE-WEAR] [http-nio-8080-exec-1] o.s.security.web.FilterChainProxy        : Secured GET /api/users/me
2025-12-09T12:38:14.514+09:00 DEBUG 24820 --- [RE-WEAR] [http-nio-8080-exec-1] o.s.web.servlet.DispatcherServlet        : GET "/api/users/me", parameters={}
2025-12-09T12:38:14.514+09:00 DEBUG 24820 --- [RE-WEAR] [http-nio-8080-exec-1] s.w.s.m.m.a.RequestMappingHandlerMapping : Mapped to com.rewear.user.controller.UserController#getCurrentUser(Principal)
2025-12-09T12:38:14.517+09:00 DEBUG 24820 --- [RE-WEAR] [http-nio-8080-exec-5] o.s.security.web.FilterChainProxy        : Securing GET /api/notifications/unread-count
2025-12-09T12:38:14.518+09:00 DEBUG 24820 --- [RE-WEAR] [http-nio-8080-exec-5] w.c.HttpSessionSecurityContextRepository : Retrieved SecurityContextImpl [Authentication=UsernamePasswordAuthenticationToken [Principal=com.rewear.user.details.CustomUserDetails@33b7613d, Credentials=[PROTECTED], Authenticated=true, Details=null, Granted Authorities=[ROLE_ORGAN]]]
2025-12-09T12:38:14.518+09:00 DEBUG 24820 --- [RE-WEAR] [http-nio-8080-exec-5] o.s.security.web.FilterChainProxy        : Secured GET /api/notifications/unread-count
2025-12-09T12:38:14.518+09:00 DEBUG 24820 --- [RE-WEAR] [http-nio-8080-exec-5] o.s.web.servlet.DispatcherServlet        : GET "/api/notifications/unread-count", parameters={}
2025-12-09T12:38:14.518+09:00 DEBUG 24820 --- [RE-WEAR] [http-nio-8080-exec-5] s.w.s.m.m.a.RequestMappingHandlerMapping : Mapped to com.rewear.notification.controller.NotificationApiController#getUnreadCount(CustomUserDetails)
2025-12-09T12:38:14.519+09:00 DEBUG 24820 --- [RE-WEAR] [http-nio-8080-exec-5] horizationManagerBeforeMethodInterceptor : Authorizing method invocation ReflectiveMethodInvocation: public org.springframework.http.ResponseEntity com.rewear.notification.controller.NotificationApiController.getUnreadCount(com.rewear.user.details.CustomUserDetails); target is of class [com.rewear.notification.controller.NotificationApiController]
2025-12-09T12:38:14.519+09:00 DEBUG 24820 --- [RE-WEAR] [http-nio-8080-exec-5] horizationManagerBeforeMethodInterceptor : Authorized method invocation ReflectiveMethodInvocation: public org.springframework.http.ResponseEntity com.rewear.notification.controller.NotificationApiController.getUnreadCount(com.rewear.user.details.CustomUserDetails); target is of class [com.rewear.notification.controller.NotificationApiController]
2025-12-09T12:38:14.521+09:00 DEBUG 24820 --- [RE-WEAR] [http-nio-8080-exec-1] o.s.w.s.m.m.a.HttpEntityMethodProcessor  : Using 'application/json', given [*/*] and supported [application/json, application/*+json]
2025-12-09T12:38:14.521+09:00 DEBUG 24820 --- [RE-WEAR] [http-nio-8080-exec-1] o.s.w.s.m.m.a.HttpEntityMethodProcessor  : Writing [{user={phone=01058489652, nickname=dongwook, email=dongwook@example.com, name=dongwook, id=5, role=기 (truncated)...]
2025-12-09T12:38:14.521+09:00 DEBUG 24820 --- [RE-WEAR] [http-nio-8080-exec-1] o.s.web.servlet.DispatcherServlet        : Completed 200 OK
2025-12-09T12:38:14.525+09:00 DEBUG 24820 --- [RE-WEAR] [http-nio-8080-exec-5] o.s.w.s.m.m.a.HttpEntityMethodProcessor  : Using 'application/json', given [*/*] and supported [application/json, application/*+json]
2025-12-09T12:38:14.525+09:00 DEBUG 24820 --- [RE-WEAR] [http-nio-8080-exec-5] o.s.w.s.m.m.a.HttpEntityMethodProcessor  : Writing [{unreadCount=5}]
2025-12-09T12:38:14.525+09:00 DEBUG 24820 --- [RE-WEAR] [http-nio-8080-exec-5] o.s.web.servlet.DispatcherServlet        : Completed 200 OK
2025-12-09T12:38:14.526+09:00 DEBUG 24820 --- [RE-WEAR] [http-nio-8080-exec-10] o.s.security.web.FilterChainProxy        : Securing GET /api/users/me
2025-12-09T12:38:14.526+09:00 DEBUG 24820 --- [RE-WEAR] [http-nio-8080-exec-10] w.c.HttpSessionSecurityContextRepository : Retrieved SecurityContextImpl [Authentication=UsernamePasswordAuthenticationToken [Principal=com.rewear.user.details.CustomUserDetails@33b7613d, Credentials=[PROTECTED], Authenticated=true, Details=null, Granted Authorities=[ROLE_ORGAN]]]
2025-12-09T12:38:14.526+09:00 DEBUG 24820 --- [RE-WEAR] [http-nio-8080-exec-10] o.s.security.web.FilterChainProxy        : Secured GET /api/users/me
2025-12-09T12:38:14.526+09:00 DEBUG 24820 --- [RE-WEAR] [http-nio-8080-exec-10] o.s.web.servlet.DispatcherServlet        : GET "/api/users/me", parameters={}
2025-12-09T12:38:14.527+09:00 DEBUG 24820 --- [RE-WEAR] [http-nio-8080-exec-10] s.w.s.m.m.a.RequestMappingHandlerMapping : Mapped to com.rewear.user.controller.UserController#getCurrentUser(Principal)
2025-12-09T12:38:14.531+09:00 DEBUG 24820 --- [RE-WEAR] [http-nio-8080-exec-10] o.s.w.s.m.m.a.HttpEntityMethodProcessor  : Using 'application/json', given [*/*] and supported [application/json, application/*+json]
2025-12-09T12:38:14.531+09:00 DEBUG 24820 --- [RE-WEAR] [http-nio-8080-exec-10] o.s.w.s.m.m.a.HttpEntityMethodProcessor  : Writing [{user={phone=01058489652, nickname=dongwook, email=dongwook@example.com, name=dongwook, id=5, role=기 (truncated)...]
2025-12-09T12:38:14.531+09:00 DEBUG 24820 --- [RE-WEAR] [http-nio-8080-exec-10] o.s.web.servlet.DispatcherServlet        : Completed 200 OK
2025-12-09T12:38:17.539+09:00 DEBUG 24820 --- [RE-WEAR] [http-nio-8080-exec-6] o.s.security.web.FilterChainProxy        : Securing GET /api/notifications
2025-12-09T12:38:17.542+09:00 DEBUG 24820 --- [RE-WEAR] [http-nio-8080-exec-6] w.c.HttpSessionSecurityContextRepository : Retrieved SecurityContextImpl [Authentication=UsernamePasswordAuthenticationToken [Principal=com.rewear.user.details.CustomUserDetails@33b7613d, Credentials=[PROTECTED], Authenticated=true, Details=null, Granted Authorities=[ROLE_ORGAN]]]
2025-12-09T12:38:17.542+09:00 DEBUG 24820 --- [RE-WEAR] [http-nio-8080-exec-6] o.s.security.web.FilterChainProxy        : Secured GET /api/notifications
2025-12-09T12:38:17.542+09:00 DEBUG 24820 --- [RE-WEAR] [http-nio-8080-exec-6] o.s.web.servlet.DispatcherServlet        : GET "/api/notifications", parameters={}
2025-12-09T12:38:17.542+09:00 DEBUG 24820 --- [RE-WEAR] [http-nio-8080-exec-6] s.w.s.m.m.a.RequestMappingHandlerMapping : Mapped to com.rewear.notification.controller.NotificationApiController#getNotifications(CustomUserDetails)
2025-12-09T12:38:17.543+09:00 DEBUG 24820 --- [RE-WEAR] [http-nio-8080-exec-6] horizationManagerBeforeMethodInterceptor : Authorizing method invocation ReflectiveMethodInvocation: public org.springframework.http.ResponseEntity com.rewear.notification.controller.NotificationApiController.getNotifications(com.rewear.user.details.CustomUserDetails); target is of class [com.rewear.notification.controller.NotificationApiController]
2025-12-09T12:38:17.543+09:00 DEBUG 24820 --- [RE-WEAR] [http-nio-8080-exec-6] horizationManagerBeforeMethodInterceptor : Authorized method invocation ReflectiveMethodInvocation: public org.springframework.http.ResponseEntity com.rewear.notification.controller.NotificationApiController.getNotifications(com.rewear.user.details.CustomUserDetails); target is of class [com.rewear.notification.controller.NotificationApiController]
2025-12-09T12:38:17.556+09:00 DEBUG 24820 --- [RE-WEAR] [http-nio-8080-exec-6] o.s.w.s.m.m.a.HttpEntityMethodProcessor  : Using 'application/json', given [*/*] and supported [application/json, application/*+json]
2025-12-09T12:38:17.556+09:00 DEBUG 24820 --- [RE-WEAR] [http-nio-8080-exec-6] o.s.w.s.m.m.a.HttpEntityMethodProcessor  : Writing [{unreadCount=5, notifications=[{date=2025-12-09T12:35:36.813347, relatedType=donation, read=false, d (truncated)...]
2025-12-09T12:38:17.556+09:00 DEBUG 24820 --- [RE-WEAR] [http-nio-8080-exec-6] o.s.web.servlet.DispatcherServlet        : Completed 200 OK
2025-12-09T12:38:17.566+09:00 DEBUG 24820 --- [RE-WEAR] [http-nio-8080-exec-4] o.s.security.web.FilterChainProxy        : Securing GET /api/notifications
2025-12-09T12:38:17.567+09:00 DEBUG 24820 --- [RE-WEAR] [http-nio-8080-exec-4] w.c.HttpSessionSecurityContextRepository : Retrieved SecurityContextImpl [Authentication=UsernamePasswordAuthenticationToken [Principal=com.rewear.user.details.CustomUserDetails@33b7613d, Credentials=[PROTECTED], Authenticated=true, Details=null, Granted Authorities=[ROLE_ORGAN]]]
2025-12-09T12:38:17.567+09:00 DEBUG 24820 --- [RE-WEAR] [http-nio-8080-exec-4] o.s.security.web.FilterChainProxy        : Secured GET /api/notifications
2025-12-09T12:38:17.567+09:00 DEBUG 24820 --- [RE-WEAR] [http-nio-8080-exec-4] o.s.web.servlet.DispatcherServlet        : GET "/api/notifications", parameters={}
2025-12-09T12:38:17.567+09:00 DEBUG 24820 --- [RE-WEAR] [http-nio-8080-exec-4] s.w.s.m.m.a.RequestMappingHandlerMapping : Mapped to com.rewear.notification.controller.NotificationApiController#getNotifications(CustomUserDetails)
2025-12-09T12:38:17.567+09:00 DEBUG 24820 --- [RE-WEAR] [http-nio-8080-exec-4] horizationManagerBeforeMethodInterceptor : Authorizing method invocation ReflectiveMethodInvocation: public org.springframework.http.ResponseEntity com.rewear.notification.controller.NotificationApiController.getNotifications(com.rewear.user.details.CustomUserDetails); target is of class [com.rewear.notification.controller.NotificationApiController]
2025-12-09T12:38:17.567+09:00 DEBUG 24820 --- [RE-WEAR] [http-nio-8080-exec-4] horizationManagerBeforeMethodInterceptor : Authorized method invocation ReflectiveMethodInvocation: public org.springframework.http.ResponseEntity com.rewear.notification.controller.NotificationApiController.getNotifications(com.rewear.user.details.CustomUserDetails); target is of class [com.rewear.notification.controller.NotificationApiController]
2025-12-09T12:38:17.576+09:00 DEBUG 24820 --- [RE-WEAR] [http-nio-8080-exec-4] o.s.w.s.m.m.a.HttpEntityMethodProcessor  : Using 'application/json', given [*/*] and supported [application/json, application/*+json]
2025-12-09T12:38:17.576+09:00 DEBUG 24820 --- [RE-WEAR] [http-nio-8080-exec-4] o.s.w.s.m.m.a.HttpEntityMethodProcessor  : Writing [{unreadCount=5, notifications=[{date=2025-12-09T12:35:36.813347, relatedType=donation, read=false, d (truncated)...]
2025-12-09T12:38:17.577+09:00 DEBUG 24820 --- [RE-WEAR] [http-nio-8080-exec-4] o.s.web.servlet.DispatcherServlet        : Completed 200 OK
2025-12-09T12:38:20.080+09:00 DEBUG 24820 --- [RE-WEAR] [http-nio-8080-exec-9] o.s.security.web.FilterChainProxy        : Securing POST /api/notifications/90/read
2025-12-09T12:38:20.084+09:00 DEBUG 24820 --- [RE-WEAR] [http-nio-8080-exec-9] w.c.HttpSessionSecurityContextRepository : Retrieved SecurityContextImpl [Authentication=UsernamePasswordAuthenticationToken [Principal=com.rewear.user.details.CustomUserDetails@33b7613d, Credentials=[PROTECTED], Authenticated=true, Details=null, Granted Authorities=[ROLE_ORGAN]]]
2025-12-09T12:38:20.084+09:00 DEBUG 24820 --- [RE-WEAR] [http-nio-8080-exec-9] o.s.security.web.FilterChainProxy        : Secured POST /api/notifications/90/read
2025-12-09T12:38:20.084+09:00 DEBUG 24820 --- [RE-WEAR] [http-nio-8080-exec-9] o.s.web.servlet.DispatcherServlet        : POST "/api/notifications/90/read", parameters={}
2025-12-09T12:38:20.086+09:00 DEBUG 24820 --- [RE-WEAR] [http-nio-8080-exec-9] s.w.s.m.m.a.RequestMappingHandlerMapping : Mapped to com.rewear.notification.controller.NotificationApiController#markAsRead(Long, CustomUserDetails)
2025-12-09T12:38:20.087+09:00 DEBUG 24820 --- [RE-WEAR] [http-nio-8080-exec-9] horizationManagerBeforeMethodInterceptor : Authorizing method invocation ReflectiveMethodInvocation: public org.springframework.http.ResponseEntity com.rewear.notification.controller.NotificationApiController.markAsRead(java.lang.Long,com.rewear.user.details.CustomUserDetails); target is of class [com.rewear.notification.controller.NotificationApiController]
2025-12-09T12:38:20.088+09:00 DEBUG 24820 --- [RE-WEAR] [http-nio-8080-exec-9] horizationManagerBeforeMethodInterceptor : Authorized method invocation ReflectiveMethodInvocation: public org.springframework.http.ResponseEntity com.rewear.notification.controller.NotificationApiController.markAsRead(java.lang.Long,com.rewear.user.details.CustomUserDetails); target is of class [com.rewear.notification.controller.NotificationApiController]
2025-12-09T12:38:20.110+09:00 DEBUG 24820 --- [RE-WEAR] [http-nio-8080-exec-9] o.s.w.s.m.m.a.HttpEntityMethodProcessor  : Using 'application/json', given [*/*] and supported [application/json, application/*+json]
2025-12-09T12:38:20.110+09:00 DEBUG 24820 --- [RE-WEAR] [http-nio-8080-exec-9] o.s.w.s.m.m.a.HttpEntityMethodProcessor  : Writing [{success=true, unreadCount=4}]
2025-12-09T12:38:20.110+09:00 DEBUG 24820 --- [RE-WEAR] [http-nio-8080-exec-9] o.s.web.servlet.DispatcherServlet        : Completed 200 OK
2025-12-09T12:38:21.233+09:00 DEBUG 24820 --- [RE-WEAR] [http-nio-8080-exec-7] o.s.security.web.FilterChainProxy        : Securing POST /api/notifications/79/read
2025-12-09T12:38:21.234+09:00 DEBUG 24820 --- [RE-WEAR] [http-nio-8080-exec-7] w.c.HttpSessionSecurityContextRepository : Retrieved SecurityContextImpl [Authentication=UsernamePasswordAuthenticationToken [Principal=com.rewear.user.details.CustomUserDetails@33b7613d, Credentials=[PROTECTED], Authenticated=true, Details=null, Granted Authorities=[ROLE_ORGAN]]]
2025-12-09T12:38:21.234+09:00 DEBUG 24820 --- [RE-WEAR] [http-nio-8080-exec-7] o.s.security.web.FilterChainProxy        : Secured POST /api/notifications/79/read
2025-12-09T12:38:21.235+09:00 DEBUG 24820 --- [RE-WEAR] [http-nio-8080-exec-7] o.s.web.servlet.DispatcherServlet        : POST "/api/notifications/79/read", parameters={}
2025-12-09T12:38:21.235+09:00 DEBUG 24820 --- [RE-WEAR] [http-nio-8080-exec-7] s.w.s.m.m.a.RequestMappingHandlerMapping : Mapped to com.rewear.notification.controller.NotificationApiController#markAsRead(Long, CustomUserDetails)
2025-12-09T12:38:21.235+09:00 DEBUG 24820 --- [RE-WEAR] [http-nio-8080-exec-7] horizationManagerBeforeMethodInterceptor : Authorizing method invocation ReflectiveMethodInvocation: public org.springframework.http.ResponseEntity com.rewear.notification.controller.NotificationApiController.markAsRead(java.lang.Long,com.rewear.user.details.CustomUserDetails); target is of class [com.rewear.notification.controller.NotificationApiController]
2025-12-09T12:38:21.235+09:00 DEBUG 24820 --- [RE-WEAR] [http-nio-8080-exec-7] horizationManagerBeforeMethodInterceptor : Authorized method invocation ReflectiveMethodInvocation: public org.springframework.http.ResponseEntity com.rewear.notification.controller.NotificationApiController.markAsRead(java.lang.Long,com.rewear.user.details.CustomUserDetails); target is of class [com.rewear.notification.controller.NotificationApiController]
2025-12-09T12:38:21.248+09:00 DEBUG 24820 --- [RE-WEAR] [http-nio-8080-exec-7] o.s.w.s.m.m.a.HttpEntityMethodProcessor  : Using 'application/json', given [*/*] and supported [application/json, application/*+json]
2025-12-09T12:38:21.248+09:00 DEBUG 24820 --- [RE-WEAR] [http-nio-8080-exec-7] o.s.w.s.m.m.a.HttpEntityMethodProcessor  : Writing [{success=true, unreadCount=3}]
2025-12-09T12:38:21.250+09:00 DEBUG 24820 --- [RE-WEAR] [http-nio-8080-exec-7] o.s.web.servlet.DispatcherServlet        : Completed 200 OK
2025-12-09T12:38:21.888+09:00 DEBUG 24820 --- [RE-WEAR] [http-nio-8080-exec-8] o.s.security.web.FilterChainProxy        : Securing POST /api/notifications/18/read
2025-12-09T12:38:21.889+09:00 DEBUG 24820 --- [RE-WEAR] [http-nio-8080-exec-8] w.c.HttpSessionSecurityContextRepository : Retrieved SecurityContextImpl [Authentication=UsernamePasswordAuthenticationToken [Principal=com.rewear.user.details.CustomUserDetails@33b7613d, Credentials=[PROTECTED], Authenticated=true, Details=null, Granted Authorities=[ROLE_ORGAN]]]
2025-12-09T12:38:21.889+09:00 DEBUG 24820 --- [RE-WEAR] [http-nio-8080-exec-8] o.s.security.web.FilterChainProxy        : Secured POST /api/notifications/18/read
2025-12-09T12:38:21.890+09:00 DEBUG 24820 --- [RE-WEAR] [http-nio-8080-exec-8] o.s.web.servlet.DispatcherServlet        : POST "/api/notifications/18/read", parameters={}
2025-12-09T12:38:21.890+09:00 DEBUG 24820 --- [RE-WEAR] [http-nio-8080-exec-8] s.w.s.m.m.a.RequestMappingHandlerMapping : Mapped to com.rewear.notification.controller.NotificationApiController#markAsRead(Long, CustomUserDetails)
2025-12-09T12:38:21.891+09:00 DEBUG 24820 --- [RE-WEAR] [http-nio-8080-exec-8] horizationManagerBeforeMethodInterceptor : Authorizing method invocation ReflectiveMethodInvocation: public org.springframework.http.ResponseEntity com.rewear.notification.controller.NotificationApiController.markAsRead(java.lang.Long,com.rewear.user.details.CustomUserDetails); target is of class [com.rewear.notification.controller.NotificationApiController]
2025-12-09T12:38:21.891+09:00 DEBUG 24820 --- [RE-WEAR] [http-nio-8080-exec-8] horizationManagerBeforeMethodInterceptor : Authorized method invocation ReflectiveMethodInvocation: public org.springframework.http.ResponseEntity com.rewear.notification.controller.NotificationApiController.markAsRead(java.lang.Long,com.rewear.user.details.CustomUserDetails); target is of class [com.rewear.notification.controller.NotificationApiController]
2025-12-09T12:38:21.918+09:00 DEBUG 24820 --- [RE-WEAR] [http-nio-8080-exec-8] o.s.w.s.m.m.a.HttpEntityMethodProcessor  : Using 'application/json', given [*/*] and supported [application/json, application/*+json]
2025-12-09T12:38:21.918+09:00 DEBUG 24820 --- [RE-WEAR] [http-nio-8080-exec-8] o.s.w.s.m.m.a.HttpEntityMethodProcessor  : Writing [{success=true, unreadCount=2}]
2025-12-09T12:38:21.918+09:00 DEBUG 24820 --- [RE-WEAR] [http-nio-8080-exec-8] o.s.web.servlet.DispatcherServlet        : Completed 200 OK
2025-12-09T12:38:22.384+09:00 DEBUG 24820 --- [RE-WEAR] [http-nio-8080-exec-3] o.s.security.web.FilterChainProxy        : Securing GET /
2025-12-09T12:38:22.386+09:00 DEBUG 24820 --- [RE-WEAR] [http-nio-8080-exec-3] o.s.s.w.a.AnonymousAuthenticationFilter  : Set SecurityContextHolder to anonymous SecurityContext
2025-12-09T12:38:22.386+09:00 DEBUG 24820 --- [RE-WEAR] [http-nio-8080-exec-3] o.s.security.web.FilterChainProxy        : Secured GET /
2025-12-09T12:38:22.386+09:00 DEBUG 24820 --- [RE-WEAR] [http-nio-8080-exec-3] o.s.web.servlet.DispatcherServlet        : GET "/", parameters={}
2025-12-09T12:38:22.386+09:00 DEBUG 24820 --- [RE-WEAR] [http-nio-8080-exec-3] s.w.s.m.m.a.RequestMappingHandlerMapping : Mapped to com.rewear.email.controller.EmailWebController#main(CustomUserDetails, Model, HttpServletRequest)
2025-12-09T12:38:22.432+09:00 DEBUG 24820 --- [RE-WEAR] [http-nio-8080-exec-3] o.s.w.s.v.ContentNegotiatingViewResolver : Selected '*/*' given [*/*]
2025-12-09T12:38:22.460+09:00 DEBUG 24820 --- [RE-WEAR] [http-nio-8080-exec-3] org.thymeleaf.TemplateEngine             : [THYMELEAF] INITIALIZING TEMPLATE ENGINE
2025-12-09T12:38:22.520+09:00 DEBUG 24820 --- [RE-WEAR] [http-nio-8080-exec-2] o.s.security.web.FilterChainProxy        : Securing POST /api/notifications/14/read
2025-12-09T12:38:22.521+09:00 DEBUG 24820 --- [RE-WEAR] [http-nio-8080-exec-2] w.c.HttpSessionSecurityContextRepository : Retrieved SecurityContextImpl [Authentication=UsernamePasswordAuthenticationToken [Principal=com.rewear.user.details.CustomUserDetails@33b7613d, Credentials=[PROTECTED], Authenticated=true, Details=null, Granted Authorities=[ROLE_ORGAN]]]
2025-12-09T12:38:22.521+09:00 DEBUG 24820 --- [RE-WEAR] [http-nio-8080-exec-2] o.s.security.web.FilterChainProxy        : Secured POST /api/notifications/14/read
2025-12-09T12:38:22.521+09:00 DEBUG 24820 --- [RE-WEAR] [http-nio-8080-exec-2] o.s.web.servlet.DispatcherServlet        : POST "/api/notifications/14/read", parameters={}
2025-12-09T12:38:22.523+09:00 DEBUG 24820 --- [RE-WEAR] [http-nio-8080-exec-2] s.w.s.m.m.a.RequestMappingHandlerMapping : Mapped to com.rewear.notification.controller.NotificationApiController#markAsRead(Long, CustomUserDetails)
2025-12-09T12:38:22.523+09:00 DEBUG 24820 --- [RE-WEAR] [http-nio-8080-exec-2] horizationManagerBeforeMethodInterceptor : Authorizing method invocation ReflectiveMethodInvocation: public org.springframework.http.ResponseEntity com.rewear.notification.controller.NotificationApiController.markAsRead(java.lang.Long,com.rewear.user.details.CustomUserDetails); target is of class [com.rewear.notification.controller.NotificationApiController]
2025-12-09T12:38:22.524+09:00 DEBUG 24820 --- [RE-WEAR] [http-nio-8080-exec-2] horizationManagerBeforeMethodInterceptor : Authorized method invocation ReflectiveMethodInvocation: public org.springframework.http.ResponseEntity com.rewear.notification.controller.NotificationApiController.markAsRead(java.lang.Long,com.rewear.user.details.CustomUserDetails); target is of class [com.rewear.notification.controller.NotificationApiController]
2025-12-09T12:38:22.537+09:00 DEBUG 24820 --- [RE-WEAR] [http-nio-8080-exec-2] o.s.w.s.m.m.a.HttpEntityMethodProcessor  : Using 'application/json', given [*/*] and supported [application/json, application/*+json]
2025-12-09T12:38:22.537+09:00 DEBUG 24820 --- [RE-WEAR] [http-nio-8080-exec-2] o.s.w.s.m.m.a.HttpEntityMethodProcessor  : Writing [{success=true, unreadCount=1}]
2025-12-09T12:38:22.538+09:00 DEBUG 24820 --- [RE-WEAR] [http-nio-8080-exec-2] o.s.web.servlet.DispatcherServlet        : Completed 200 OK
2025-12-09T12:38:22.759+09:00 DEBUG 24820 --- [RE-WEAR] [http-nio-8080-exec-3] org.thymeleaf.TemplateEngine.CONFIG      : Initializing Thymeleaf Template engine configuration...
[THYMELEAF] TEMPLATE ENGINE CONFIGURATION:
[THYMELEAF] * Thymeleaf version: 3.1.2.RELEASE (built 2023-07-30T19:25:50+0000)
[THYMELEAF] * Cache Manager implementation: org.thymeleaf.cache.StandardCacheManager
[THYMELEAF] * Template resolvers:
[THYMELEAF]     * org.thymeleaf.spring6.templateresolver.SpringResourceTemplateResolver
[THYMELEAF] * Message resolvers:
[THYMELEAF]     * org.thymeleaf.spring6.messageresolver.SpringMessageResolver
[THYMELEAF] * Link builders:
[THYMELEAF]     * org.thymeleaf.linkbuilder.StandardLinkBuilder
[THYMELEAF] * Dialect [1 of 2]: SpringStandard (org.thymeleaf.spring6.dialect.SpringStandardDialect)
[THYMELEAF]     * Prefix: "th"
[THYMELEAF]     * Processors for Template Mode: HTML
[THYMELEAF]         * Element Tag Processors by [matching element and attribute name] [precedence]:
[THYMELEAF]             * [* {th:include,data-th-include}] [100]: org.thymeleaf.standard.processor.StandardIncludeTagProcessor
[THYMELEAF]             * [* {th:insert,data-th-insert}] [100]: org.thymeleaf.standard.processor.StandardInsertTagProcessor
[THYMELEAF]             * [* {th:replace,data-th-replace}] [100]: org.thymeleaf.standard.processor.StandardReplaceTagProcessor
[THYMELEAF]             * [* {th:each,data-th-each}] [200]: org.thymeleaf.standard.processor.StandardEachTagProcessor
[THYMELEAF]             * [* {th:switch,data-th-switch}] [250]: org.thymeleaf.standard.processor.StandardSwitchTagProcessor
[THYMELEAF]             * [* {th:case,data-th-case}] [275]: org.thymeleaf.standard.processor.StandardCaseTagProcessor
[THYMELEAF]             * [* {th:if,data-th-if}] [300]: org.thymeleaf.standard.processor.StandardIfTagProcessor
[THYMELEAF]             * [* {th:unless,data-th-unless}] [400]: org.thymeleaf.standard.processor.StandardUnlessTagProcessor
[THYMELEAF]             * [* {th:object,data-th-object}] [500]: org.thymeleaf.spring6.processor.SpringObjectTagProcessor
[THYMELEAF]             * [* {th:with,data-th-with}] [600]: org.thymeleaf.standard.processor.StandardWithTagProcessor
[THYMELEAF]             * [* {th:attr,data-th-attr}] [700]: org.thymeleaf.standard.processor.StandardAttrTagProcessor
[THYMELEAF]             * [* {th:attrprepend,data-th-attrprepend}] [800]: org.thymeleaf.standard.processor.StandardAttrprependTagProcessor
[THYMELEAF]             * [* {th:attrappend,data-th-attrappend}] [900]: org.thymeleaf.standard.processor.StandardAttrappendTagProcessor
[THYMELEAF]             * [* {th:method,data-th-method}] [990]: org.thymeleaf.spring6.processor.SpringMethodTagProcessor
[THYMELEAF]             * [* {th:alt-title,data-th-alt-title}] [990]: org.thymeleaf.standard.processor.StandardAltTitleTagProcessor
[THYMELEAF]             * [* {th:lang-xmllang,data-th-lang-xmllang}] [990]: org.thymeleaf.standard.processor.StandardLangXmlLangTagProcessor
[THYMELEAF]             * [* {th:action,data-th-action}] [1000]: org.thymeleaf.spring6.processor.SpringActionTagProcessor
[THYMELEAF]             * [* {th:href,data-th-href}] [1000]: org.thymeleaf.spring6.processor.SpringHrefTagProcessor
[THYMELEAF]             * [* {th:src,data-th-src}] [1000]: org.thymeleaf.spring6.processor.SpringSrcTagProcessor
[THYMELEAF]             * [* {th:checked,data-th-checked}] [1000]: org.thymeleaf.standard.processor.StandardConditionalFixedValueTagProcessor
[THYMELEAF]             * [* {th:open,data-th-open}] [1000]: org.thymeleaf.standard.processor.StandardConditionalFixedValueTagProcessor
[THYMELEAF]             * [* {th:multiple,data-th-multiple}] [1000]: org.thymeleaf.standard.processor.StandardConditionalFixedValueTagProcessor
[THYMELEAF]             * [* {th:disabled,data-th-disabled}] [1000]: org.thymeleaf.standard.processor.StandardConditionalFixedValueTagProcessor
[THYMELEAF]             * [* {th:required,data-th-required}] [1000]: org.thymeleaf.standard.processor.StandardConditionalFixedValueTagProcessor
[THYMELEAF]             * [* {th:seamless,data-th-seamless}] [1000]: org.thymeleaf.standard.processor.StandardConditionalFixedValueTagProcessor
[THYMELEAF]             * [* {th:scoped,data-th-scoped}] [1000]: org.thymeleaf.standard.processor.StandardConditionalFixedValueTagProcessor
[THYMELEAF]             * [* {th:loop,data-th-loop}] [1000]: org.thymeleaf.standard.processor.StandardConditionalFixedValueTagProcessor
[THYMELEAF]             * [* {th:selected,data-th-selected}] [1000]: org.thymeleaf.standard.processor.StandardConditionalFixedValueTagProcessor
[THYMELEAF]             * [* {th:reversed,data-th-reversed}] [1000]: org.thymeleaf.standard.processor.StandardConditionalFixedValueTagProcessor
[THYMELEAF]             * [* {th:pubdate,data-th-pubdate}] [1000]: org.thymeleaf.standard.processor.StandardConditionalFixedValueTagProcessor
[THYMELEAF]             * [* {th:hidden,data-th-hidden}] [1000]: org.thymeleaf.standard.processor.StandardConditionalFixedValueTagProcessor
[THYMELEAF]             * [* {th:controls,data-th-controls}] [1000]: org.thymeleaf.standard.processor.StandardConditionalFixedValueTagProcessor
[THYMELEAF]             * [* {th:readonly,data-th-readonly}] [1000]: org.thymeleaf.standard.processor.StandardConditionalFixedValueTagProcessor
[THYMELEAF]             * [* {th:nowrap,data-th-nowrap}] [1000]: org.thymeleaf.standard.processor.StandardConditionalFixedValueTagProcessor
[THYMELEAF]             * [* {th:ismap,data-th-ismap}] [1000]: org.thymeleaf.standard.processor.StandardConditionalFixedValueTagProcessor
[THYMELEAF]             * [* {th:async,data-th-async}] [1000]: org.thymeleaf.standard.processor.StandardConditionalFixedValueTagProcessor
[THYMELEAF]             * [* {th:autoplay,data-th-autoplay}] [1000]: org.thymeleaf.standard.processor.StandardConditionalFixedValueTagProcessor
[THYMELEAF]             * [* {th:declare,data-th-declare}] [1000]: org.thymeleaf.standard.processor.StandardConditionalFixedValueTagProcessor
[THYMELEAF]             * [* {th:default,data-th-default}] [1000]: org.thymeleaf.standard.processor.StandardConditionalFixedValueTagProcessor
[THYMELEAF]             * [* {th:autofocus,data-th-autofocus}] [1000]: org.thymeleaf.standard.processor.StandardConditionalFixedValueTagProcessor
[THYMELEAF]             * [* {th:defer,data-th-defer}] [1000]: org.thymeleaf.standard.processor.StandardConditionalFixedValueTagProcessor
[THYMELEAF]             * [* {th:novalidate,data-th-novalidate}] [1000]: org.thymeleaf.standard.processor.StandardConditionalFixedValueTagProcessor
[THYMELEAF]             * [* {th:formnovalidate,data-th-formnovalidate}] [1000]: org.thymeleaf.standard.processor.StandardConditionalFixedValueTagProcessor
[THYMELEAF]             * [* {th:oninput,data-th-oninput}] [1000]: org.thymeleaf.standard.processor.StandardDOMEventAttributeTagProcessor
[THYMELEAF]             * [* {th:onended,data-th-onended}] [1000]: org.thymeleaf.standard.processor.StandardDOMEventAttributeTagProcessor
[THYMELEAF]             * [* {th:onkeydown,data-th-onkeydown}] [1000]: org.thymeleaf.standard.processor.StandardDOMEventAttributeTagProcessor
[THYMELEAF]             * [* {th:onresize,data-th-onresize}] [1000]: org.thymeleaf.standard.processor.StandardDOMEventAttributeTagProcessor
[THYMELEAF]             * [* {th:onmouseover,data-th-onmouseover}] [1000]: org.thymeleaf.standard.processor.StandardDOMEventAttributeTagProcessor
[THYMELEAF]             * [* {th:oninvalid,data-th-oninvalid}] [1000]: org.thymeleaf.standard.processor.StandardDOMEventAttributeTagProcessor
[THYMELEAF]             * [* {th:ondrop,data-th-ondrop}] [1000]: org.thymeleaf.standard.processor.StandardDOMEventAttributeTagProcessor
[THYMELEAF]             * [* {th:onforminput,data-th-onforminput}] [1000]: org.thymeleaf.standard.processor.StandardDOMEventAttributeTagProcessor
[THYMELEAF]             * [* {th:oncanplaythrough,data-th-oncanplaythrough}] [1000]: org.thymeleaf.standard.processor.StandardDOMEventAttributeTagProcessor
[THYMELEAF]             * [* {th:onredo,data-th-onredo}] [1000]: org.thymeleaf.standard.processor.StandardDOMEventAttributeTagProcessor
[THYMELEAF]             * [* {th:onstorage,data-th-onstorage}] [1000]: org.thymeleaf.standard.processor.StandardDOMEventAttributeTagProcessor
[THYMELEAF]             * [* {th:onblur,data-th-onblur}] [1000]: org.thymeleaf.standard.processor.StandardDOMEventAttributeTagProcessor
[THYMELEAF]             * [* {th:onkeypress,data-th-onkeypress}] [1000]: org.thymeleaf.standard.processor.StandardDOMEventAttributeTagProcessor
[THYMELEAF]             * [* {th:onfocus,data-th-onfocus}] [1000]: org.thymeleaf.standard.processor.StandardDOMEventAttributeTagProcessor
[THYMELEAF]             * [* {th:ontimeupdate,data-th-ontimeupdate}] [1000]: org.thymeleaf.standard.processor.StandardDOMEventAttributeTagProcessor
[THYMELEAF]             * [* {th:onreset,data-th-onreset}] [1000]: org.thymeleaf.standard.processor.StandardDOMEventAttributeTagProcessor
[THYMELEAF]             * [* {th:onloadedmetadata,data-th-onloadedmetadata}] [1000]: org.thymeleaf.standard.processor.StandardDOMEventAttributeTagProcessor
[THYMELEAF]             * [* {th:onseeking,data-th-onseeking}] [1000]: org.thymeleaf.standard.processor.StandardDOMEventAttributeTagProcessor
[THYMELEAF]             * [* {th:onsuspend,data-th-onsuspend}] [1000]: org.thymeleaf.standard.processor.StandardDOMEventAttributeTagProcessor
[THYMELEAF]             * [* {th:ondragend,data-th-ondragend}] [1000]: org.thymeleaf.standard.processor.StandardDOMEventAttributeTagProcessor
[THYMELEAF]             * [* {th:ondurationchange,data-th-ondurationchange}] [1000]: org.thymeleaf.standard.processor.StandardDOMEventAttributeTagProcessor
[THYMELEAF]             * [* {th:onmouseout,data-th-onmouseout}] [1000]: org.thymeleaf.standard.processor.StandardDOMEventAttributeTagProcessor
[THYMELEAF]             * [* {th:ondragleave,data-th-ondragleave}] [1000]: org.thymeleaf.standard.processor.StandardDOMEventAttributeTagProcessor
[THYMELEAF]             * [* {th:onloadstart,data-th-onloadstart}] [1000]: org.thymeleaf.standard.processor.StandardDOMEventAttributeTagProcessor
[THYMELEAF]             * [* {th:onunload,data-th-onunload}] [1000]: org.thymeleaf.standard.processor.StandardDOMEventAttributeTagProcessor
[THYMELEAF]             * [* {th:onselect,data-th-onselect}] [1000]: org.thymeleaf.standard.processor.StandardDOMEventAttributeTagProcessor
[THYMELEAF]             * [* {th:onabort,data-th-onabort}] [1000]: org.thymeleaf.standard.processor.StandardDOMEventAttributeTagProcessor
[THYMELEAF]             * [* {th:onbeforeprint,data-th-onbeforeprint}] [1000]: org.thymeleaf.standard.processor.StandardDOMEventAttributeTagProcessor
[THYMELEAF]             * [* {th:onerror,data-th-onerror}] [1000]: org.thymeleaf.standard.processor.StandardDOMEventAttributeTagProcessor
[THYMELEAF]             * [* {th:onclick,data-th-onclick}] [1000]: org.thymeleaf.standard.processor.StandardDOMEventAttributeTagProcessor
[THYMELEAF]             * [* {th:oncanplay,data-th-oncanplay}] [1000]: org.thymeleaf.standard.processor.StandardDOMEventAttributeTagProcessor
[THYMELEAF]             * [* {th:onmousedown,data-th-onmousedown}] [1000]: org.thymeleaf.standard.processor.StandardDOMEventAttributeTagProcessor
[THYMELEAF]             * [* {th:onload,data-th-onload}] [1000]: org.thymeleaf.standard.processor.StandardDOMEventAttributeTagProcessor
[THYMELEAF]             * [* {th:ondragenter,data-th-ondragenter}] [1000]: org.thymeleaf.standard.processor.StandardDOMEventAttributeTagProcessor
[THYMELEAF]             * [* {th:ondblclick,data-th-ondblclick}] [1000]: org.thymeleaf.standard.processor.StandardDOMEventAttributeTagProcessor
[THYMELEAF]             * [* {th:onmousewheel,data-th-onmousewheel}] [1000]: org.thymeleaf.standard.processor.StandardDOMEventAttributeTagProcessor
[THYMELEAF]             * [* {th:onformchange,data-th-onformchange}] [1000]: org.thymeleaf.standard.processor.StandardDOMEventAttributeTagProcessor
[THYMELEAF]             * [* {th:onwaiting,data-th-onwaiting}] [1000]: org.thymeleaf.standard.processor.StandardDOMEventAttributeTagProcessor
[THYMELEAF]             * [* {th:onmouseup,data-th-onmouseup}] [1000]: org.thymeleaf.standard.processor.StandardDOMEventAttributeTagProcessor
[THYMELEAF]             * [* {th:onratechange,data-th-onratechange}] [1000]: org.thymeleaf.standard.processor.StandardDOMEventAttributeTagProcessor
[THYMELEAF]             * [* {th:onbeforeunload,data-th-onbeforeunload}] [1000]: org.thymeleaf.standard.processor.StandardDOMEventAttributeTagProcessor
[THYMELEAF]             * [* {th:onplay,data-th-onplay}] [1000]: org.thymeleaf.standard.processor.StandardDOMEventAttributeTagProcessor
[THYMELEAF]             * [* {th:onshow,data-th-onshow}] [1000]: org.thymeleaf.standard.processor.StandardDOMEventAttributeTagProcessor
[THYMELEAF]             * [* {th:onafterprint,data-th-onafterprint}] [1000]: org.thymeleaf.standard.processor.StandardDOMEventAttributeTagProcessor
[THYMELEAF]             * [* {th:onprogress,data-th-onprogress}] [1000]: org.thymeleaf.standard.processor.StandardDOMEventAttributeTagProcessor
[THYMELEAF]             * [* {th:onemptied,data-th-onemptied}] [1000]: org.thymeleaf.standard.processor.StandardDOMEventAttributeTagProcessor
[THYMELEAF]             * [* {th:onvolumechange,data-th-onvolumechange}] [1000]: org.thymeleaf.standard.processor.StandardDOMEventAttributeTagProcessor
[THYMELEAF]             * [* {th:onseeked,data-th-onseeked}] [1000]: org.thymeleaf.standard.processor.StandardDOMEventAttributeTagProcessor
[THYMELEAF]             * [* {th:onchange,data-th-onchange}] [1000]: org.thymeleaf.standard.processor.StandardDOMEventAttributeTagProcessor
[THYMELEAF]             * [* {th:onmousemove,data-th-onmousemove}] [1000]: org.thymeleaf.standard.processor.StandardDOMEventAttributeTagProcessor
[THYMELEAF]             * [* {th:ondrag,data-th-ondrag}] [1000]: org.thymeleaf.standard.processor.StandardDOMEventAttributeTagProcessor
[THYMELEAF]             * [* {th:onoffline,data-th-onoffline}] [1000]: org.thymeleaf.standard.processor.StandardDOMEventAttributeTagProcessor
[THYMELEAF]             * [* {th:ondragstart,data-th-ondragstart}] [1000]: org.thymeleaf.standard.processor.StandardDOMEventAttributeTagProcessor
[THYMELEAF]             * [* {th:oncontextmenu,data-th-oncontextmenu}] [1000]: org.thymeleaf.standard.processor.StandardDOMEventAttributeTagProcessor
[THYMELEAF]             * [* {th:onreadystatechange,data-th-onreadystatechange}] [1000]: org.thymeleaf.standard.processor.StandardDOMEventAttributeTagProcessor
[THYMELEAF]             * [* {th:onplaying,data-th-onplaying}] [1000]: org.thymeleaf.standard.processor.StandardDOMEventAttributeTagProcessor
[THYMELEAF]             * [* {th:onpause,data-th-onpause}] [1000]: org.thymeleaf.standard.processor.StandardDOMEventAttributeTagProcessor
[THYMELEAF]             * [* {th:onkeyup,data-th-onkeyup}] [1000]: org.thymeleaf.standard.processor.StandardDOMEventAttributeTagProcessor
[THYMELEAF]             * [* {th:ononline,data-th-ononline}] [1000]: org.thymeleaf.standard.processor.StandardDOMEventAttributeTagProcessor
[THYMELEAF]             * [* {th:onscroll,data-th-onscroll}] [1000]: org.thymeleaf.standard.processor.StandardDOMEventAttributeTagProcessor
[THYMELEAF]             * [* {th:ondragover,data-th-ondragover}] [1000]: org.thymeleaf.standard.processor.StandardDOMEventAttributeTagProcessor
[THYMELEAF]             * [* {th:onundo,data-th-onundo}] [1000]: org.thymeleaf.standard.processor.StandardDOMEventAttributeTagProcessor
[THYMELEAF]             * [* {th:onpopstate,data-th-onpopstate}] [1000]: org.thymeleaf.standard.processor.StandardDOMEventAttributeTagProcessor
[THYMELEAF]             * [* {th:onsubmit,data-th-onsubmit}] [1000]: org.thymeleaf.standard.processor.StandardDOMEventAttributeTagProcessor
[THYMELEAF]             * [* {th:onloadeddata,data-th-onloadeddata}] [1000]: org.thymeleaf.standard.processor.StandardDOMEventAttributeTagProcessor
[THYMELEAF]             * [* {th:onstalled,data-th-onstalled}] [1000]: org.thymeleaf.standard.processor.StandardDOMEventAttributeTagProcessor
[THYMELEAF]             * [* {th:onmessage,data-th-onmessage}] [1000]: org.thymeleaf.standard.processor.StandardDOMEventAttributeTagProcessor
[THYMELEAF]             * [* {th:onhashchange,data-th-onhashchange}] [1000]: org.thymeleaf.standard.processor.StandardDOMEventAttributeTagProcessor
[THYMELEAF]             * [* {th:inline,data-th-inline}] [1000]: org.thymeleaf.standard.processor.StandardInlineHTMLTagProcessor
[THYMELEAF]             * [* {th:type,data-th-type}] [1000]: org.thymeleaf.standard.processor.StandardNonRemovableAttributeTagProcessor
[THYMELEAF]             * [* {th:name,data-th-name}] [1000]: org.thymeleaf.standard.processor.StandardNonRemovableAttributeTagProcessor
[THYMELEAF]             * [* {th:manifest,data-th-manifest}] [1000]: org.thymeleaf.standard.processor.StandardRemovableAttributeTagProcessor
[THYMELEAF]             * [* {th:content,data-th-content}] [1000]: org.thymeleaf.standard.processor.StandardRemovableAttributeTagProcessor
[THYMELEAF]             * [* {th:max,data-th-max}] [1000]: org.thymeleaf.standard.processor.StandardRemovableAttributeTagProcessor
[THYMELEAF]             * [* {th:valuetype,data-th-valuetype}] [1000]: org.thymeleaf.standard.processor.StandardRemovableAttributeTagProcessor
[THYMELEAF]             * [* {th:maxlength,data-th-maxlength}] [1000]: org.thymeleaf.standard.processor.StandardRemovableAttributeTagProcessor
[THYMELEAF]             * [* {th:scrolling,data-th-scrolling}] [1000]: org.thymeleaf.standard.processor.StandardRemovableAttributeTagProcessor
[THYMELEAF]             * [* {th:style,data-th-style}] [1000]: org.thymeleaf.standard.processor.StandardRemovableAttributeTagProcessor
[THYMELEAF]             * [* {th:formmethod,data-th-formmethod}] [1000]: org.thymeleaf.standard.processor.StandardRemovableAttributeTagProcessor
[THYMELEAF]             * [* {th:data,data-th-data}] [1000]: org.thymeleaf.standard.processor.StandardRemovableAttributeTagProcessor
[THYMELEAF]             * [* {th:cite,data-th-cite}] [1000]: org.thymeleaf.standard.processor.StandardRemovableAttributeTagProcessor
[THYMELEAF]             * [* {th:span,data-th-span}] [1000]: org.thymeleaf.standard.processor.StandardRemovableAttributeTagProcessor
[THYMELEAF]             * [* {th:kind,data-th-kind}] [1000]: org.thymeleaf.standard.processor.StandardRemovableAttributeTagProcessor
[THYMELEAF]             * [* {th:longdesc,data-th-longdesc}] [1000]: org.thymeleaf.standard.processor.StandardRemovableAttributeTagProcessor
[THYMELEAF]             * [* {th:border,data-th-border}] [1000]: org.thymeleaf.standard.processor.StandardRemovableAttributeTagProcessor
[THYMELEAF]             * [* {th:placeholder,data-th-placeholder}] [1000]: org.thymeleaf.standard.processor.StandardRemovableAttributeTagProcessor
[THYMELEAF]             * [* {th:spellcheck,data-th-spellcheck}] [1000]: org.thymeleaf.standard.processor.StandardRemovableAttributeTagProcessor
[THYMELEAF]             * [* {th:size,data-th-size}] [1000]: org.thymeleaf.standard.processor.StandardRemovableAttributeTagProcessor
[THYMELEAF]             * [* {th:headers,data-th-headers}] [1000]: org.thymeleaf.standard.processor.StandardRemovableAttributeTagProcessor
[THYMELEAF]             * [* {th:marginwidth,data-th-marginwidth}] [1000]: org.thymeleaf.standard.processor.StandardRemovableAttributeTagProcessor
[THYMELEAF]             * [* {th:colspan,data-th-colspan}] [1000]: org.thymeleaf.standard.processor.StandardRemovableAttributeTagProcessor
[THYMELEAF]             * [* {th:challenge,data-th-challenge}] [1000]: org.thymeleaf.standard.processor.StandardRemovableAttributeTagProcessor
[THYMELEAF]             * [* {th:srclang,data-th-srclang}] [1000]: org.thymeleaf.standard.processor.StandardRemovableAttributeTagProcessor
[THYMELEAF]             * [* {th:enctype,data-th-enctype}] [1000]: org.thymeleaf.standard.processor.StandardRemovableAttributeTagProcessor
[THYMELEAF]             * [* {th:wrap,data-th-wrap}] [1000]: org.thymeleaf.standard.processor.StandardRemovableAttributeTagProcessor
[THYMELEAF]             * [* {th:target,data-th-target}] [1000]: org.thymeleaf.standard.processor.StandardRemovableAttributeTagProcessor
[THYMELEAF]             * [* {th:icon,data-th-icon}] [1000]: org.thymeleaf.standard.processor.StandardRemovableAttributeTagProcessor
[THYMELEAF]             * [* {th:usemap,data-th-usemap}] [1000]: org.thymeleaf.standard.processor.StandardRemovableAttributeTagProcessor
[THYMELEAF]             * [* {th:cols,data-th-cols}] [1000]: org.thymeleaf.standard.processor.StandardRemovableAttributeTagProcessor
[THYMELEAF]             * [* {th:rowspan,data-th-rowspan}] [1000]: org.thymeleaf.standard.processor.StandardRemovableAttributeTagProcessor
[THYMELEAF]             * [* {th:id,data-th-id}] [1000]: org.thymeleaf.standard.processor.StandardRemovableAttributeTagProcessor
[THYMELEAF]             * [* {th:title,data-th-title}] [1000]: org.thymeleaf.standard.processor.StandardRemovableAttributeTagProcessor
[THYMELEAF]             * [* {th:min,data-th-min}] [1000]: org.thymeleaf.standard.processor.StandardRemovableAttributeTagProcessor
[THYMELEAF]             * [* {th:contextmenu,data-th-contextmenu}] [1000]: org.thymeleaf.standard.processor.StandardRemovableAttributeTagProcessor
[THYMELEAF]             * [* {th:dropzone,data-th-dropzone}] [1000]: org.thymeleaf.standard.processor.StandardRemovableAttributeTagProcessor
[THYMELEAF]             * [* {th:datetime,data-th-datetime}] [1000]: org.thymeleaf.standard.processor.StandardRemovableAttributeTagProcessor
[THYMELEAF]             * [* {th:accept-charset,data-th-accept-charset}] [1000]: org.thymeleaf.standard.processor.StandardRemovableAttributeTagProcessor
[THYMELEAF]             * [* {th:start,data-th-start}] [1000]: org.thymeleaf.standard.processor.StandardRemovableAttributeTagProcessor
[THYMELEAF]             * [* {th:optimum,data-th-optimum}] [1000]: org.thymeleaf.standard.processor.StandardRemovableAttributeTagProcessor
[THYMELEAF]             * [* {th:charset,data-th-charset}] [1000]: org.thymeleaf.standard.processor.StandardRemovableAttributeTagProcessor
[THYMELEAF]             * [* {th:align,data-th-align}] [1000]: org.thymeleaf.standard.processor.StandardRemovableAttributeTagProcessor
[THYMELEAF]             * [* {th:scheme,data-th-scheme}] [1000]: org.thymeleaf.standard.processor.StandardRemovableAttributeTagProcessor
[THYMELEAF]             * [* {th:bgcolor,data-th-bgcolor}] [1000]: org.thymeleaf.standard.processor.StandardRemovableAttributeTagProcessor
[THYMELEAF]             * [* {th:codebase,data-th-codebase}] [1000]: org.thymeleaf.standard.processor.StandardRemovableAttributeTagProcessor
[THYMELEAF]             * [* {th:scope,data-th-scope}] [1000]: org.thymeleaf.standard.processor.StandardRemovableAttributeTagProcessor
[THYMELEAF]             * [* {th:dir,data-th-dir}] [1000]: org.thymeleaf.standard.processor.StandardRemovableAttributeTagProcessor
[THYMELEAF]             * [* {th:compact,data-th-compact}] [1000]: org.thymeleaf.standard.processor.StandardRemovableAttributeTagProcessor
[THYMELEAF]             * [* {th:hspace,data-th-hspace}] [1000]: org.thymeleaf.standard.processor.StandardRemovableAttributeTagProcessor
[THYMELEAF]             * [* {th:archive,data-th-archive}] [1000]: org.thymeleaf.standard.processor.StandardRemovableAttributeTagProcessor
[THYMELEAF]             * [* {th:sizes,data-th-sizes}] [1000]: org.thymeleaf.standard.processor.StandardRemovableAttributeTagProcessor
[THYMELEAF]             * [* {th:formtarget,data-th-formtarget}] [1000]: org.thymeleaf.standard.processor.StandardRemovableAttributeTagProcessor
[THYMELEAF]             * [* {th:poster,data-th-poster}] [1000]: org.thymeleaf.standard.processor.StandardRemovableAttributeTagProcessor
[THYMELEAF]             * [* {th:for,data-th-for}] [1000]: org.thymeleaf.standard.processor.StandardRemovableAttributeTagProcessor
[THYMELEAF]             * [* {th:autocomplete,data-th-autocomplete}] [1000]: org.thymeleaf.standard.processor.StandardRemovableAttributeTagProcessor
[THYMELEAF]             * [* {th:label,data-th-label}] [1000]: org.thymeleaf.standard.processor.StandardRemovableAttributeTagProcessor
[THYMELEAF]             * [* {th:tabindex,data-th-tabindex}] [1000]: org.thymeleaf.standard.processor.StandardRemovableAttributeTagProcessor
[THYMELEAF]             * [* {th:preload,data-th-preload}] [1000]: org.thymeleaf.standard.processor.StandardRemovableAttributeTagProcessor
[THYMELEAF]             * [* {th:hreflang,data-th-hreflang}] [1000]: org.thymeleaf.standard.processor.StandardRemovableAttributeTagProcessor
[THYMELEAF]             * [* {th:frame,data-th-frame}] [1000]: org.thymeleaf.standard.processor.StandardRemovableAttributeTagProcessor
[THYMELEAF]             * [* {th:keytype,data-th-keytype}] [1000]: org.thymeleaf.standard.processor.StandardRemovableAttributeTagProcessor
[THYMELEAF]             * [* {th:pattern,data-th-pattern}] [1000]: org.thymeleaf.standard.processor.StandardRemovableAttributeTagProcessor
[THYMELEAF]             * [* {th:radiogroup,data-th-radiogroup}] [1000]: org.thymeleaf.standard.processor.StandardRemovableAttributeTagProcessor
[THYMELEAF]             * [* {th:http-equiv,data-th-http-equiv}] [1000]: org.thymeleaf.standard.processor.StandardRemovableAttributeTagProcessor
[THYMELEAF]             * [* {th:media,data-th-media}] [1000]: org.thymeleaf.standard.processor.StandardRemovableAttributeTagProcessor
[THYMELEAF]             * [* {th:rev,data-th-rev}] [1000]: org.thymeleaf.standard.processor.StandardRemovableAttributeTagProcessor
[THYMELEAF]             * [* {th:high,data-th-high}] [1000]: org.thymeleaf.standard.processor.StandardRemovableAttributeTagProcessor
[THYMELEAF]             * [* {th:rows,data-th-rows}] [1000]: org.thymeleaf.standard.processor.StandardRemovableAttributeTagProcessor
[THYMELEAF]             * [* {th:height,data-th-height}] [1000]: org.thymeleaf.standard.processor.StandardRemovableAttributeTagProcessor
[THYMELEAF]             * [* {th:audio,data-th-audio}] [1000]: org.thymeleaf.standard.processor.StandardRemovableAttributeTagProcessor
[THYMELEAF]             * [* {th:frameborder,data-th-frameborder}] [1000]: org.thymeleaf.standard.processor.StandardRemovableAttributeTagProcessor
[THYMELEAF]             * [* {th:draggable,data-th-draggable}] [1000]: org.thymeleaf.standard.processor.StandardRemovableAttributeTagProcessor
[THYMELEAF]             * [* {th:form,data-th-form}] [1000]: org.thymeleaf.standard.processor.StandardRemovableAttributeTagProcessor
[THYMELEAF]             * [* {th:lang,data-th-lang}] [1000]: org.thymeleaf.standard.processor.StandardRemovableAttributeTagProcessor
[THYMELEAF]             * [* {th:class,data-th-class}] [1000]: org.thymeleaf.standard.processor.StandardRemovableAttributeTagProcessor
[THYMELEAF]             * [* {th:vspace,data-th-vspace}] [1000]: org.thymeleaf.standard.processor.StandardRemovableAttributeTagProcessor
[THYMELEAF]             * [* {th:standby,data-th-standby}] [1000]: org.thymeleaf.standard.processor.StandardRemovableAttributeTagProcessor
[THYMELEAF]             * [* {th:codetype,data-th-codetype}] [1000]: org.thymeleaf.standard.processor.StandardRemovableAttributeTagProcessor
[THYMELEAF]             * [* {th:width,data-th-width}] [1000]: org.thymeleaf.standard.processor.StandardRemovableAttributeTagProcessor
[THYMELEAF]             * [* {th:accept,data-th-accept}] [1000]: org.thymeleaf.standard.processor.StandardRemovableAttributeTagProcessor
[THYMELEAF]             * [* {th:list,data-th-list}] [1000]: org.thymeleaf.standard.processor.StandardRemovableAttributeTagProcessor
[THYMELEAF]             * [* {th:marginheight,data-th-marginheight}] [1000]: org.thymeleaf.standard.processor.StandardRemovableAttributeTagProcessor
[THYMELEAF]             * [* {th:background,data-th-background}] [1000]: org.thymeleaf.standard.processor.StandardRemovableAttributeTagProcessor
[THYMELEAF]             * [* {th:low,data-th-low}] [1000]: org.thymeleaf.standard.processor.StandardRemovableAttributeTagProcessor
[THYMELEAF]             * [* {th:cellpadding,data-th-cellpadding}] [1000]: org.thymeleaf.standard.processor.StandardRemovableAttributeTagProcessor
[THYMELEAF]             * [* {th:accesskey,data-th-accesskey}] [1000]: org.thymeleaf.standard.processor.StandardRemovableAttributeTagProcessor
[THYMELEAF]             * [* {th:contenteditable,data-th-contenteditable}] [1000]: org.thymeleaf.standard.processor.StandardRemovableAttributeTagProcessor
[THYMELEAF]             * [* {th:summary,data-th-summary}] [1000]: org.thymeleaf.standard.processor.StandardRemovableAttributeTagProcessor
[THYMELEAF]             * [* {th:rules,data-th-rules}] [1000]: org.thymeleaf.standard.processor.StandardRemovableAttributeTagProcessor
[THYMELEAF]             * [* {th:axis,data-th-axis}] [1000]: org.thymeleaf.standard.processor.StandardRemovableAttributeTagProcessor
[THYMELEAF]             * [* {th:step,data-th-step}] [1000]: org.thymeleaf.standard.processor.StandardRemovableAttributeTagProcessor
[THYMELEAF]             * [* {th:alt,data-th-alt}] [1000]: org.thymeleaf.standard.processor.StandardRemovableAttributeTagProcessor
[THYMELEAF]             * [* {th:rel,data-th-rel}] [1000]: org.thymeleaf.standard.processor.StandardRemovableAttributeTagProcessor
[THYMELEAF]             * [* {th:classid,data-th-classid}] [1000]: org.thymeleaf.standard.processor.StandardRemovableAttributeTagProcessor
[THYMELEAF]             * [* {th:formaction,data-th-formaction}] [1000]: org.thymeleaf.standard.processor.StandardRemovableAttributeTagProcessor
[THYMELEAF]             * [* {th:formenctype,data-th-formenctype}] [1000]: org.thymeleaf.standard.processor.StandardRemovableAttributeTagProcessor
[THYMELEAF]             * [* {th:cellspacing,data-th-cellspacing}] [1000]: org.thymeleaf.standard.processor.StandardRemovableAttributeTagProcessor
[THYMELEAF]             * [* {th:sandbox,data-th-sandbox}] [1000]: org.thymeleaf.standard.processor.StandardRemovableAttributeTagProcessor
[THYMELEAF]             * [* {th:abbr,data-th-abbr}] [1000]: org.thymeleaf.standard.processor.StandardRemovableAttributeTagProcessor
[THYMELEAF]             * [* {th:xmlbase,data-th-xmlbase}] [1000]: org.thymeleaf.standard.processor.StandardXmlBaseTagProcessor
[THYMELEAF]             * [* {th:xmllang,data-th-xmllang}] [1000]: org.thymeleaf.standard.processor.StandardXmlLangTagProcessor
[THYMELEAF]             * [* {xmlns:th}] [1000]: org.thymeleaf.standard.processor.StandardXmlNsTagProcessor
[THYMELEAF]             * [* {th:xmlspace,data-th-xmlspace}] [1000]: org.thymeleaf.standard.processor.StandardXmlSpaceTagProcessor
[THYMELEAF]             * [{option} *] [1005]: org.thymeleaf.spring6.processor.SpringOptionInSelectFieldTagProcessor
[THYMELEAF]             * [* {th:value,data-th-value}] [1010]: org.thymeleaf.spring6.processor.SpringValueTagProcessor
[THYMELEAF]             * [* {th:classappend,data-th-classappend}] [1100]: org.thymeleaf.standard.processor.StandardClassappendTagProcessor
[THYMELEAF]             * [* {th:styleappend,data-th-styleappend}] [1100]: org.thymeleaf.standard.processor.StandardStyleappendTagProcessor
[THYMELEAF]             * [* {th:text,data-th-text}] [1300]: org.thymeleaf.standard.processor.StandardTextTagProcessor
[THYMELEAF]             * [* {th:utext,data-th-utext}] [1400]: org.thymeleaf.standard.processor.StandardUtextTagProcessor
[THYMELEAF]             * [* {th:fragment,data-th-fragment}] [1500]: org.thymeleaf.standard.processor.StandardFragmentTagProcessor
[THYMELEAF]             * [* {th:assert,data-th-assert}] [1550]: org.thymeleaf.standard.processor.StandardAssertTagProcessor
[THYMELEAF]             * [* {th:remove,data-th-remove}] [1600]: org.thymeleaf.standard.processor.StandardRemoveTagProcessor
[THYMELEAF]             * [* {th:errors,data-th-errors}] [1700]: org.thymeleaf.spring6.processor.SpringErrorsTagProcessor
[THYMELEAF]             * [{input} {th:field,data-th-field}] [1700]: org.thymeleaf.spring6.processor.SpringInputCheckboxFieldTagProcessor
[THYMELEAF]             * [{input} {th:field,data-th-field}] [1700]: org.thymeleaf.spring6.processor.SpringInputFileFieldTagProcessor
[THYMELEAF]             * [{input} {th:field,data-th-field}] [1700]: org.thymeleaf.spring6.processor.SpringInputGeneralFieldTagProcessor
[THYMELEAF]             * [{input} {th:field,data-th-field}] [1700]: org.thymeleaf.spring6.processor.SpringInputPasswordFieldTagProcessor
[THYMELEAF]             * [{input} {th:field,data-th-field}] [1700]: org.thymeleaf.spring6.processor.SpringInputRadioFieldTagProcessor
[THYMELEAF]             * [{option} {th:field,data-th-field}] [1700]: org.thymeleaf.spring6.processor.SpringOptionFieldTagProcessor
[THYMELEAF]             * [{select} {th:field,data-th-field}] [1700]: org.thymeleaf.spring6.processor.SpringSelectFieldTagProcessor
[THYMELEAF]             * [{textarea} {th:field,data-th-field}] [1700]: org.thymeleaf.spring6.processor.SpringTextareaFieldTagProcessor
[THYMELEAF]             * [* {th:uerrors,data-th-uerrors}] [1700]: org.thymeleaf.spring6.processor.SpringUErrorsTagProcessor
[THYMELEAF]             * [* {th:errorclass,data-th-errorclass}] [1800]: org.thymeleaf.spring6.processor.SpringErrorClassTagProcessor
[THYMELEAF]             * [* {th:ref,data-th-ref}] [10000]: org.thymeleaf.standard.processor.StandardRefAttributeTagProcessor
[THYMELEAF]             * [{th:block,th-block} *] [100000]: org.thymeleaf.standard.processor.StandardBlockTagProcessor
[THYMELEAF]             * [* th:*] [2147483647]: org.thymeleaf.standard.processor.StandardDefaultAttributesTagProcessor
[THYMELEAF]         * Text Processors by [precedence]:
[THYMELEAF]             * [1000]: org.thymeleaf.standard.processor.StandardInliningTextProcessor
[THYMELEAF]         * DOCTYPE Processors by [precedence]:
[THYMELEAF]             * [1000]: org.thymeleaf.standard.processor.StandardTranslationDocTypeProcessor
[THYMELEAF]         * CDATA Section Processors by [precedence]:
[THYMELEAF]             * [1000]: org.thymeleaf.standard.processor.StandardInliningCDATASectionProcessor
[THYMELEAF]         * Comment Processors by [precedence]:
[THYMELEAF]             * [1000]: org.thymeleaf.standard.processor.StandardInliningCommentProcessor
[THYMELEAF]             * [1100]: org.thymeleaf.standard.processor.StandardConditionalCommentProcessor
[THYMELEAF]     * Processors for Template Mode: XML
[THYMELEAF]         * Element Tag Processors by [matching element and attribute name] [precedence]:
[THYMELEAF]             * [* {th:include}] [100]: org.thymeleaf.standard.processor.StandardIncludeTagProcessor
[THYMELEAF]             * [* {th:insert}] [100]: org.thymeleaf.standard.processor.StandardInsertTagProcessor
[THYMELEAF]             * [* {th:replace}] [100]: org.thymeleaf.standard.processor.StandardReplaceTagProcessor
[THYMELEAF]             * [* {th:each}] [200]: org.thymeleaf.standard.processor.StandardEachTagProcessor
[THYMELEAF]             * [* {th:switch}] [250]: org.thymeleaf.standard.processor.StandardSwitchTagProcessor
[THYMELEAF]             * [* {th:case}] [275]: org.thymeleaf.standard.processor.StandardCaseTagProcessor
[THYMELEAF]             * [* {th:if}] [300]: org.thymeleaf.standard.processor.StandardIfTagProcessor
[THYMELEAF]             * [* {th:unless}] [400]: org.thymeleaf.standard.processor.StandardUnlessTagProcessor
[THYMELEAF]             * [* {th:object}] [500]: org.thymeleaf.standard.processor.StandardObjectTagProcessor
[THYMELEAF]             * [* {th:with}] [600]: org.thymeleaf.standard.processor.StandardWithTagProcessor
[THYMELEAF]             * [* {th:attr}] [700]: org.thymeleaf.standard.processor.StandardAttrTagProcessor
[THYMELEAF]             * [* {th:attrprepend}] [800]: org.thymeleaf.standard.processor.StandardAttrprependTagProcessor
[THYMELEAF]             * [* {th:attrappend}] [900]: org.thymeleaf.standard.processor.StandardAttrappendTagProcessor
[THYMELEAF]             * [* {th:inline}] [1000]: org.thymeleaf.standard.processor.StandardInlineXMLTagProcessor
[THYMELEAF]             * [* {xmlns:th}] [1000]: org.thymeleaf.standard.processor.StandardXmlNsTagProcessor
[THYMELEAF]             * [* {th:text}] [1300]: org.thymeleaf.standard.processor.StandardTextTagProcessor
[THYMELEAF]             * [* {th:utext}] [1400]: org.thymeleaf.standard.processor.StandardUtextTagProcessor
[THYMELEAF]             * [* {th:fragment}] [1500]: org.thymeleaf.standard.processor.StandardFragmentTagProcessor
[THYMELEAF]             * [* {th:assert}] [1550]: org.thymeleaf.standard.processor.StandardAssertTagProcessor
[THYMELEAF]             * [* {th:remove}] [1600]: org.thymeleaf.standard.processor.StandardRemoveTagProcessor
[THYMELEAF]             * [* {th:ref}] [10000]: org.thymeleaf.standard.processor.StandardRefAttributeTagProcessor
[THYMELEAF]             * [{th:block} *] [100000]: org.thymeleaf.standard.processor.StandardBlockTagProcessor
[THYMELEAF]             * [* th:*] [2147483647]: org.thymeleaf.standard.processor.StandardDefaultAttributesTagProcessor
[THYMELEAF]         * Text Processors by [precedence]:
[THYMELEAF]             * [1000]: org.thymeleaf.standard.processor.StandardInliningTextProcessor
[THYMELEAF]         * CDATA Section Processors by [precedence]:
[THYMELEAF]             * [1000]: org.thymeleaf.standard.processor.StandardInliningCDATASectionProcessor
[THYMELEAF]         * Comment Processors by [precedence]:
[THYMELEAF]             * [1000]: org.thymeleaf.standard.processor.StandardInliningCommentProcessor
[THYMELEAF]     * Processors for Template Mode: TEXT
[THYMELEAF]         * Element Tag Processors by [matching element and attribute name] [precedence]:
[THYMELEAF]             * [* {th:insert}] [100]: org.thymeleaf.standard.processor.StandardInsertTagProcessor
[THYMELEAF]             * [* {th:replace}] [100]: org.thymeleaf.standard.processor.StandardReplaceTagProcessor
[THYMELEAF]             * [* {th:each}] [200]: org.thymeleaf.standard.processor.StandardEachTagProcessor
[THYMELEAF]             * [* {th:switch}] [250]: org.thymeleaf.standard.processor.StandardSwitchTagProcessor
[THYMELEAF]             * [* {th:case}] [275]: org.thymeleaf.standard.processor.StandardCaseTagProcessor
[THYMELEAF]             * [* {th:if}] [300]: org.thymeleaf.standard.processor.StandardIfTagProcessor
[THYMELEAF]             * [* {th:unless}] [400]: org.thymeleaf.standard.processor.StandardUnlessTagProcessor
[THYMELEAF]             * [* {th:object}] [500]: org.thymeleaf.standard.processor.StandardObjectTagProcessor
[THYMELEAF]             * [* {th:with}] [600]: org.thymeleaf.standard.processor.StandardWithTagProcessor
[THYMELEAF]             * [* {th:inline}] [1000]: org.thymeleaf.standard.processor.StandardInlineTextualTagProcessor
[THYMELEAF]             * [* {th:text}] [1300]: org.thymeleaf.standard.processor.StandardTextTagProcessor
[THYMELEAF]             * [* {th:utext}] [1400]: org.thymeleaf.standard.processor.StandardUtextTagProcessor
[THYMELEAF]             * [* {th:assert}] [1550]: org.thymeleaf.standard.processor.StandardAssertTagProcessor
[THYMELEAF]             * [* {th:remove}] [1600]: org.thymeleaf.standard.processor.StandardRemoveTagProcessor
[THYMELEAF]             * [* 100000] [org.thymeleaf.standard.processor.StandardBlockTagProcessor]: {}
[THYMELEAF]             * [{th:block} *] [100000]: org.thymeleaf.standard.processor.StandardBlockTagProcessor
[THYMELEAF]         * Text Processors by [precedence]:
[THYMELEAF]             * [1000]: org.thymeleaf.standard.processor.StandardInliningTextProcessor
[THYMELEAF]     * Processors for Template Mode: JAVASCRIPT
[THYMELEAF]         * Element Tag Processors by [matching element and attribute name] [precedence]:
[THYMELEAF]             * [* {th:insert}] [100]: org.thymeleaf.standard.processor.StandardInsertTagProcessor
[THYMELEAF]             * [* {th:replace}] [100]: org.thymeleaf.standard.processor.StandardReplaceTagProcessor
[THYMELEAF]             * [* {th:each}] [200]: org.thymeleaf.standard.processor.StandardEachTagProcessor
[THYMELEAF]             * [* {th:switch}] [250]: org.thymeleaf.standard.processor.StandardSwitchTagProcessor
[THYMELEAF]             * [* {th:case}] [275]: org.thymeleaf.standard.processor.StandardCaseTagProcessor
[THYMELEAF]             * [* {th:if}] [300]: org.thymeleaf.standard.processor.StandardIfTagProcessor
[THYMELEAF]             * [* {th:unless}] [400]: org.thymeleaf.standard.processor.StandardUnlessTagProcessor
[THYMELEAF]             * [* {th:object}] [500]: org.thymeleaf.standard.processor.StandardObjectTagProcessor
[THYMELEAF]             * [* {th:with}] [600]: org.thymeleaf.standard.processor.StandardWithTagProcessor
[THYMELEAF]             * [* {th:inline}] [1000]: org.thymeleaf.standard.processor.StandardInlineTextualTagProcessor
[THYMELEAF]             * [* {th:text}] [1300]: org.thymeleaf.standard.processor.StandardTextTagProcessor
[THYMELEAF]             * [* {th:utext}] [1400]: org.thymeleaf.standard.processor.StandardUtextTagProcessor
[THYMELEAF]             * [* {th:assert}] [1550]: org.thymeleaf.standard.processor.StandardAssertTagProcessor
[THYMELEAF]             * [* {th:remove}] [1600]: org.thymeleaf.standard.processor.StandardRemoveTagProcessor
[THYMELEAF]             * [* 100000] [org.thymeleaf.standard.processor.StandardBlockTagProcessor]: {}
[THYMELEAF]             * [{th:block} *] [100000]: org.thymeleaf.standard.processor.StandardBlockTagProcessor
[THYMELEAF]         * Text Processors by [precedence]:
[THYMELEAF]             * [1000]: org.thymeleaf.standard.processor.StandardInliningTextProcessor
[THYMELEAF]     * Processors for Template Mode: CSS
[THYMELEAF]         * Element Tag Processors by [matching element and attribute name] [precedence]:
[THYMELEAF]             * [* {th:insert}] [100]: org.thymeleaf.standard.processor.StandardInsertTagProcessor
[THYMELEAF]             * [* {th:replace}] [100]: org.thymeleaf.standard.processor.StandardReplaceTagProcessor
[THYMELEAF]             * [* {th:each}] [200]: org.thymeleaf.standard.processor.StandardEachTagProcessor
[THYMELEAF]             * [* {th:switch}] [250]: org.thymeleaf.standard.processor.StandardSwitchTagProcessor
[THYMELEAF]             * [* {th:case}] [275]: org.thymeleaf.standard.processor.StandardCaseTagProcessor
[THYMELEAF]             * [* {th:if}] [300]: org.thymeleaf.standard.processor.StandardIfTagProcessor
[THYMELEAF]             * [* {th:unless}] [400]: org.thymeleaf.standard.processor.StandardUnlessTagProcessor
[THYMELEAF]             * [* {th:object}] [500]: org.thymeleaf.standard.processor.StandardObjectTagProcessor
[THYMELEAF]             * [* {th:with}] [600]: org.thymeleaf.standard.processor.StandardWithTagProcessor
[THYMELEAF]             * [* {th:inline}] [1000]: org.thymeleaf.standard.processor.StandardInlineTextualTagProcessor
[THYMELEAF]             * [* {th:text}] [1300]: org.thymeleaf.standard.processor.StandardTextTagProcessor
[THYMELEAF]             * [* {th:utext}] [1400]: org.thymeleaf.standard.processor.StandardUtextTagProcessor
[THYMELEAF]             * [* {th:assert}] [1550]: org.thymeleaf.standard.processor.StandardAssertTagProcessor
[THYMELEAF]             * [* {th:remove}] [1600]: org.thymeleaf.standard.processor.StandardRemoveTagProcessor
[THYMELEAF]             * [* 100000] [org.thymeleaf.standard.processor.StandardBlockTagProcessor]: {}
[THYMELEAF]             * [{th:block} *] [100000]: org.thymeleaf.standard.processor.StandardBlockTagProcessor
[THYMELEAF]         * Text Processors by [precedence]:
[THYMELEAF]             * [1000]: org.thymeleaf.standard.processor.StandardInliningTextProcessor
[THYMELEAF]     * Expression Objects:
[THYMELEAF]         * #ctx
[THYMELEAF]         * #root
[THYMELEAF]         * #vars
[THYMELEAF]         * #object
[THYMELEAF]         * #locale
[THYMELEAF]         * #conversions
[THYMELEAF]         * #uris
[THYMELEAF]         * #temporals
[THYMELEAF]         * #calendars
[THYMELEAF]         * #dates
[THYMELEAF]         * #bools
[THYMELEAF]         * #numbers
[THYMELEAF]         * #objects
[THYMELEAF]         * #strings
[THYMELEAF]         * #arrays
[THYMELEAF]         * #lists
[THYMELEAF]         * #sets
[THYMELEAF]         * #maps
[THYMELEAF]         * #aggregates
[THYMELEAF]         * #messages
[THYMELEAF]         * #ids
[THYMELEAF]         * #execInfo
[THYMELEAF]         * #request
[THYMELEAF]         * #response
[THYMELEAF]         * #session
[THYMELEAF]         * #servletContext
[THYMELEAF]         * #fields
[THYMELEAF]         * #themes
[THYMELEAF]         * #mvc
[THYMELEAF]         * #requestdatavalues
[THYMELEAF]     * Execution Attributes:
[THYMELEAF]         * "StandardExpressionParser": Standard Expression Parser
[THYMELEAF]         * "StandardJavaScriptSerializer": org.thymeleaf.standard.serializer.StandardJavaScriptSerializer@4e97927e
[THYMELEAF]         * "StandardCSSSerializer": org.thymeleaf.standard.serializer.StandardCSSSerializer@16ea23bb
[THYMELEAF]         * "EnableSpringELCompiler": false
[THYMELEAF]         * "StandardVariableExpressionEvaluator": SpringEL
[THYMELEAF]         * "StandardConversionService": org.thymeleaf.spring6.expression.SpringStandardConversionService@5e8b6a0
[THYMELEAF] * Dialect [2 of 2]: SpringSecurity (org.thymeleaf.extras.springsecurity6.dialect.SpringSecurityDialect)
[THYMELEAF]     * Prefix: "sec"
[THYMELEAF]     * Processors for Template Mode: HTML
[THYMELEAF]         * Element Tag Processors by [matching element and attribute name] [precedence]:
[THYMELEAF]             * [* {sec:authorize-acl,data-sec-authorize-acl}] [300]: org.thymeleaf.extras.springsecurity6.dialect.processor.AuthorizeAclAttrProcessor
[THYMELEAF]             * [* {sec:authorize,data-sec-authorize}] [300]: org.thymeleaf.extras.springsecurity6.dialect.processor.AuthorizeAttrProcessor
[THYMELEAF]             * [* {sec:authorize-expr,data-sec-authorize-expr}] [300]: org.thymeleaf.extras.springsecurity6.dialect.processor.AuthorizeAttrProcessor
[THYMELEAF]             * [* {sec:authorize-url,data-sec-authorize-url}] [300]: org.thymeleaf.extras.springsecurity6.dialect.processor.AuthorizeUrlAttrProcessor
[THYMELEAF]             * [* {xmlns:sec}] [1000]: org.thymeleaf.standard.processor.StandardXmlNsTagProcessor
[THYMELEAF]             * [* {sec:authentication,data-sec-authentication}] [1300]: org.thymeleaf.extras.springsecurity6.dialect.processor.AuthenticationAttrProcessor
[THYMELEAF]     * Processors for Template Mode: XML
[THYMELEAF]         * Element Tag Processors by [matching element and attribute name] [precedence]:
[THYMELEAF]             * [* {sec:authorize-acl}] [300]: org.thymeleaf.extras.springsecurity6.dialect.processor.AuthorizeAclAttrProcessor
[THYMELEAF]             * [* {sec:authorize-expr}] [300]: org.thymeleaf.extras.springsecurity6.dialect.processor.AuthorizeAttrProcessor
[THYMELEAF]             * [* {sec:authorize}] [300]: org.thymeleaf.extras.springsecurity6.dialect.processor.AuthorizeAttrProcessor
[THYMELEAF]             * [* {sec:authorize-url}] [300]: org.thymeleaf.extras.springsecurity6.dialect.processor.AuthorizeUrlAttrProcessor
[THYMELEAF]             * [* {xmlns:sec}] [1000]: org.thymeleaf.standard.processor.StandardXmlNsTagProcessor
[THYMELEAF]             * [* {sec:authentication}] [1300]: org.thymeleaf.extras.springsecurity6.dialect.processor.AuthenticationAttrProcessor
[THYMELEAF]     * Processors for Template Mode: TEXT
[THYMELEAF]         * Element Tag Processors by [matching element and attribute name] [precedence]:
[THYMELEAF]             * [* {sec:authorize-acl}] [300]: org.thymeleaf.extras.springsecurity6.dialect.processor.AuthorizeAclAttrProcessor
[THYMELEAF]             * [* {sec:authorize-expr}] [300]: org.thymeleaf.extras.springsecurity6.dialect.processor.AuthorizeAttrProcessor
[THYMELEAF]             * [* {sec:authorize}] [300]: org.thymeleaf.extras.springsecurity6.dialect.processor.AuthorizeAttrProcessor
[THYMELEAF]             * [* {sec:authorize-url}] [300]: org.thymeleaf.extras.springsecurity6.dialect.processor.AuthorizeUrlAttrProcessor
[THYMELEAF]             * [* {xmlns:sec}] [1000]: org.thymeleaf.standard.processor.StandardXmlNsTagProcessor
[THYMELEAF]             * [* {sec:authentication}] [1300]: org.thymeleaf.extras.springsecurity6.dialect.processor.AuthenticationAttrProcessor
[THYMELEAF]     * Processors for Template Mode: JAVASCRIPT
[THYMELEAF]         * Element Tag Processors by [matching element and attribute name] [precedence]:
[THYMELEAF]             * [* {sec:authorize-acl}] [300]: org.thymeleaf.extras.springsecurity6.dialect.processor.AuthorizeAclAttrProcessor
[THYMELEAF]             * [* {sec:authorize}] [300]: org.thymeleaf.extras.springsecurity6.dialect.processor.AuthorizeAttrProcessor
[THYMELEAF]             * [* {sec:authorize-expr}] [300]: org.thymeleaf.extras.springsecurity6.dialect.processor.AuthorizeAttrProcessor
[THYMELEAF]             * [* {sec:authorize-url}] [300]: org.thymeleaf.extras.springsecurity6.dialect.processor.AuthorizeUrlAttrProcessor
[THYMELEAF]             * [* {xmlns:sec}] [1000]: org.thymeleaf.standard.processor.StandardXmlNsTagProcessor
[THYMELEAF]             * [* {sec:authentication}] [1300]: org.thymeleaf.extras.springsecurity6.dialect.processor.AuthenticationAttrProcessor
[THYMELEAF]     * Processors for Template Mode: CSS
[THYMELEAF]         * Element Tag Processors by [matching element and attribute name] [precedence]:
[THYMELEAF]             * [* {sec:authorize-acl}] [300]: org.thymeleaf.extras.springsecurity6.dialect.processor.AuthorizeAclAttrProcessor
[THYMELEAF]             * [* {sec:authorize}] [300]: org.thymeleaf.extras.springsecurity6.dialect.processor.AuthorizeAttrProcessor
[THYMELEAF]             * [* {sec:authorize-expr}] [300]: org.thymeleaf.extras.springsecurity6.dialect.processor.AuthorizeAttrProcessor
[THYMELEAF]             * [* {sec:authorize-url}] [300]: org.thymeleaf.extras.springsecurity6.dialect.processor.AuthorizeUrlAttrProcessor
[THYMELEAF]             * [* {xmlns:sec}] [1000]: org.thymeleaf.standard.processor.StandardXmlNsTagProcessor
[THYMELEAF]             * [* {sec:authentication}] [1300]: org.thymeleaf.extras.springsecurity6.dialect.processor.AuthenticationAttrProcessor
[THYMELEAF]     * Expression Objects:
[THYMELEAF]         * #authentication
[THYMELEAF]         * #authorization
[THYMELEAF] TEMPLATE ENGINE CONFIGURED OK
2025-12-09T12:38:22.760+09:00 DEBUG 24820 --- [RE-WEAR] [http-nio-8080-exec-3] org.thymeleaf.TemplateEngine             : [THYMELEAF] TEMPLATE ENGINE INITIALIZED
2025-12-09T12:38:23.151+09:00 DEBUG 24820 --- [RE-WEAR] [http-nio-8080-exec-3] o.s.web.servlet.DispatcherServlet        : Completed 200 OK
2025-12-09T12:38:26.595+09:00 DEBUG 24820 --- [RE-WEAR] [http-nio-8080-exec-5] o.s.security.web.FilterChainProxy        : Securing GET /api/users/me
2025-12-09T12:38:26.596+09:00 DEBUG 24820 --- [RE-WEAR] [http-nio-8080-exec-5] w.c.HttpSessionSecurityContextRepository : Retrieved SecurityContextImpl [Authentication=UsernamePasswordAuthenticationToken [Principal=com.rewear.user.details.CustomUserDetails@33b7613d, Credentials=[PROTECTED], Authenticated=true, Details=null, Granted Authorities=[ROLE_ORGAN]]]
2025-12-09T12:38:26.596+09:00 DEBUG 24820 --- [RE-WEAR] [http-nio-8080-exec-5] o.s.security.web.FilterChainProxy        : Secured GET /api/users/me
2025-12-09T12:38:26.596+09:00 DEBUG 24820 --- [RE-WEAR] [http-nio-8080-exec-5] o.s.web.servlet.DispatcherServlet        : GET "/api/users/me", parameters={}
2025-12-09T12:38:26.596+09:00 DEBUG 24820 --- [RE-WEAR] [http-nio-8080-exec-5] s.w.s.m.m.a.RequestMappingHandlerMapping : Mapped to com.rewear.user.controller.UserController#getCurrentUser(Principal)
2025-12-09T12:38:26.604+09:00 DEBUG 24820 --- [RE-WEAR] [http-nio-8080-exec-5] o.s.w.s.m.m.a.HttpEntityMethodProcessor  : Using 'application/json', given [*/*] and supported [application/json, application/*+json]
2025-12-09T12:38:26.604+09:00 DEBUG 24820 --- [RE-WEAR] [http-nio-8080-exec-5] o.s.w.s.m.m.a.HttpEntityMethodProcessor  : Writing [{user={phone=01058489652, nickname=dongwook, email=dongwook@example.com, name=dongwook, id=5, role=기 (truncated)...]
2025-12-09T12:38:26.605+09:00 DEBUG 24820 --- [RE-WEAR] [http-nio-8080-exec-5] o.s.web.servlet.DispatcherServlet        : Completed 200 OK
2025-12-09T12:38:26.614+09:00 DEBUG 24820 --- [RE-WEAR] [http-nio-8080-exec-10] o.s.security.web.FilterChainProxy        : Securing GET /api/users/me
2025-12-09T12:38:26.616+09:00 DEBUG 24820 --- [RE-WEAR] [http-nio-8080-exec-10] w.c.HttpSessionSecurityContextRepository : Retrieved SecurityContextImpl [Authentication=UsernamePasswordAuthenticationToken [Principal=com.rewear.user.details.CustomUserDetails@33b7613d, Credentials=[PROTECTED], Authenticated=true, Details=null, Granted Authorities=[ROLE_ORGAN]]]
2025-12-09T12:38:26.616+09:00 DEBUG 24820 --- [RE-WEAR] [http-nio-8080-exec-10] o.s.security.web.FilterChainProxy        : Secured GET /api/users/me
2025-12-09T12:38:26.616+09:00 DEBUG 24820 --- [RE-WEAR] [http-nio-8080-exec-10] o.s.web.servlet.DispatcherServlet        : GET "/api/users/me", parameters={}
2025-12-09T12:38:26.617+09:00 DEBUG 24820 --- [RE-WEAR] [http-nio-8080-exec-10] s.w.s.m.m.a.RequestMappingHandlerMapping : Mapped to com.rewear.user.controller.UserController#getCurrentUser(Principal)
2025-12-09T12:38:26.619+09:00 DEBUG 24820 --- [RE-WEAR] [http-nio-8080-exec-6] o.s.security.web.FilterChainProxy        : Securing GET /api/notifications/unread-count
2025-12-09T12:38:26.620+09:00 DEBUG 24820 --- [RE-WEAR] [http-nio-8080-exec-6] w.c.HttpSessionSecurityContextRepository : Retrieved SecurityContextImpl [Authentication=UsernamePasswordAuthenticationToken [Principal=com.rewear.user.details.CustomUserDetails@33b7613d, Credentials=[PROTECTED], Authenticated=true, Details=null, Granted Authorities=[ROLE_ORGAN]]]
2025-12-09T12:38:26.620+09:00 DEBUG 24820 --- [RE-WEAR] [http-nio-8080-exec-6] o.s.security.web.FilterChainProxy        : Secured GET /api/notifications/unread-count
2025-12-09T12:38:26.620+09:00 DEBUG 24820 --- [RE-WEAR] [http-nio-8080-exec-6] o.s.web.servlet.DispatcherServlet        : GET "/api/notifications/unread-count", parameters={}
2025-12-09T12:38:26.620+09:00 DEBUG 24820 --- [RE-WEAR] [http-nio-8080-exec-6] s.w.s.m.m.a.RequestMappingHandlerMapping : Mapped to com.rewear.notification.controller.NotificationApiController#getUnreadCount(CustomUserDetails)
2025-12-09T12:38:26.620+09:00 DEBUG 24820 --- [RE-WEAR] [http-nio-8080-exec-6] horizationManagerBeforeMethodInterceptor : Authorizing method invocation ReflectiveMethodInvocation: public org.springframework.http.ResponseEntity com.rewear.notification.controller.NotificationApiController.getUnreadCount(com.rewear.user.details.CustomUserDetails); target is of class [com.rewear.notification.controller.NotificationApiController]
2025-12-09T12:38:26.620+09:00 DEBUG 24820 --- [RE-WEAR] [http-nio-8080-exec-6] horizationManagerBeforeMethodInterceptor : Authorized method invocation ReflectiveMethodInvocation: public org.springframework.http.ResponseEntity com.rewear.notification.controller.NotificationApiController.getUnreadCount(com.rewear.user.details.CustomUserDetails); target is of class [com.rewear.notification.controller.NotificationApiController]
2025-12-09T12:38:26.622+09:00 DEBUG 24820 --- [RE-WEAR] [http-nio-8080-exec-10] o.s.w.s.m.m.a.HttpEntityMethodProcessor  : Using 'application/json', given [*/*] and supported [application/json, application/*+json]
2025-12-09T12:38:26.622+09:00 DEBUG 24820 --- [RE-WEAR] [http-nio-8080-exec-10] o.s.w.s.m.m.a.HttpEntityMethodProcessor  : Writing [{user={phone=01058489652, nickname=dongwook, email=dongwook@example.com, name=dongwook, id=5, role=기 (truncated)...]
2025-12-09T12:38:26.622+09:00 DEBUG 24820 --- [RE-WEAR] [http-nio-8080-exec-10] o.s.web.servlet.DispatcherServlet        : Completed 200 OK
2025-12-09T12:38:26.627+09:00 DEBUG 24820 --- [RE-WEAR] [http-nio-8080-exec-6] o.s.w.s.m.m.a.HttpEntityMethodProcessor  : Using 'application/json', given [*/*] and supported [application/json, application/*+json]
2025-12-09T12:38:26.629+09:00 DEBUG 24820 --- [RE-WEAR] [http-nio-8080-exec-6] o.s.w.s.m.m.a.HttpEntityMethodProcessor  : Writing [{unreadCount=1}]
2025-12-09T12:38:26.629+09:00 DEBUG 24820 --- [RE-WEAR] [http-nio-8080-exec-4] o.s.security.web.FilterChainProxy        : Securing GET /api/users/me
2025-12-09T12:38:26.629+09:00 DEBUG 24820 --- [RE-WEAR] [http-nio-8080-exec-6] o.s.web.servlet.DispatcherServlet        : Completed 200 OK
2025-12-09T12:38:26.629+09:00 DEBUG 24820 --- [RE-WEAR] [http-nio-8080-exec-4] w.c.HttpSessionSecurityContextRepository : Retrieved SecurityContextImpl [Authentication=UsernamePasswordAuthenticationToken [Principal=com.rewear.user.details.CustomUserDetails@33b7613d, Credentials=[PROTECTED], Authenticated=true, Details=null, Granted Authorities=[ROLE_ORGAN]]]
2025-12-09T12:38:26.629+09:00 DEBUG 24820 --- [RE-WEAR] [http-nio-8080-exec-4] o.s.security.web.FilterChainProxy        : Secured GET /api/users/me
2025-12-09T12:38:26.629+09:00 DEBUG 24820 --- [RE-WEAR] [http-nio-8080-exec-4] o.s.web.servlet.DispatcherServlet        : GET "/api/users/me", parameters={}
2025-12-09T12:38:26.629+09:00 DEBUG 24820 --- [RE-WEAR] [http-nio-8080-exec-4] s.w.s.m.m.a.RequestMappingHandlerMapping : Mapped to com.rewear.user.controller.UserController#getCurrentUser(Principal)
2025-12-09T12:38:26.634+09:00 DEBUG 24820 --- [RE-WEAR] [http-nio-8080-exec-4] o.s.w.s.m.m.a.HttpEntityMethodProcessor  : Using 'application/json', given [*/*] and supported [application/json, application/*+json]
2025-12-09T12:38:26.634+09:00 DEBUG 24820 --- [RE-WEAR] [http-nio-8080-exec-4] o.s.w.s.m.m.a.HttpEntityMethodProcessor  : Writing [{user={phone=01058489652, nickname=dongwook, email=dongwook@example.com, name=dongwook, id=5, role=기 (truncated)...]
2025-12-09T12:38:26.634+09:00 DEBUG 24820 --- [RE-WEAR] [http-nio-8080-exec-4] o.s.web.servlet.DispatcherServlet        : Completed 200 OK
2025-12-09T12:38:26.645+09:00 DEBUG 24820 --- [RE-WEAR] [http-nio-8080-exec-9] o.s.security.web.FilterChainProxy        : Securing GET /api/users/me
2025-12-09T12:38:26.645+09:00 DEBUG 24820 --- [RE-WEAR] [http-nio-8080-exec-9] w.c.HttpSessionSecurityContextRepository : Retrieved SecurityContextImpl [Authentication=UsernamePasswordAuthenticationToken [Principal=com.rewear.user.details.CustomUserDetails@33b7613d, Credentials=[PROTECTED], Authenticated=true, Details=null, Granted Authorities=[ROLE_ORGAN]]]
2025-12-09T12:38:26.645+09:00 DEBUG 24820 --- [RE-WEAR] [http-nio-8080-exec-9] o.s.security.web.FilterChainProxy        : Secured GET /api/users/me
2025-12-09T12:38:26.646+09:00 DEBUG 24820 --- [RE-WEAR] [http-nio-8080-exec-9] o.s.web.servlet.DispatcherServlet        : GET "/api/users/me", parameters={}
2025-12-09T12:38:26.646+09:00 DEBUG 24820 --- [RE-WEAR] [http-nio-8080-exec-9] s.w.s.m.m.a.RequestMappingHandlerMapping : Mapped to com.rewear.user.controller.UserController#getCurrentUser(Principal)
2025-12-09T12:38:26.651+09:00 DEBUG 24820 --- [RE-WEAR] [http-nio-8080-exec-9] o.s.w.s.m.m.a.HttpEntityMethodProcessor  : Using 'application/json', given [*/*] and supported [application/json, application/*+json]
2025-12-09T12:38:26.652+09:00 DEBUG 24820 --- [RE-WEAR] [http-nio-8080-exec-9] o.s.w.s.m.m.a.HttpEntityMethodProcessor  : Writing [{user={phone=01058489652, nickname=dongwook, email=dongwook@example.com, name=dongwook, id=5, role=기 (truncated)...]
2025-12-09T12:38:26.652+09:00 DEBUG 24820 --- [RE-WEAR] [http-nio-8080-exec-9] o.s.web.servlet.DispatcherServlet        : Completed 200 OK
2025-12-09T12:38:27.784+09:00 DEBUG 24820 --- [RE-WEAR] [http-nio-8080-exec-7] o.s.security.web.FilterChainProxy        : Securing GET /api/notifications
2025-12-09T12:38:27.784+09:00 DEBUG 24820 --- [RE-WEAR] [http-nio-8080-exec-7] w.c.HttpSessionSecurityContextRepository : Retrieved SecurityContextImpl [Authentication=UsernamePasswordAuthenticationToken [Principal=com.rewear.user.details.CustomUserDetails@33b7613d, Credentials=[PROTECTED], Authenticated=true, Details=null, Granted Authorities=[ROLE_ORGAN]]]
2025-12-09T12:38:27.784+09:00 DEBUG 24820 --- [RE-WEAR] [http-nio-8080-exec-7] o.s.security.web.FilterChainProxy        : Secured GET /api/notifications
2025-12-09T12:38:27.785+09:00 DEBUG 24820 --- [RE-WEAR] [http-nio-8080-exec-7] o.s.web.servlet.DispatcherServlet        : GET "/api/notifications", parameters={}
2025-12-09T12:38:27.785+09:00 DEBUG 24820 --- [RE-WEAR] [http-nio-8080-exec-7] s.w.s.m.m.a.RequestMappingHandlerMapping : Mapped to com.rewear.notification.controller.NotificationApiController#getNotifications(CustomUserDetails)
2025-12-09T12:38:27.785+09:00 DEBUG 24820 --- [RE-WEAR] [http-nio-8080-exec-7] horizationManagerBeforeMethodInterceptor : Authorizing method invocation ReflectiveMethodInvocation: public org.springframework.http.ResponseEntity com.rewear.notification.controller.NotificationApiController.getNotifications(com.rewear.user.details.CustomUserDetails); target is of class [com.rewear.notification.controller.NotificationApiController]
2025-12-09T12:38:27.785+09:00 DEBUG 24820 --- [RE-WEAR] [http-nio-8080-exec-7] horizationManagerBeforeMethodInterceptor : Authorized method invocation ReflectiveMethodInvocation: public org.springframework.http.ResponseEntity com.rewear.notification.controller.NotificationApiController.getNotifications(com.rewear.user.details.CustomUserDetails); target is of class [com.rewear.notification.controller.NotificationApiController]
2025-12-09T12:38:27.795+09:00 DEBUG 24820 --- [RE-WEAR] [http-nio-8080-exec-7] o.s.w.s.m.m.a.HttpEntityMethodProcessor  : Using 'application/json', given [*/*] and supported [application/json, application/*+json]
2025-12-09T12:38:27.796+09:00 DEBUG 24820 --- [RE-WEAR] [http-nio-8080-exec-7] o.s.w.s.m.m.a.HttpEntityMethodProcessor  : Writing [{unreadCount=1, notifications=[{date=2025-12-09T12:35:36.813347, relatedType=donation, read=true, de (truncated)...]
2025-12-09T12:38:27.796+09:00 DEBUG 24820 --- [RE-WEAR] [http-nio-8080-exec-7] o.s.web.servlet.DispatcherServlet        : Completed 200 OK
2025-12-09T12:38:27.803+09:00 DEBUG 24820 --- [RE-WEAR] [http-nio-8080-exec-8] o.s.security.web.FilterChainProxy        : Securing GET /api/notifications
2025-12-09T12:38:27.804+09:00 DEBUG 24820 --- [RE-WEAR] [http-nio-8080-exec-8] w.c.HttpSessionSecurityContextRepository : Retrieved SecurityContextImpl [Authentication=UsernamePasswordAuthenticationToken [Principal=com.rewear.user.details.CustomUserDetails@33b7613d, Credentials=[PROTECTED], Authenticated=true, Details=null, Granted Authorities=[ROLE_ORGAN]]]
2025-12-09T12:38:27.804+09:00 DEBUG 24820 --- [RE-WEAR] [http-nio-8080-exec-8] o.s.security.web.FilterChainProxy        : Secured GET /api/notifications
2025-12-09T12:38:27.804+09:00 DEBUG 24820 --- [RE-WEAR] [http-nio-8080-exec-8] o.s.web.servlet.DispatcherServlet        : GET "/api/notifications", parameters={}
2025-12-09T12:38:27.804+09:00 DEBUG 24820 --- [RE-WEAR] [http-nio-8080-exec-8] s.w.s.m.m.a.RequestMappingHandlerMapping : Mapped to com.rewear.notification.controller.NotificationApiController#getNotifications(CustomUserDetails)
2025-12-09T12:38:27.804+09:00 DEBUG 24820 --- [RE-WEAR] [http-nio-8080-exec-8] horizationManagerBeforeMethodInterceptor : Authorizing method invocation ReflectiveMethodInvocation: public org.springframework.http.ResponseEntity com.rewear.notification.controller.NotificationApiController.getNotifications(com.rewear.user.details.CustomUserDetails); target is of class [com.rewear.notification.controller.NotificationApiController]
2025-12-09T12:38:27.805+09:00 DEBUG 24820 --- [RE-WEAR] [http-nio-8080-exec-8] horizationManagerBeforeMethodInterceptor : Authorized method invocation ReflectiveMethodInvocation: public org.springframework.http.ResponseEntity com.rewear.notification.controller.NotificationApiController.getNotifications(com.rewear.user.details.CustomUserDetails); target is of class [com.rewear.notification.controller.NotificationApiController]
2025-12-09T12:38:27.813+09:00 DEBUG 24820 --- [RE-WEAR] [http-nio-8080-exec-8] o.s.w.s.m.m.a.HttpEntityMethodProcessor  : Using 'application/json', given [*/*] and supported [application/json, application/*+json]
2025-12-09T12:38:27.814+09:00 DEBUG 24820 --- [RE-WEAR] [http-nio-8080-exec-8] o.s.w.s.m.m.a.HttpEntityMethodProcessor  : Writing [{unreadCount=1, notifications=[{date=2025-12-09T12:35:36.813347, relatedType=donation, read=true, de (truncated)...]
2025-12-09T12:38:27.814+09:00 DEBUG 24820 --- [RE-WEAR] [http-nio-8080-exec-8] o.s.web.servlet.DispatcherServlet        : Completed 200 OK
2025-12-09T12:38:31.798+09:00 DEBUG 24820 --- [RE-WEAR] [http-nio-8080-exec-2] o.s.security.web.FilterChainProxy        : Securing POST /api/notifications/12/read
2025-12-09T12:38:31.799+09:00 DEBUG 24820 --- [RE-WEAR] [http-nio-8080-exec-2] w.c.HttpSessionSecurityContextRepository : Retrieved SecurityContextImpl [Authentication=UsernamePasswordAuthenticationToken [Principal=com.rewear.user.details.CustomUserDetails@33b7613d, Credentials=[PROTECTED], Authenticated=true, Details=null, Granted Authorities=[ROLE_ORGAN]]]
2025-12-09T12:38:31.799+09:00 DEBUG 24820 --- [RE-WEAR] [http-nio-8080-exec-2] o.s.security.web.FilterChainProxy        : Secured POST /api/notifications/12/read
2025-12-09T12:38:31.800+09:00 DEBUG 24820 --- [RE-WEAR] [http-nio-8080-exec-2] o.s.web.servlet.DispatcherServlet        : POST "/api/notifications/12/read", parameters={}
2025-12-09T12:38:31.800+09:00 DEBUG 24820 --- [RE-WEAR] [http-nio-8080-exec-2] s.w.s.m.m.a.RequestMappingHandlerMapping : Mapped to com.rewear.notification.controller.NotificationApiController#markAsRead(Long, CustomUserDetails)
2025-12-09T12:38:31.801+09:00 DEBUG 24820 --- [RE-WEAR] [http-nio-8080-exec-2] horizationManagerBeforeMethodInterceptor : Authorizing method invocation ReflectiveMethodInvocation: public org.springframework.http.ResponseEntity com.rewear.notification.controller.NotificationApiController.markAsRead(java.lang.Long,com.rewear.user.details.CustomUserDetails); target is of class [com.rewear.notification.controller.NotificationApiController]
2025-12-09T12:38:31.802+09:00 DEBUG 24820 --- [RE-WEAR] [http-nio-8080-exec-2] horizationManagerBeforeMethodInterceptor : Authorized method invocation ReflectiveMethodInvocation: public org.springframework.http.ResponseEntity com.rewear.notification.controller.NotificationApiController.markAsRead(java.lang.Long,com.rewear.user.details.CustomUserDetails); target is of class [com.rewear.notification.controller.NotificationApiController]
2025-12-09T12:38:31.835+09:00 DEBUG 24820 --- [RE-WEAR] [http-nio-8080-exec-2] o.s.w.s.m.m.a.HttpEntityMethodProcessor  : Using 'application/json', given [*/*] and supported [application/json, application/*+json]
2025-12-09T12:38:31.835+09:00 DEBUG 24820 --- [RE-WEAR] [http-nio-8080-exec-2] o.s.w.s.m.m.a.HttpEntityMethodProcessor  : Writing [{success=true, unreadCount=0}]
2025-12-09T12:38:31.836+09:00 DEBUG 24820 --- [RE-WEAR] [http-nio-8080-exec-2] o.s.web.servlet.DispatcherServlet        : Completed 200 OK
2025-12-09T12:38:33.291+09:00 DEBUG 24820 --- [RE-WEAR] [http-nio-8080-exec-3] o.s.security.web.FilterChainProxy        : Securing GET /api/users/me
2025-12-09T12:38:33.292+09:00 DEBUG 24820 --- [RE-WEAR] [http-nio-8080-exec-3] w.c.HttpSessionSecurityContextRepository : Retrieved SecurityContextImpl [Authentication=UsernamePasswordAuthenticationToken [Principal=com.rewear.user.details.CustomUserDetails@33b7613d, Credentials=[PROTECTED], Authenticated=true, Details=null, Granted Authorities=[ROLE_ORGAN]]]
2025-12-09T12:38:33.292+09:00 DEBUG 24820 --- [RE-WEAR] [http-nio-8080-exec-3] o.s.security.web.FilterChainProxy        : Secured GET /api/users/me
2025-12-09T12:38:33.292+09:00 DEBUG 24820 --- [RE-WEAR] [http-nio-8080-exec-3] o.s.web.servlet.DispatcherServlet        : GET "/api/users/me", parameters={}
2025-12-09T12:38:33.292+09:00 DEBUG 24820 --- [RE-WEAR] [http-nio-8080-exec-3] s.w.s.m.m.a.RequestMappingHandlerMapping : Mapped to com.rewear.user.controller.UserController#getCurrentUser(Principal)
2025-12-09T12:38:33.296+09:00 DEBUG 24820 --- [RE-WEAR] [http-nio-8080-exec-3] o.s.w.s.m.m.a.HttpEntityMethodProcessor  : Using 'application/json', given [*/*] and supported [application/json, application/*+json]
2025-12-09T12:38:33.296+09:00 DEBUG 24820 --- [RE-WEAR] [http-nio-8080-exec-3] o.s.w.s.m.m.a.HttpEntityMethodProcessor  : Writing [{user={phone=01058489652, nickname=dongwook, email=dongwook@example.com, name=dongwook, id=5, role=기 (truncated)...]
2025-12-09T12:38:33.296+09:00 DEBUG 24820 --- [RE-WEAR] [http-nio-8080-exec-3] o.s.web.servlet.DispatcherServlet        : Completed 200 OK
2025-12-09T12:38:33.303+09:00 DEBUG 24820 --- [RE-WEAR] [http-nio-8080-exec-1] o.s.security.web.FilterChainProxy        : Securing GET /api/users/me
2025-12-09T12:38:33.303+09:00 DEBUG 24820 --- [RE-WEAR] [http-nio-8080-exec-1] w.c.HttpSessionSecurityContextRepository : Retrieved SecurityContextImpl [Authentication=UsernamePasswordAuthenticationToken [Principal=com.rewear.user.details.CustomUserDetails@33b7613d, Credentials=[PROTECTED], Authenticated=true, Details=null, Granted Authorities=[ROLE_ORGAN]]]
2025-12-09T12:38:33.303+09:00 DEBUG 24820 --- [RE-WEAR] [http-nio-8080-exec-1] o.s.security.web.FilterChainProxy        : Secured GET /api/users/me
2025-12-09T12:38:33.303+09:00 DEBUG 24820 --- [RE-WEAR] [http-nio-8080-exec-1] o.s.web.servlet.DispatcherServlet        : GET "/api/users/me", parameters={}
2025-12-09T12:38:33.303+09:00 DEBUG 24820 --- [RE-WEAR] [http-nio-8080-exec-1] s.w.s.m.m.a.RequestMappingHandlerMapping : Mapped to com.rewear.user.controller.UserController#getCurrentUser(Principal)
2025-12-09T12:38:33.305+09:00 DEBUG 24820 --- [RE-WEAR] [http-nio-8080-exec-5] o.s.security.web.FilterChainProxy        : Securing GET /api/notifications/unread-count
2025-12-09T12:38:33.305+09:00 DEBUG 24820 --- [RE-WEAR] [http-nio-8080-exec-5] w.c.HttpSessionSecurityContextRepository : Retrieved SecurityContextImpl [Authentication=UsernamePasswordAuthenticationToken [Principal=com.rewear.user.details.CustomUserDetails@33b7613d, Credentials=[PROTECTED], Authenticated=true, Details=null, Granted Authorities=[ROLE_ORGAN]]]
2025-12-09T12:38:33.305+09:00 DEBUG 24820 --- [RE-WEAR] [http-nio-8080-exec-5] o.s.security.web.FilterChainProxy        : Secured GET /api/notifications/unread-count
2025-12-09T12:38:33.305+09:00 DEBUG 24820 --- [RE-WEAR] [http-nio-8080-exec-5] o.s.web.servlet.DispatcherServlet        : GET "/api/notifications/unread-count", parameters={}
2025-12-09T12:38:33.305+09:00 DEBUG 24820 --- [RE-WEAR] [http-nio-8080-exec-5] s.w.s.m.m.a.RequestMappingHandlerMapping : Mapped to com.rewear.notification.controller.NotificationApiController#getUnreadCount(CustomUserDetails)
2025-12-09T12:38:33.306+09:00 DEBUG 24820 --- [RE-WEAR] [http-nio-8080-exec-5] horizationManagerBeforeMethodInterceptor : Authorizing method invocation ReflectiveMethodInvocation: public org.springframework.http.ResponseEntity com.rewear.notification.controller.NotificationApiController.getUnreadCount(com.rewear.user.details.CustomUserDetails); target is of class [com.rewear.notification.controller.NotificationApiController]
2025-12-09T12:38:33.306+09:00 DEBUG 24820 --- [RE-WEAR] [http-nio-8080-exec-5] horizationManagerBeforeMethodInterceptor : Authorized method invocation ReflectiveMethodInvocation: public org.springframework.http.ResponseEntity com.rewear.notification.controller.NotificationApiController.getUnreadCount(com.rewear.user.details.CustomUserDetails); target is of class [com.rewear.notification.controller.NotificationApiController]
2025-12-09T12:38:33.309+09:00 DEBUG 24820 --- [RE-WEAR] [http-nio-8080-exec-1] o.s.w.s.m.m.a.HttpEntityMethodProcessor  : Using 'application/json', given [*/*] and supported [application/json, application/*+json]
2025-12-09T12:38:33.309+09:00 DEBUG 24820 --- [RE-WEAR] [http-nio-8080-exec-1] o.s.w.s.m.m.a.HttpEntityMethodProcessor  : Writing [{user={phone=01058489652, nickname=dongwook, email=dongwook@example.com, name=dongwook, id=5, role=기 (truncated)...]
2025-12-09T12:38:33.309+09:00 DEBUG 24820 --- [RE-WEAR] [http-nio-8080-exec-1] o.s.web.servlet.DispatcherServlet        : Completed 200 OK
2025-12-09T12:38:33.314+09:00 DEBUG 24820 --- [RE-WEAR] [http-nio-8080-exec-5] o.s.w.s.m.m.a.HttpEntityMethodProcessor  : Using 'application/json', given [*/*] and supported [application/json, application/*+json]
2025-12-09T12:38:33.314+09:00 DEBUG 24820 --- [RE-WEAR] [http-nio-8080-exec-5] o.s.w.s.m.m.a.HttpEntityMethodProcessor  : Writing [{unreadCount=0}]
2025-12-09T12:38:33.317+09:00 DEBUG 24820 --- [RE-WEAR] [http-nio-8080-exec-5] o.s.web.servlet.DispatcherServlet        : Completed 200 OK
2025-12-09T12:38:33.330+09:00 DEBUG 24820 --- [RE-WEAR] [http-nio-8080-exec-10] o.s.security.web.FilterChainProxy        : Securing GET /api/users/me
2025-12-09T12:38:33.331+09:00 DEBUG 24820 --- [RE-WEAR] [http-nio-8080-exec-10] w.c.HttpSessionSecurityContextRepository : Retrieved SecurityContextImpl [Authentication=UsernamePasswordAuthenticationToken [Principal=com.rewear.user.details.CustomUserDetails@33b7613d, Credentials=[PROTECTED], Authenticated=true, Details=null, Granted Authorities=[ROLE_ORGAN]]]
2025-12-09T12:38:33.331+09:00 DEBUG 24820 --- [RE-WEAR] [http-nio-8080-exec-10] o.s.security.web.FilterChainProxy        : Secured GET /api/users/me
2025-12-09T12:38:33.331+09:00 DEBUG 24820 --- [RE-WEAR] [http-nio-8080-exec-10] o.s.web.servlet.DispatcherServlet        : GET "/api/users/me", parameters={}
2025-12-09T12:38:33.331+09:00 DEBUG 24820 --- [RE-WEAR] [http-nio-8080-exec-10] s.w.s.m.m.a.RequestMappingHandlerMapping : Mapped to com.rewear.user.controller.UserController#getCurrentUser(Principal)
2025-12-09T12:38:33.338+09:00 DEBUG 24820 --- [RE-WEAR] [http-nio-8080-exec-10] o.s.w.s.m.m.a.HttpEntityMethodProcessor  : Using 'application/json', given [*/*] and supported [application/json, application/*+json]
2025-12-09T12:38:33.338+09:00 DEBUG 24820 --- [RE-WEAR] [http-nio-8080-exec-10] o.s.w.s.m.m.a.HttpEntityMethodProcessor  : Writing [{user={phone=01058489652, nickname=dongwook, email=dongwook@example.com, name=dongwook, id=5, role=기 (truncated)...]
2025-12-09T12:38:33.339+09:00 DEBUG 24820 --- [RE-WEAR] [http-nio-8080-exec-10] o.s.web.servlet.DispatcherServlet        : Completed 200 OK
2025-12-09T12:38:33.348+09:00 DEBUG 24820 --- [RE-WEAR] [http-nio-8080-exec-6] o.s.security.web.FilterChainProxy        : Securing GET /api/users/me
2025-12-09T12:38:33.349+09:00 DEBUG 24820 --- [RE-WEAR] [http-nio-8080-exec-6] w.c.HttpSessionSecurityContextRepository : Retrieved SecurityContextImpl [Authentication=UsernamePasswordAuthenticationToken [Principal=com.rewear.user.details.CustomUserDetails@33b7613d, Credentials=[PROTECTED], Authenticated=true, Details=null, Granted Authorities=[ROLE_ORGAN]]]
2025-12-09T12:38:33.349+09:00 DEBUG 24820 --- [RE-WEAR] [http-nio-8080-exec-6] o.s.security.web.FilterChainProxy        : Secured GET /api/users/me
2025-12-09T12:38:33.349+09:00 DEBUG 24820 --- [RE-WEAR] [http-nio-8080-exec-6] o.s.web.servlet.DispatcherServlet        : GET "/api/users/me", parameters={}
2025-12-09T12:38:33.349+09:00 DEBUG 24820 --- [RE-WEAR] [http-nio-8080-exec-6] s.w.s.m.m.a.RequestMappingHandlerMapping : Mapped to com.rewear.user.controller.UserController#getCurrentUser(Principal)
2025-12-09T12:38:33.354+09:00 DEBUG 24820 --- [RE-WEAR] [http-nio-8080-exec-6] o.s.w.s.m.m.a.HttpEntityMethodProcessor  : Using 'application/json', given [*/*] and supported [application/json, application/*+json]
2025-12-09T12:38:33.354+09:00 DEBUG 24820 --- [RE-WEAR] [http-nio-8080-exec-6] o.s.w.s.m.m.a.HttpEntityMethodProcessor  : Writing [{user={phone=01058489652, nickname=dongwook, email=dongwook@example.com, name=dongwook, id=5, role=기 (truncated)...]
2025-12-09T12:38:33.355+09:00 DEBUG 24820 --- [RE-WEAR] [http-nio-8080-exec-6] o.s.web.servlet.DispatcherServlet        : Completed 200 OK
2025-12-09T12:38:38.560+09:00 DEBUG 24820 --- [RE-WEAR] [http-nio-8080-exec-4] o.s.security.web.FilterChainProxy        : Securing GET /api/organs/donations
2025-12-09T12:38:38.560+09:00 DEBUG 24820 --- [RE-WEAR] [http-nio-8080-exec-9] o.s.security.web.FilterChainProxy        : Securing GET /api/organs/donations/completed
2025-12-09T12:38:38.560+09:00 DEBUG 24820 --- [RE-WEAR] [http-nio-8080-exec-4] w.c.HttpSessionSecurityContextRepository : Retrieved SecurityContextImpl [Authentication=UsernamePasswordAuthenticationToken [Principal=com.rewear.user.details.CustomUserDetails@33b7613d, Credentials=[PROTECTED], Authenticated=true, Details=null, Granted Authorities=[ROLE_ORGAN]]]
2025-12-09T12:38:38.560+09:00 DEBUG 24820 --- [RE-WEAR] [http-nio-8080-exec-4] o.s.security.web.FilterChainProxy        : Secured GET /api/organs/donations
2025-12-09T12:38:38.561+09:00 DEBUG 24820 --- [RE-WEAR] [http-nio-8080-exec-4] o.s.web.servlet.DispatcherServlet        : GET "/api/organs/donations", parameters={}
2025-12-09T12:38:38.561+09:00 DEBUG 24820 --- [RE-WEAR] [http-nio-8080-exec-9] w.c.HttpSessionSecurityContextRepository : Retrieved SecurityContextImpl [Authentication=UsernamePasswordAuthenticationToken [Principal=com.rewear.user.details.CustomUserDetails@33b7613d, Credentials=[PROTECTED], Authenticated=true, Details=null, Granted Authorities=[ROLE_ORGAN]]]
2025-12-09T12:38:38.561+09:00 DEBUG 24820 --- [RE-WEAR] [http-nio-8080-exec-9] o.s.security.web.FilterChainProxy        : Secured GET /api/organs/donations/completed
2025-12-09T12:38:38.561+09:00 DEBUG 24820 --- [RE-WEAR] [http-nio-8080-exec-4] s.w.s.m.m.a.RequestMappingHandlerMapping : Mapped to com.rewear.organ.controller.OrganApiController#getOrganDonations(CustomUserDetails)
2025-12-09T12:38:38.561+09:00 DEBUG 24820 --- [RE-WEAR] [http-nio-8080-exec-9] o.s.web.servlet.DispatcherServlet        : GET "/api/organs/donations/completed", parameters={}
2025-12-09T12:38:38.561+09:00 DEBUG 24820 --- [RE-WEAR] [http-nio-8080-exec-9] s.w.s.m.m.a.RequestMappingHandlerMapping : Mapped to com.rewear.organ.controller.OrganApiController#getCompletedDonations(CustomUserDetails)
2025-12-09T12:38:38.561+09:00 DEBUG 24820 --- [RE-WEAR] [http-nio-8080-exec-4] horizationManagerBeforeMethodInterceptor : Authorizing method invocation ReflectiveMethodInvocation: public org.springframework.http.ResponseEntity com.rewear.organ.controller.OrganApiController.getOrganDonations(com.rewear.user.details.CustomUserDetails); target is of class [com.rewear.organ.controller.OrganApiController]
2025-12-09T12:38:38.561+09:00 DEBUG 24820 --- [RE-WEAR] [http-nio-8080-exec-9] horizationManagerBeforeMethodInterceptor : Authorizing method invocation ReflectiveMethodInvocation: public org.springframework.http.ResponseEntity com.rewear.organ.controller.OrganApiController.getCompletedDonations(com.rewear.user.details.CustomUserDetails); target is of class [com.rewear.organ.controller.OrganApiController]
2025-12-09T12:38:38.562+09:00 DEBUG 24820 --- [RE-WEAR] [http-nio-8080-exec-9] horizationManagerBeforeMethodInterceptor : Authorized method invocation ReflectiveMethodInvocation: public org.springframework.http.ResponseEntity com.rewear.organ.controller.OrganApiController.getCompletedDonations(com.rewear.user.details.CustomUserDetails); target is of class [com.rewear.organ.controller.OrganApiController]
2025-12-09T12:38:38.562+09:00 DEBUG 24820 --- [RE-WEAR] [http-nio-8080-exec-4] horizationManagerBeforeMethodInterceptor : Authorized method invocation ReflectiveMethodInvocation: public org.springframework.http.ResponseEntity com.rewear.organ.controller.OrganApiController.getOrganDonations(com.rewear.user.details.CustomUserDetails); target is of class [com.rewear.organ.controller.OrganApiController]
2025-12-09T12:38:38.579+09:00 DEBUG 24820 --- [RE-WEAR] [http-nio-8080-exec-4] o.s.w.s.m.m.a.HttpEntityMethodProcessor  : Using 'application/json', given [*/*] and supported [application/json, application/*+json]
2025-12-09T12:38:38.580+09:00 DEBUG 24820 --- [RE-WEAR] [http-nio-8080-exec-4] o.s.w.s.m.m.a.HttpEntityMethodProcessor  : Writing [{donations=[], count=0}]
2025-12-09T12:38:38.580+09:00 DEBUG 24820 --- [RE-WEAR] [http-nio-8080-exec-4] o.s.web.servlet.DispatcherServlet        : Completed 200 OK
2025-12-09T12:38:38.581+09:00 DEBUG 24820 --- [RE-WEAR] [http-nio-8080-exec-9] o.s.w.s.m.m.a.HttpEntityMethodProcessor  : Using 'application/json', given [*/*] and supported [application/json, application/*+json]
2025-12-09T12:38:38.581+09:00 DEBUG 24820 --- [RE-WEAR] [http-nio-8080-exec-9] o.s.w.s.m.m.a.HttpEntityMethodProcessor  : Writing [{donations=[{date=2025-12-08, donorName=일반 사용자, delivery={senderPhone=01012345678, receiverAddress=경 (truncated)...]
2025-12-09T12:38:38.581+09:00 DEBUG 24820 --- [RE-WEAR] [http-nio-8080-exec-9] o.s.web.servlet.DispatcherServlet        : Completed 200 OK
2025-12-09T12:38:38.591+09:00 DEBUG 24820 --- [RE-WEAR] [http-nio-8080-exec-8] o.s.security.web.FilterChainProxy        : Securing GET /api/organs/donations/completed
2025-12-09T12:38:38.591+09:00 DEBUG 24820 --- [RE-WEAR] [http-nio-8080-exec-7] o.s.security.web.FilterChainProxy        : Securing GET /api/organs/donations
2025-12-09T12:38:38.592+09:00 DEBUG 24820 --- [RE-WEAR] [http-nio-8080-exec-7] w.c.HttpSessionSecurityContextRepository : Retrieved SecurityContextImpl [Authentication=UsernamePasswordAuthenticationToken [Principal=com.rewear.user.details.CustomUserDetails@33b7613d, Credentials=[PROTECTED], Authenticated=true, Details=null, Granted Authorities=[ROLE_ORGAN]]]
2025-12-09T12:38:38.592+09:00 DEBUG 24820 --- [RE-WEAR] [http-nio-8080-exec-8] w.c.HttpSessionSecurityContextRepository : Retrieved SecurityContextImpl [Authentication=UsernamePasswordAuthenticationToken [Principal=com.rewear.user.details.CustomUserDetails@33b7613d, Credentials=[PROTECTED], Authenticated=true, Details=null, Granted Authorities=[ROLE_ORGAN]]]
2025-12-09T12:38:38.592+09:00 DEBUG 24820 --- [RE-WEAR] [http-nio-8080-exec-7] o.s.security.web.FilterChainProxy        : Secured GET /api/organs/donations
2025-12-09T12:38:38.592+09:00 DEBUG 24820 --- [RE-WEAR] [http-nio-8080-exec-7] o.s.web.servlet.DispatcherServlet        : GET "/api/organs/donations", parameters={}
2025-12-09T12:38:38.592+09:00 DEBUG 24820 --- [RE-WEAR] [http-nio-8080-exec-7] s.w.s.m.m.a.RequestMappingHandlerMapping : Mapped to com.rewear.organ.controller.OrganApiController#getOrganDonations(CustomUserDetails)
2025-12-09T12:38:38.592+09:00 DEBUG 24820 --- [RE-WEAR] [http-nio-8080-exec-8] o.s.security.web.FilterChainProxy        : Secured GET /api/organs/donations/completed
2025-12-09T12:38:38.592+09:00 DEBUG 24820 --- [RE-WEAR] [http-nio-8080-exec-7] horizationManagerBeforeMethodInterceptor : Authorizing method invocation ReflectiveMethodInvocation: public org.springframework.http.ResponseEntity com.rewear.organ.controller.OrganApiController.getOrganDonations(com.rewear.user.details.CustomUserDetails); target is of class [com.rewear.organ.controller.OrganApiController]
2025-12-09T12:38:38.592+09:00 DEBUG 24820 --- [RE-WEAR] [http-nio-8080-exec-8] o.s.web.servlet.DispatcherServlet        : GET "/api/organs/donations/completed", parameters={}
2025-12-09T12:38:38.593+09:00 DEBUG 24820 --- [RE-WEAR] [http-nio-8080-exec-8] s.w.s.m.m.a.RequestMappingHandlerMapping : Mapped to com.rewear.organ.controller.OrganApiController#getCompletedDonations(CustomUserDetails)
2025-12-09T12:38:38.593+09:00 DEBUG 24820 --- [RE-WEAR] [http-nio-8080-exec-7] horizationManagerBeforeMethodInterceptor : Authorized method invocation ReflectiveMethodInvocation: public org.springframework.http.ResponseEntity com.rewear.organ.controller.OrganApiController.getOrganDonations(com.rewear.user.details.CustomUserDetails); target is of class [com.rewear.organ.controller.OrganApiController]
2025-12-09T12:38:38.593+09:00 DEBUG 24820 --- [RE-WEAR] [http-nio-8080-exec-8] horizationManagerBeforeMethodInterceptor : Authorizing method invocation ReflectiveMethodInvocation: public org.springframework.http.ResponseEntity com.rewear.organ.controller.OrganApiController.getCompletedDonations(com.rewear.user.details.CustomUserDetails); target is of class [com.rewear.organ.controller.OrganApiController]
2025-12-09T12:38:38.593+09:00 DEBUG 24820 --- [RE-WEAR] [http-nio-8080-exec-8] horizationManagerBeforeMethodInterceptor : Authorized method invocation ReflectiveMethodInvocation: public org.springframework.http.ResponseEntity com.rewear.organ.controller.OrganApiController.getCompletedDonations(com.rewear.user.details.CustomUserDetails); target is of class [com.rewear.organ.controller.OrganApiController]
2025-12-09T12:38:38.645+09:00 DEBUG 24820 --- [RE-WEAR] [http-nio-8080-exec-7] o.s.w.s.m.m.a.HttpEntityMethodProcessor  : Using 'application/json', given [*/*] and supported [application/json, application/*+json]
2025-12-09T12:38:38.645+09:00 DEBUG 24820 --- [RE-WEAR] [http-nio-8080-exec-7] o.s.w.s.m.m.a.HttpEntityMethodProcessor  : Writing [{donations=[], count=0}]
2025-12-09T12:38:38.645+09:00 DEBUG 24820 --- [RE-WEAR] [http-nio-8080-exec-7] o.s.web.servlet.DispatcherServlet        : Completed 200 OK
2025-12-09T12:38:38.650+09:00 DEBUG 24820 --- [RE-WEAR] [http-nio-8080-exec-8] o.s.w.s.m.m.a.HttpEntityMethodProcessor  : Using 'application/json', given [*/*] and supported [application/json, application/*+json]
2025-12-09T12:38:38.650+09:00 DEBUG 24820 --- [RE-WEAR] [http-nio-8080-exec-8] o.s.w.s.m.m.a.HttpEntityMethodProcessor  : Writing [{donations=[{date=2025-12-08, donorName=일반 사용자, delivery={senderPhone=01012345678, receiverAddress=경 (truncated)...]
2025-12-09T12:38:38.651+09:00 DEBUG 24820 --- [RE-WEAR] [http-nio-8080-exec-8] o.s.web.servlet.DispatcherServlet        : Completed 200 OK
2025-12-09T12:38:47.835+09:00 DEBUG 24820 --- [RE-WEAR] [http-nio-8080-exec-2] o.s.security.web.FilterChainProxy        : Securing GET /favicon.ico
2025-12-09T12:38:47.836+09:00 DEBUG 24820 --- [RE-WEAR] [http-nio-8080-exec-2] o.s.s.w.a.AnonymousAuthenticationFilter  : Set SecurityContextHolder to anonymous SecurityContext
2025-12-09T12:38:47.837+09:00 DEBUG 24820 --- [RE-WEAR] [http-nio-8080-exec-2] o.s.security.web.FilterChainProxy        : Secured GET /favicon.ico
2025-12-09T12:38:47.838+09:00 DEBUG 24820 --- [RE-WEAR] [http-nio-8080-exec-2] o.s.web.servlet.DispatcherServlet        : GET "/favicon.ico", parameters={}
2025-12-09T12:38:47.840+09:00 DEBUG 24820 --- [RE-WEAR] [http-nio-8080-exec-2] o.s.w.s.handler.SimpleUrlHandlerMapping  : Mapped to ResourceHttpRequestHandler [classpath [META-INF/resources/], classpath [resources/], classpath [static/], classpath [public/], ServletContext [/]]
2025-12-09T12:38:47.855+09:00 DEBUG 24820 --- [RE-WEAR] [http-nio-8080-exec-2] o.s.w.s.r.ResourceHttpRequestHandler     : Resource not found
2025-12-09T12:38:47.857+09:00 DEBUG 24820 --- [RE-WEAR] [http-nio-8080-exec-2] .m.m.a.ExceptionHandlerExceptionResolver : Using @ExceptionHandler com.rewear.config.GlobalExceptionHandler#handleNoResourceFoundException(NoResourceFoundException, HttpServletRequest)
2025-12-09T12:38:47.857+09:00 DEBUG 24820 --- [RE-WEAR] [http-nio-8080-exec-2] .m.m.a.ExceptionHandlerExceptionResolver : Resolved [org.springframework.web.servlet.resource.NoResourceFoundException: No static resource favicon.ico.]
2025-12-09T12:38:47.857+09:00 DEBUG 24820 --- [RE-WEAR] [http-nio-8080-exec-2] o.s.web.servlet.DispatcherServlet        : Completed 200 OK
2025-12-09T12:39:08.151+09:00 DEBUG 24820 --- [RE-WEAR] [http-nio-8080-exec-1] o.s.security.web.FilterChainProxy        : Securing GET /geoserver/web/
2025-12-09T12:39:08.151+09:00 DEBUG 24820 --- [RE-WEAR] [http-nio-8080-exec-1] o.s.s.w.a.AnonymousAuthenticationFilter  : Set SecurityContextHolder to anonymous SecurityContext
2025-12-09T12:39:08.168+09:00 DEBUG 24820 --- [RE-WEAR] [http-nio-8080-exec-1] o.s.s.w.s.HttpSessionRequestCache        : Saved request http://165.229.229.253:8080/geoserver/web/?continue to session
2025-12-09T13:07:22.709+09:00 DEBUG 24820 --- [RE-WEAR] [http-nio-8080-exec-10] o.s.security.web.FilterChainProxy        : Securing GET /
2025-12-09T13:07:22.829+09:00 DEBUG 24820 --- [RE-WEAR] [http-nio-8080-exec-10] o.s.s.w.a.AnonymousAuthenticationFilter  : Set SecurityContextHolder to anonymous SecurityContext
2025-12-09T13:07:22.832+09:00 DEBUG 24820 --- [RE-WEAR] [http-nio-8080-exec-10] o.s.security.web.FilterChainProxy        : Secured GET /
2025-12-09T13:07:22.833+09:00 DEBUG 24820 --- [RE-WEAR] [http-nio-8080-exec-10] o.s.web.servlet.DispatcherServlet        : GET "/", parameters={}
2025-12-09T13:07:22.928+09:00 DEBUG 24820 --- [RE-WEAR] [http-nio-8080-exec-10] s.w.s.m.m.a.RequestMappingHandlerMapping : Mapped to com.rewear.email.controller.EmailWebController#main(CustomUserDetails, Model, HttpServletRequest)
2025-12-09T13:07:23.037+09:00 DEBUG 24820 --- [RE-WEAR] [http-nio-8080-exec-10] o.s.w.s.v.ContentNegotiatingViewResolver : Selected '*/*' given [*/*]
2025-12-09T13:07:23.671+09:00 DEBUG 24820 --- [RE-WEAR] [http-nio-8080-exec-10] o.s.web.servlet.DispatcherServlet        : Completed 200 OK
2025-12-09T13:07:32.214+09:00  WARN 24820 --- [RE-WEAR] [HikariPool-1 housekeeper] com.zaxxer.hikari.pool.HikariPool        : HikariPool-1 - Thread starvation or clock leap detected (housekeeper delta=25m49s210ms884µs800ns).
2025-12-09T13:16:41.935+09:00 DEBUG 24820 --- [RE-WEAR] [http-nio-8080-exec-4] o.s.security.web.FilterChainProxy        : Securing GET /
2025-12-09T13:16:41.944+09:00 DEBUG 24820 --- [RE-WEAR] [http-nio-8080-exec-4] o.s.s.w.a.AnonymousAuthenticationFilter  : Set SecurityContextHolder to anonymous SecurityContext
2025-12-09T13:16:41.945+09:00 DEBUG 24820 --- [RE-WEAR] [http-nio-8080-exec-4] o.s.security.web.FilterChainProxy        : Secured GET /
2025-12-09T13:16:41.948+09:00 DEBUG 24820 --- [RE-WEAR] [http-nio-8080-exec-4] o.s.web.servlet.DispatcherServlet        : GET "/", parameters={}
2025-12-09T13:16:41.949+09:00 DEBUG 24820 --- [RE-WEAR] [http-nio-8080-exec-4] s.w.s.m.m.a.RequestMappingHandlerMapping : Mapped to com.rewear.email.controller.EmailWebController#main(CustomUserDetails, Model, HttpServletRequest)
2025-12-09T13:16:41.978+09:00 DEBUG 24820 --- [RE-WEAR] [http-nio-8080-exec-4] o.s.w.s.v.ContentNegotiatingViewResolver : Selected '*/*' given [*/*]
2025-12-09T13:16:42.026+09:00 DEBUG 24820 --- [RE-WEAR] [http-nio-8080-exec-4] o.s.web.servlet.DispatcherServlet        : Completed 200 OK
2025-12-09T13:24:27.131+09:00 DEBUG 24820 --- [RE-WEAR] [http-nio-8080-exec-8] o.s.security.web.FilterChainProxy        : Securing GET /
2025-12-09T13:24:27.140+09:00 DEBUG 24820 --- [RE-WEAR] [http-nio-8080-exec-8] o.s.s.w.a.AnonymousAuthenticationFilter  : Set SecurityContextHolder to anonymous SecurityContext
2025-12-09T13:24:27.141+09:00 DEBUG 24820 --- [RE-WEAR] [http-nio-8080-exec-8] o.s.security.web.FilterChainProxy        : Secured GET /
2025-12-09T13:24:27.144+09:00 DEBUG 24820 --- [RE-WEAR] [http-nio-8080-exec-8] o.s.web.servlet.DispatcherServlet        : GET "/", parameters={}
2025-12-09T13:24:27.145+09:00 DEBUG 24820 --- [RE-WEAR] [http-nio-8080-exec-8] s.w.s.m.m.a.RequestMappingHandlerMapping : Mapped to com.rewear.email.controller.EmailWebController#main(CustomUserDetails, Model, HttpServletRequest)
2025-12-09T13:24:27.166+09:00 DEBUG 24820 --- [RE-WEAR] [http-nio-8080-exec-8] o.s.w.s.v.ContentNegotiatingViewResolver : Selected '*/*' given [*/*]
2025-12-09T13:24:27.212+09:00 DEBUG 24820 --- [RE-WEAR] [http-nio-8080-exec-8] o.s.web.servlet.DispatcherServlet        : Completed 200 OK
2025-12-09T13:24:30.531+09:00  INFO 24820 --- [RE-WEAR] [http-nio-8080-exec-3] o.apache.coyote.http11.Http11Processor   : Error parsing HTTP request header
 Note: further occurrences of HTTP request parsing errors will be logged at DEBUG level.

java.lang.IllegalArgumentException: Invalid character found in method name [0x160x030x010x000xee0x010x000x000xea0x030x03<P0x1f ]. HTTP method names must be tokens
	at org.apache.coyote.http11.Http11InputBuffer.parseRequestLine(Http11InputBuffer.java:407) ~[tomcat-embed-core-10.1.24.jar:10.1.24]
	at org.apache.coyote.http11.Http11Processor.service(Http11Processor.java:262) ~[tomcat-embed-core-10.1.24.jar:10.1.24]
	at org.apache.coyote.AbstractProcessorLight.process(AbstractProcessorLight.java:63) ~[tomcat-embed-core-10.1.24.jar:10.1.24]
	at org.apache.coyote.AbstractProtocol$ConnectionHandler.process(AbstractProtocol.java:896) ~[tomcat-embed-core-10.1.24.jar:10.1.24]
	at org.apache.tomcat.util.net.NioEndpoint$SocketProcessor.doRun(NioEndpoint.java:1741) ~[tomcat-embed-core-10.1.24.jar:10.1.24]
	at org.apache.tomcat.util.net.SocketProcessorBase.run(SocketProcessorBase.java:52) ~[tomcat-embed-core-10.1.24.jar:10.1.24]
	at org.apache.tomcat.util.threads.ThreadPoolExecutor.runWorker(ThreadPoolExecutor.java:1190) ~[tomcat-embed-core-10.1.24.jar:10.1.24]
	at org.apache.tomcat.util.threads.ThreadPoolExecutor$Worker.run(ThreadPoolExecutor.java:659) ~[tomcat-embed-core-10.1.24.jar:10.1.24]
	at org.apache.tomcat.util.threads.TaskThread$WrappingRunnable.run(TaskThread.java:63) ~[tomcat-embed-core-10.1.24.jar:10.1.24]
	at java.base/java.lang.Thread.run(Thread.java:1583) ~[na:na]

2025-12-09T13:24:30.867+09:00 DEBUG 24820 --- [RE-WEAR] [http-nio-8080-exec-1] o.s.security.web.FilterChainProxy        : Securing GET /
2025-12-09T13:24:30.867+09:00 DEBUG 24820 --- [RE-WEAR] [http-nio-8080-exec-1] o.s.s.w.a.AnonymousAuthenticationFilter  : Set SecurityContextHolder to anonymous SecurityContext
2025-12-09T13:24:30.868+09:00 DEBUG 24820 --- [RE-WEAR] [http-nio-8080-exec-1] o.s.security.web.FilterChainProxy        : Secured GET /
2025-12-09T13:24:30.868+09:00 DEBUG 24820 --- [RE-WEAR] [http-nio-8080-exec-1] o.s.web.servlet.DispatcherServlet        : GET "/", parameters={}
2025-12-09T13:24:30.868+09:00 DEBUG 24820 --- [RE-WEAR] [http-nio-8080-exec-1] s.w.s.m.m.a.RequestMappingHandlerMapping : Mapped to com.rewear.email.controller.EmailWebController#main(CustomUserDetails, Model, HttpServletRequest)
2025-12-09T13:24:30.871+09:00 DEBUG 24820 --- [RE-WEAR] [http-nio-8080-exec-1] o.s.w.s.v.ContentNegotiatingViewResolver : Selected '*/*' given [*/*]
2025-12-09T13:24:30.889+09:00 DEBUG 24820 --- [RE-WEAR] [http-nio-8080-exec-1] o.s.web.servlet.DispatcherServlet        : Completed 200 OK
2025-12-09T13:24:31.184+09:00 DEBUG 24820 --- [RE-WEAR] [http-nio-8080-exec-6] o.s.security.web.FilterChainProxy        : Securing GET /favicon.ico
2025-12-09T13:24:31.185+09:00 DEBUG 24820 --- [RE-WEAR] [http-nio-8080-exec-6] o.s.s.w.a.AnonymousAuthenticationFilter  : Set SecurityContextHolder to anonymous SecurityContext
2025-12-09T13:24:31.185+09:00 DEBUG 24820 --- [RE-WEAR] [http-nio-8080-exec-6] o.s.security.web.FilterChainProxy        : Secured GET /favicon.ico
2025-12-09T13:24:31.185+09:00 DEBUG 24820 --- [RE-WEAR] [http-nio-8080-exec-6] o.s.web.servlet.DispatcherServlet        : GET "/favicon.ico", parameters={}
2025-12-09T13:24:31.187+09:00 DEBUG 24820 --- [RE-WEAR] [http-nio-8080-exec-6] o.s.w.s.handler.SimpleUrlHandlerMapping  : Mapped to ResourceHttpRequestHandler [classpath [META-INF/resources/], classpath [resources/], classpath [static/], classpath [public/], ServletContext [/]]
2025-12-09T13:24:31.209+09:00 DEBUG 24820 --- [RE-WEAR] [http-nio-8080-exec-6] o.s.w.s.r.ResourceHttpRequestHandler     : Resource not found
2025-12-09T13:24:31.214+09:00 DEBUG 24820 --- [RE-WEAR] [http-nio-8080-exec-6] .m.m.a.ExceptionHandlerExceptionResolver : Using @ExceptionHandler com.rewear.config.GlobalExceptionHandler#handleNoResourceFoundException(NoResourceFoundException, HttpServletRequest)
2025-12-09T13:24:31.215+09:00 DEBUG 24820 --- [RE-WEAR] [http-nio-8080-exec-6] .m.m.a.ExceptionHandlerExceptionResolver : Resolved [org.springframework.web.servlet.resource.NoResourceFoundException: No static resource favicon.ico.]
2025-12-09T13:24:31.215+09:00 DEBUG 24820 --- [RE-WEAR] [http-nio-8080-exec-6] o.s.web.servlet.DispatcherServlet        : Completed 200 OK
2025-12-09T13:24:34.501+09:00 DEBUG 24820 --- [RE-WEAR] [http-nio-8080-exec-9] o.s.security.web.FilterChainProxy        : Securing GET /login
2025-12-09T13:24:34.502+09:00 DEBUG 24820 --- [RE-WEAR] [http-nio-8080-exec-9] o.s.s.w.a.AnonymousAuthenticationFilter  : Set SecurityContextHolder to anonymous SecurityContext
2025-12-09T13:24:34.502+09:00 DEBUG 24820 --- [RE-WEAR] [http-nio-8080-exec-9] o.s.security.web.FilterChainProxy        : Secured GET /login
2025-12-09T13:24:34.503+09:00 DEBUG 24820 --- [RE-WEAR] [http-nio-8080-exec-9] o.s.web.servlet.DispatcherServlet        : GET "/login", parameters={}
2025-12-09T13:24:34.504+09:00 DEBUG 24820 --- [RE-WEAR] [http-nio-8080-exec-9] s.w.s.m.m.a.RequestMappingHandlerMapping : Mapped to com.rewear.email.controller.EmailWebController#loginForm(LoginForm, String, String, Model, Authentication)
2025-12-09T13:24:34.568+09:00 DEBUG 24820 --- [RE-WEAR] [http-nio-8080-exec-9] o.s.w.s.v.ContentNegotiatingViewResolver : Selected '*/*' given [*/*]
2025-12-09T13:24:34.602+09:00 DEBUG 24820 --- [RE-WEAR] [http-nio-8080-exec-9] o.s.web.servlet.DispatcherServlet        : Completed 200 OK
2025-12-09T13:24:34.734+09:00 DEBUG 24820 --- [RE-WEAR] [http-nio-8080-exec-8] o.s.security.web.FilterChainProxy        : Securing GET /favicon.ico
2025-12-09T13:24:34.734+09:00 DEBUG 24820 --- [RE-WEAR] [http-nio-8080-exec-8] o.s.s.w.a.AnonymousAuthenticationFilter  : Set SecurityContextHolder to anonymous SecurityContext
2025-12-09T13:24:34.734+09:00 DEBUG 24820 --- [RE-WEAR] [http-nio-8080-exec-8] o.s.security.web.FilterChainProxy        : Secured GET /favicon.ico
2025-12-09T13:24:34.734+09:00 DEBUG 24820 --- [RE-WEAR] [http-nio-8080-exec-8] o.s.web.servlet.DispatcherServlet        : GET "/favicon.ico", parameters={}
2025-12-09T13:24:34.736+09:00 DEBUG 24820 --- [RE-WEAR] [http-nio-8080-exec-8] o.s.w.s.handler.SimpleUrlHandlerMapping  : Mapped to ResourceHttpRequestHandler [classpath [META-INF/resources/], classpath [resources/], classpath [static/], classpath [public/], ServletContext [/]]
2025-12-09T13:24:34.738+09:00 DEBUG 24820 --- [RE-WEAR] [http-nio-8080-exec-8] o.s.w.s.r.ResourceHttpRequestHandler     : Resource not found
2025-12-09T13:24:34.739+09:00 DEBUG 24820 --- [RE-WEAR] [http-nio-8080-exec-8] .m.m.a.ExceptionHandlerExceptionResolver : Using @ExceptionHandler com.rewear.config.GlobalExceptionHandler#handleNoResourceFoundException(NoResourceFoundException, HttpServletRequest)
2025-12-09T13:24:34.739+09:00 DEBUG 24820 --- [RE-WEAR] [http-nio-8080-exec-8] .m.m.a.ExceptionHandlerExceptionResolver : Resolved [org.springframework.web.servlet.resource.NoResourceFoundException: No static resource favicon.ico.]
2025-12-09T13:24:34.739+09:00 DEBUG 24820 --- [RE-WEAR] [http-nio-8080-exec-8] o.s.web.servlet.DispatcherServlet        : Completed 200 OK
2025-12-09T13:26:16.089+09:00 DEBUG 24820 --- [RE-WEAR] [http-nio-8080-exec-2] o.s.security.web.FilterChainProxy        : Securing GET /
2025-12-09T13:26:16.091+09:00 DEBUG 24820 --- [RE-WEAR] [http-nio-8080-exec-2] o.s.s.w.a.AnonymousAuthenticationFilter  : Set SecurityContextHolder to anonymous SecurityContext
2025-12-09T13:26:16.092+09:00 DEBUG 24820 --- [RE-WEAR] [http-nio-8080-exec-2] o.s.security.web.FilterChainProxy        : Secured GET /
2025-12-09T13:26:16.092+09:00 DEBUG 24820 --- [RE-WEAR] [http-nio-8080-exec-2] o.s.web.servlet.DispatcherServlet        : GET "/", parameters={}
2025-12-09T13:26:16.093+09:00 DEBUG 24820 --- [RE-WEAR] [http-nio-8080-exec-2] s.w.s.m.m.a.RequestMappingHandlerMapping : Mapped to com.rewear.email.controller.EmailWebController#main(CustomUserDetails, Model, HttpServletRequest)
2025-12-09T13:26:16.095+09:00 DEBUG 24820 --- [RE-WEAR] [http-nio-8080-exec-2] o.s.w.s.v.ContentNegotiatingViewResolver : Selected '*/*' given [*/*]
2025-12-09T13:26:16.108+09:00 DEBUG 24820 --- [RE-WEAR] [http-nio-8080-exec-2] o.s.web.servlet.DispatcherServlet        : Completed 200 OK
2025-12-09T13:32:28.837+09:00 DEBUG 24820 --- [RE-WEAR] [http-nio-8080-exec-1] o.s.security.web.FilterChainProxy        : Securing GET /
2025-12-09T13:32:28.840+09:00 DEBUG 24820 --- [RE-WEAR] [http-nio-8080-exec-1] o.s.s.w.a.AnonymousAuthenticationFilter  : Set SecurityContextHolder to anonymous SecurityContext
2025-12-09T13:32:28.840+09:00 DEBUG 24820 --- [RE-WEAR] [http-nio-8080-exec-1] o.s.security.web.FilterChainProxy        : Secured GET /
2025-12-09T13:32:28.841+09:00 DEBUG 24820 --- [RE-WEAR] [http-nio-8080-exec-1] o.s.web.servlet.DispatcherServlet        : GET "/", parameters={}
2025-12-09T13:32:28.842+09:00 DEBUG 24820 --- [RE-WEAR] [http-nio-8080-exec-1] s.w.s.m.m.a.RequestMappingHandlerMapping : Mapped to com.rewear.email.controller.EmailWebController#main(CustomUserDetails, Model, HttpServletRequest)
2025-12-09T13:32:28.847+09:00 DEBUG 24820 --- [RE-WEAR] [http-nio-8080-exec-1] o.s.w.s.v.ContentNegotiatingViewResolver : Selected '*/*' given [*/*]
2025-12-09T13:32:28.862+09:00 DEBUG 24820 --- [RE-WEAR] [http-nio-8080-exec-1] o.s.web.servlet.DispatcherServlet        : Completed 200 OK
2025-12-09T13:32:32.969+09:00 DEBUG 24820 --- [RE-WEAR] [http-nio-8080-exec-10] o.s.security.web.FilterChainProxy        : Securing GET /
2025-12-09T13:32:32.969+09:00 DEBUG 24820 --- [RE-WEAR] [http-nio-8080-exec-10] o.s.s.w.a.AnonymousAuthenticationFilter  : Set SecurityContextHolder to anonymous SecurityContext
2025-12-09T13:32:32.969+09:00 DEBUG 24820 --- [RE-WEAR] [http-nio-8080-exec-10] o.s.security.web.FilterChainProxy        : Secured GET /
2025-12-09T13:32:32.969+09:00 DEBUG 24820 --- [RE-WEAR] [http-nio-8080-exec-10] o.s.web.servlet.DispatcherServlet        : GET "/", parameters={}
2025-12-09T13:32:32.970+09:00 DEBUG 24820 --- [RE-WEAR] [http-nio-8080-exec-10] s.w.s.m.m.a.RequestMappingHandlerMapping : Mapped to com.rewear.email.controller.EmailWebController#main(CustomUserDetails, Model, HttpServletRequest)
2025-12-09T13:32:32.970+09:00 DEBUG 24820 --- [RE-WEAR] [http-nio-8080-exec-10] o.s.w.s.v.ContentNegotiatingViewResolver : Selected '*/*' given [*/*]
2025-12-09T13:32:32.975+09:00 DEBUG 24820 --- [RE-WEAR] [http-nio-8080-exec-10] o.s.web.servlet.DispatcherServlet        : Completed 200 OK
2025-12-09T15:17:57.835+09:00  WARN 24820 --- [RE-WEAR] [HikariPool-1 housekeeper] com.zaxxer.hikari.pool.HikariPool        : HikariPool-1 - Thread starvation or clock leap detected (housekeeper delta=25m54s87ms782µs200ns).
2025-12-09T15:19:16.289+09:00 DEBUG 24820 --- [RE-WEAR] [http-nio-8080-exec-4] o.s.security.web.FilterChainProxy        : Securing POST /api/users/login
2025-12-09T15:19:16.305+09:00 DEBUG 24820 --- [RE-WEAR] [http-nio-8080-exec-4] o.s.s.w.a.AnonymousAuthenticationFilter  : Set SecurityContextHolder to anonymous SecurityContext
2025-12-09T15:19:16.307+09:00 DEBUG 24820 --- [RE-WEAR] [http-nio-8080-exec-4] o.s.s.w.session.SessionManagementFilter  : Request requested invalid session id 2A90750EC8BC138868BBEE2FD9D511F3
2025-12-09T15:19:16.310+09:00 DEBUG 24820 --- [RE-WEAR] [http-nio-8080-exec-4] o.s.security.web.FilterChainProxy        : Secured POST /api/users/login
2025-12-09T15:19:16.313+09:00 DEBUG 24820 --- [RE-WEAR] [http-nio-8080-exec-4] o.s.web.servlet.DispatcherServlet        : POST "/api/users/login", parameters={}
2025-12-09T15:19:16.314+09:00 DEBUG 24820 --- [RE-WEAR] [http-nio-8080-exec-4] s.w.s.m.m.a.RequestMappingHandlerMapping : Mapped to com.rewear.user.controller.UserController#login(Map, HttpServletRequest)
2025-12-09T15:19:16.345+09:00 DEBUG 24820 --- [RE-WEAR] [http-nio-8080-exec-4] m.m.a.RequestResponseBodyMethodProcessor : Read "application/json;charset=UTF-8" to [{username=dongwook, password=dongwook}]
2025-12-09T15:19:16.353+09:00  INFO 24820 --- [RE-WEAR] [http-nio-8080-exec-4] c.rewear.user.controller.UserController  : 로그인 시도: username=dongwook
2025-12-09T15:19:16.672+09:00 DEBUG 24820 --- [RE-WEAR] [http-nio-8080-exec-4] o.s.s.a.dao.DaoAuthenticationProvider    : Authenticated user
2025-12-09T15:19:16.674+09:00  INFO 24820 --- [RE-WEAR] [http-nio-8080-exec-4] c.rewear.user.controller.UserController  : 인증 성공: username=dongwook
2025-12-09T15:19:16.693+09:00  INFO 24820 --- [RE-WEAR] [http-nio-8080-exec-4] c.rewear.user.controller.UserController  : 로그인 성공: username=dongwook, role=ORGAN
2025-12-09T15:19:16.695+09:00 DEBUG 24820 --- [RE-WEAR] [http-nio-8080-exec-4] o.s.w.s.m.m.a.HttpEntityMethodProcessor  : Using 'application/json', given [*/*] and supported [application/json, application/*+json]
2025-12-09T15:19:16.696+09:00 DEBUG 24820 --- [RE-WEAR] [http-nio-8080-exec-4] o.s.w.s.m.m.a.HttpEntityMethodProcessor  : Writing [{role=ORGAN, user=com.rewear.user.entity.User@31ea0b55, ok=true}]
2025-12-09T15:19:16.704+09:00 DEBUG 24820 --- [RE-WEAR] [http-nio-8080-exec-4] o.s.web.servlet.DispatcherServlet        : Completed 200 OK
2025-12-09T15:19:16.715+09:00 DEBUG 24820 --- [RE-WEAR] [http-nio-8080-exec-9] o.s.security.web.FilterChainProxy        : Securing GET /api/notifications/unread-count
2025-12-09T15:19:16.716+09:00 DEBUG 24820 --- [RE-WEAR] [http-nio-8080-exec-9] w.c.HttpSessionSecurityContextRepository : Retrieved SecurityContextImpl [Authentication=UsernamePasswordAuthenticationToken [Principal=com.rewear.user.details.CustomUserDetails@77f39d98, Credentials=[PROTECTED], Authenticated=true, Details=null, Granted Authorities=[ROLE_ORGAN]]]
2025-12-09T15:19:16.717+09:00 DEBUG 24820 --- [RE-WEAR] [http-nio-8080-exec-9] o.s.security.web.FilterChainProxy        : Secured GET /api/notifications/unread-count
2025-12-09T15:19:16.717+09:00 DEBUG 24820 --- [RE-WEAR] [http-nio-8080-exec-9] o.s.web.servlet.DispatcherServlet        : GET "/api/notifications/unread-count", parameters={}
2025-12-09T15:19:16.717+09:00 DEBUG 24820 --- [RE-WEAR] [http-nio-8080-exec-9] s.w.s.m.m.a.RequestMappingHandlerMapping : Mapped to com.rewear.notification.controller.NotificationApiController#getUnreadCount(CustomUserDetails)
2025-12-09T15:19:16.718+09:00 DEBUG 24820 --- [RE-WEAR] [http-nio-8080-exec-9] horizationManagerBeforeMethodInterceptor : Authorizing method invocation ReflectiveMethodInvocation: public org.springframework.http.ResponseEntity com.rewear.notification.controller.NotificationApiController.getUnreadCount(com.rewear.user.details.CustomUserDetails); target is of class [com.rewear.notification.controller.NotificationApiController]
2025-12-09T15:19:16.721+09:00 DEBUG 24820 --- [RE-WEAR] [http-nio-8080-exec-9] horizationManagerBeforeMethodInterceptor : Authorized method invocation ReflectiveMethodInvocation: public org.springframework.http.ResponseEntity com.rewear.notification.controller.NotificationApiController.getUnreadCount(com.rewear.user.details.CustomUserDetails); target is of class [com.rewear.notification.controller.NotificationApiController]
2025-12-09T15:19:16.740+09:00 DEBUG 24820 --- [RE-WEAR] [http-nio-8080-exec-9] o.s.w.s.m.m.a.HttpEntityMethodProcessor  : Using 'application/json', given [*/*] and supported [application/json, application/*+json]
2025-12-09T15:19:16.741+09:00 DEBUG 24820 --- [RE-WEAR] [http-nio-8080-exec-9] o.s.w.s.m.m.a.HttpEntityMethodProcessor  : Writing [{unreadCount=0}]
2025-12-09T15:19:16.741+09:00 DEBUG 24820 --- [RE-WEAR] [http-nio-8080-exec-9] o.s.web.servlet.DispatcherServlet        : Completed 200 OK
2025-12-09T15:19:16.749+09:00 DEBUG 24820 --- [RE-WEAR] [http-nio-8080-exec-7] o.s.security.web.FilterChainProxy        : Securing GET /api/users/me
2025-12-09T15:19:16.750+09:00 DEBUG 24820 --- [RE-WEAR] [http-nio-8080-exec-7] w.c.HttpSessionSecurityContextRepository : Retrieved SecurityContextImpl [Authentication=UsernamePasswordAuthenticationToken [Principal=com.rewear.user.details.CustomUserDetails@77f39d98, Credentials=[PROTECTED], Authenticated=true, Details=null, Granted Authorities=[ROLE_ORGAN]]]
2025-12-09T15:19:16.751+09:00 DEBUG 24820 --- [RE-WEAR] [http-nio-8080-exec-7] o.s.security.web.FilterChainProxy        : Secured GET /api/users/me
2025-12-09T15:19:16.751+09:00 DEBUG 24820 --- [RE-WEAR] [http-nio-8080-exec-7] o.s.web.servlet.DispatcherServlet        : GET "/api/users/me", parameters={}
2025-12-09T15:19:16.751+09:00 DEBUG 24820 --- [RE-WEAR] [http-nio-8080-exec-7] s.w.s.m.m.a.RequestMappingHandlerMapping : Mapped to com.rewear.user.controller.UserController#getCurrentUser(Principal)
2025-12-09T15:19:16.756+09:00 DEBUG 24820 --- [RE-WEAR] [http-nio-8080-exec-7] o.s.w.s.m.m.a.HttpEntityMethodProcessor  : Using 'application/json', given [*/*] and supported [application/json, application/*+json]
2025-12-09T15:19:16.756+09:00 DEBUG 24820 --- [RE-WEAR] [http-nio-8080-exec-7] o.s.w.s.m.m.a.HttpEntityMethodProcessor  : Writing [{user={phone=01058489652, nickname=dongwook, email=dongwook@example.com, name=dongwook, id=5, role=기 (truncated)...]
2025-12-09T15:19:16.757+09:00 DEBUG 24820 --- [RE-WEAR] [http-nio-8080-exec-7] o.s.web.servlet.DispatcherServlet        : Completed 200 OK
2025-12-09T15:19:16.764+09:00 DEBUG 24820 --- [RE-WEAR] [http-nio-8080-exec-8] o.s.security.web.FilterChainProxy        : Securing GET /api/users/me
2025-12-09T15:19:16.764+09:00 DEBUG 24820 --- [RE-WEAR] [http-nio-8080-exec-8] w.c.HttpSessionSecurityContextRepository : Retrieved SecurityContextImpl [Authentication=UsernamePasswordAuthenticationToken [Principal=com.rewear.user.details.CustomUserDetails@77f39d98, Credentials=[PROTECTED], Authenticated=true, Details=null, Granted Authorities=[ROLE_ORGAN]]]
2025-12-09T15:19:16.765+09:00 DEBUG 24820 --- [RE-WEAR] [http-nio-8080-exec-8] o.s.security.web.FilterChainProxy        : Secured GET /api/users/me
2025-12-09T15:19:16.765+09:00 DEBUG 24820 --- [RE-WEAR] [http-nio-8080-exec-8] o.s.web.servlet.DispatcherServlet        : GET "/api/users/me", parameters={}
2025-12-09T15:19:16.765+09:00 DEBUG 24820 --- [RE-WEAR] [http-nio-8080-exec-8] s.w.s.m.m.a.RequestMappingHandlerMapping : Mapped to com.rewear.user.controller.UserController#getCurrentUser(Principal)
2025-12-09T15:19:16.773+09:00 DEBUG 24820 --- [RE-WEAR] [http-nio-8080-exec-8] o.s.w.s.m.m.a.HttpEntityMethodProcessor  : Using 'application/json', given [*/*] and supported [application/json, application/*+json]
2025-12-09T15:19:16.773+09:00 DEBUG 24820 --- [RE-WEAR] [http-nio-8080-exec-8] o.s.w.s.m.m.a.HttpEntityMethodProcessor  : Writing [{user={phone=01058489652, nickname=dongwook, email=dongwook@example.com, name=dongwook, id=5, role=기 (truncated)...]
2025-12-09T15:19:16.773+09:00 DEBUG 24820 --- [RE-WEAR] [http-nio-8080-exec-8] o.s.web.servlet.DispatcherServlet        : Completed 200 OK
2025-12-09T15:19:16.780+09:00 DEBUG 24820 --- [RE-WEAR] [http-nio-8080-exec-2] o.s.security.web.FilterChainProxy        : Securing GET /api/notifications/unread-count
2025-12-09T15:19:16.780+09:00 DEBUG 24820 --- [RE-WEAR] [http-nio-8080-exec-2] w.c.HttpSessionSecurityContextRepository : Retrieved SecurityContextImpl [Authentication=UsernamePasswordAuthenticationToken [Principal=com.rewear.user.details.CustomUserDetails@77f39d98, Credentials=[PROTECTED], Authenticated=true, Details=null, Granted Authorities=[ROLE_ORGAN]]]
2025-12-09T15:19:16.781+09:00 DEBUG 24820 --- [RE-WEAR] [http-nio-8080-exec-2] o.s.security.web.FilterChainProxy        : Secured GET /api/notifications/unread-count
2025-12-09T15:19:16.781+09:00 DEBUG 24820 --- [RE-WEAR] [http-nio-8080-exec-2] o.s.web.servlet.DispatcherServlet        : GET "/api/notifications/unread-count", parameters={}
2025-12-09T15:19:16.784+09:00 DEBUG 24820 --- [RE-WEAR] [http-nio-8080-exec-2] s.w.s.m.m.a.RequestMappingHandlerMapping : Mapped to com.rewear.notification.controller.NotificationApiController#getUnreadCount(CustomUserDetails)
2025-12-09T15:19:16.784+09:00 DEBUG 24820 --- [RE-WEAR] [http-nio-8080-exec-2] horizationManagerBeforeMethodInterceptor : Authorizing method invocation ReflectiveMethodInvocation: public org.springframework.http.ResponseEntity com.rewear.notification.controller.NotificationApiController.getUnreadCount(com.rewear.user.details.CustomUserDetails); target is of class [com.rewear.notification.controller.NotificationApiController]
2025-12-09T15:19:16.786+09:00 DEBUG 24820 --- [RE-WEAR] [http-nio-8080-exec-3] o.s.security.web.FilterChainProxy        : Securing GET /api/users/me
2025-12-09T15:19:16.786+09:00 DEBUG 24820 --- [RE-WEAR] [http-nio-8080-exec-2] horizationManagerBeforeMethodInterceptor : Authorized method invocation ReflectiveMethodInvocation: public org.springframework.http.ResponseEntity com.rewear.notification.controller.NotificationApiController.getUnreadCount(com.rewear.user.details.CustomUserDetails); target is of class [com.rewear.notification.controller.NotificationApiController]
2025-12-09T15:19:16.786+09:00 DEBUG 24820 --- [RE-WEAR] [http-nio-8080-exec-3] w.c.HttpSessionSecurityContextRepository : Retrieved SecurityContextImpl [Authentication=UsernamePasswordAuthenticationToken [Principal=com.rewear.user.details.CustomUserDetails@77f39d98, Credentials=[PROTECTED], Authenticated=true, Details=null, Granted Authorities=[ROLE_ORGAN]]]
2025-12-09T15:19:16.787+09:00 DEBUG 24820 --- [RE-WEAR] [http-nio-8080-exec-3] o.s.security.web.FilterChainProxy        : Secured GET /api/users/me
2025-12-09T15:19:16.787+09:00 DEBUG 24820 --- [RE-WEAR] [http-nio-8080-exec-3] o.s.web.servlet.DispatcherServlet        : GET "/api/users/me", parameters={}
2025-12-09T15:19:16.787+09:00 DEBUG 24820 --- [RE-WEAR] [http-nio-8080-exec-3] s.w.s.m.m.a.RequestMappingHandlerMapping : Mapped to com.rewear.user.controller.UserController#getCurrentUser(Principal)
2025-12-09T15:19:16.794+09:00 DEBUG 24820 --- [RE-WEAR] [http-nio-8080-exec-2] o.s.w.s.m.m.a.HttpEntityMethodProcessor  : Using 'application/json', given [*/*] and supported [application/json, application/*+json]
2025-12-09T15:19:16.794+09:00 DEBUG 24820 --- [RE-WEAR] [http-nio-8080-exec-2] o.s.w.s.m.m.a.HttpEntityMethodProcessor  : Writing [{unreadCount=0}]
2025-12-09T15:19:16.795+09:00 DEBUG 24820 --- [RE-WEAR] [http-nio-8080-exec-2] o.s.web.servlet.DispatcherServlet        : Completed 200 OK
2025-12-09T15:19:16.805+09:00 DEBUG 24820 --- [RE-WEAR] [http-nio-8080-exec-3] o.s.w.s.m.m.a.HttpEntityMethodProcessor  : Using 'application/json', given [*/*] and supported [application/json, application/*+json]
2025-12-09T15:19:16.805+09:00 DEBUG 24820 --- [RE-WEAR] [http-nio-8080-exec-3] o.s.w.s.m.m.a.HttpEntityMethodProcessor  : Writing [{user={phone=01058489652, nickname=dongwook, email=dongwook@example.com, name=dongwook, id=5, role=기 (truncated)...]
2025-12-09T15:19:16.806+09:00 DEBUG 24820 --- [RE-WEAR] [http-nio-8080-exec-3] o.s.web.servlet.DispatcherServlet        : Completed 200 OK
2025-12-09T15:19:16.811+09:00 DEBUG 24820 --- [RE-WEAR] [http-nio-8080-exec-1] o.s.security.web.FilterChainProxy        : Securing GET /api/users/me
2025-12-09T15:19:16.812+09:00 DEBUG 24820 --- [RE-WEAR] [http-nio-8080-exec-1] w.c.HttpSessionSecurityContextRepository : Retrieved SecurityContextImpl [Authentication=UsernamePasswordAuthenticationToken [Principal=com.rewear.user.details.CustomUserDetails@77f39d98, Credentials=[PROTECTED], Authenticated=true, Details=null, Granted Authorities=[ROLE_ORGAN]]]
2025-12-09T15:19:16.812+09:00 DEBUG 24820 --- [RE-WEAR] [http-nio-8080-exec-1] o.s.security.web.FilterChainProxy        : Secured GET /api/users/me
2025-12-09T15:19:16.812+09:00 DEBUG 24820 --- [RE-WEAR] [http-nio-8080-exec-1] o.s.web.servlet.DispatcherServlet        : GET "/api/users/me", parameters={}
2025-12-09T15:19:16.812+09:00 DEBUG 24820 --- [RE-WEAR] [http-nio-8080-exec-1] s.w.s.m.m.a.RequestMappingHandlerMapping : Mapped to com.rewear.user.controller.UserController#getCurrentUser(Principal)
2025-12-09T15:19:16.817+09:00 DEBUG 24820 --- [RE-WEAR] [http-nio-8080-exec-1] o.s.w.s.m.m.a.HttpEntityMethodProcessor  : Using 'application/json', given [*/*] and supported [application/json, application/*+json]
2025-12-09T15:19:16.817+09:00 DEBUG 24820 --- [RE-WEAR] [http-nio-8080-exec-1] o.s.w.s.m.m.a.HttpEntityMethodProcessor  : Writing [{user={phone=01058489652, nickname=dongwook, email=dongwook@example.com, name=dongwook, id=5, role=기 (truncated)...]
2025-12-09T15:19:16.818+09:00 DEBUG 24820 --- [RE-WEAR] [http-nio-8080-exec-1] o.s.web.servlet.DispatcherServlet        : Completed 200 OK
2025-12-09T15:19:20.405+09:00 DEBUG 24820 --- [RE-WEAR] [http-nio-8080-exec-5] o.s.security.web.FilterChainProxy        : Securing GET /api/organs/donations
2025-12-09T15:19:20.405+09:00 DEBUG 24820 --- [RE-WEAR] [http-nio-8080-exec-5] w.c.HttpSessionSecurityContextRepository : Retrieved SecurityContextImpl [Authentication=UsernamePasswordAuthenticationToken [Principal=com.rewear.user.details.CustomUserDetails@77f39d98, Credentials=[PROTECTED], Authenticated=true, Details=null, Granted Authorities=[ROLE_ORGAN]]]
2025-12-09T15:19:20.405+09:00 DEBUG 24820 --- [RE-WEAR] [http-nio-8080-exec-10] o.s.security.web.FilterChainProxy        : Securing GET /api/organs/donations/completed
2025-12-09T15:19:20.405+09:00 DEBUG 24820 --- [RE-WEAR] [http-nio-8080-exec-5] o.s.security.web.FilterChainProxy        : Secured GET /api/organs/donations
2025-12-09T15:19:20.405+09:00 DEBUG 24820 --- [RE-WEAR] [http-nio-8080-exec-5] o.s.web.servlet.DispatcherServlet        : GET "/api/organs/donations", parameters={}
2025-12-09T15:19:20.406+09:00 DEBUG 24820 --- [RE-WEAR] [http-nio-8080-exec-10] w.c.HttpSessionSecurityContextRepository : Retrieved SecurityContextImpl [Authentication=UsernamePasswordAuthenticationToken [Principal=com.rewear.user.details.CustomUserDetails@77f39d98, Credentials=[PROTECTED], Authenticated=true, Details=null, Granted Authorities=[ROLE_ORGAN]]]
2025-12-09T15:19:20.406+09:00 DEBUG 24820 --- [RE-WEAR] [http-nio-8080-exec-10] o.s.security.web.FilterChainProxy        : Secured GET /api/organs/donations/completed
2025-12-09T15:19:20.406+09:00 DEBUG 24820 --- [RE-WEAR] [http-nio-8080-exec-5] s.w.s.m.m.a.RequestMappingHandlerMapping : Mapped to com.rewear.organ.controller.OrganApiController#getOrganDonations(CustomUserDetails)
2025-12-09T15:19:20.406+09:00 DEBUG 24820 --- [RE-WEAR] [http-nio-8080-exec-10] o.s.web.servlet.DispatcherServlet        : GET "/api/organs/donations/completed", parameters={}
2025-12-09T15:19:20.406+09:00 DEBUG 24820 --- [RE-WEAR] [http-nio-8080-exec-10] s.w.s.m.m.a.RequestMappingHandlerMapping : Mapped to com.rewear.organ.controller.OrganApiController#getCompletedDonations(CustomUserDetails)
2025-12-09T15:19:20.407+09:00 DEBUG 24820 --- [RE-WEAR] [http-nio-8080-exec-10] horizationManagerBeforeMethodInterceptor : Authorizing method invocation ReflectiveMethodInvocation: public org.springframework.http.ResponseEntity com.rewear.organ.controller.OrganApiController.getCompletedDonations(com.rewear.user.details.CustomUserDetails); target is of class [com.rewear.organ.controller.OrganApiController]
2025-12-09T15:19:20.407+09:00 DEBUG 24820 --- [RE-WEAR] [http-nio-8080-exec-5] horizationManagerBeforeMethodInterceptor : Authorizing method invocation ReflectiveMethodInvocation: public org.springframework.http.ResponseEntity com.rewear.organ.controller.OrganApiController.getOrganDonations(com.rewear.user.details.CustomUserDetails); target is of class [com.rewear.organ.controller.OrganApiController]
2025-12-09T15:19:20.408+09:00 DEBUG 24820 --- [RE-WEAR] [http-nio-8080-exec-10] horizationManagerBeforeMethodInterceptor : Authorized method invocation ReflectiveMethodInvocation: public org.springframework.http.ResponseEntity com.rewear.organ.controller.OrganApiController.getCompletedDonations(com.rewear.user.details.CustomUserDetails); target is of class [com.rewear.organ.controller.OrganApiController]
2025-12-09T15:19:20.408+09:00 DEBUG 24820 --- [RE-WEAR] [http-nio-8080-exec-5] horizationManagerBeforeMethodInterceptor : Authorized method invocation ReflectiveMethodInvocation: public org.springframework.http.ResponseEntity com.rewear.organ.controller.OrganApiController.getOrganDonations(com.rewear.user.details.CustomUserDetails); target is of class [com.rewear.organ.controller.OrganApiController]
2025-12-09T15:19:20.441+09:00 DEBUG 24820 --- [RE-WEAR] [http-nio-8080-exec-5] o.s.w.s.m.m.a.HttpEntityMethodProcessor  : Using 'application/json', given [*/*] and supported [application/json, application/*+json]
2025-12-09T15:19:20.441+09:00 DEBUG 24820 --- [RE-WEAR] [http-nio-8080-exec-5] o.s.w.s.m.m.a.HttpEntityMethodProcessor  : Writing [{donations=[], count=0}]
2025-12-09T15:19:20.441+09:00 DEBUG 24820 --- [RE-WEAR] [http-nio-8080-exec-10] o.s.w.s.m.m.a.HttpEntityMethodProcessor  : Using 'application/json', given [*/*] and supported [application/json, application/*+json]
2025-12-09T15:19:20.442+09:00 DEBUG 24820 --- [RE-WEAR] [http-nio-8080-exec-5] o.s.web.servlet.DispatcherServlet        : Completed 200 OK
2025-12-09T15:19:20.442+09:00 DEBUG 24820 --- [RE-WEAR] [http-nio-8080-exec-10] o.s.w.s.m.m.a.HttpEntityMethodProcessor  : Writing [{donations=[{date=2025-12-08, donorName=일반 사용자, delivery={senderPhone=01012345678, receiverAddress=경 (truncated)...]
2025-12-09T15:19:20.442+09:00 DEBUG 24820 --- [RE-WEAR] [http-nio-8080-exec-10] o.s.web.servlet.DispatcherServlet        : Completed 200 OK
2025-12-09T15:19:20.449+09:00 DEBUG 24820 --- [RE-WEAR] [http-nio-8080-exec-4] o.s.security.web.FilterChainProxy        : Securing GET /api/organs/donations/completed
2025-12-09T15:19:20.449+09:00 DEBUG 24820 --- [RE-WEAR] [http-nio-8080-exec-6] o.s.security.web.FilterChainProxy        : Securing GET /api/organs/donations
2025-12-09T15:19:20.449+09:00 DEBUG 24820 --- [RE-WEAR] [http-nio-8080-exec-4] w.c.HttpSessionSecurityContextRepository : Retrieved SecurityContextImpl [Authentication=UsernamePasswordAuthenticationToken [Principal=com.rewear.user.details.CustomUserDetails@77f39d98, Credentials=[PROTECTED], Authenticated=true, Details=null, Granted Authorities=[ROLE_ORGAN]]]
2025-12-09T15:19:20.449+09:00 DEBUG 24820 --- [RE-WEAR] [http-nio-8080-exec-4] o.s.security.web.FilterChainProxy        : Secured GET /api/organs/donations/completed
2025-12-09T15:19:20.450+09:00 DEBUG 24820 --- [RE-WEAR] [http-nio-8080-exec-4] o.s.web.servlet.DispatcherServlet        : GET "/api/organs/donations/completed", parameters={}
2025-12-09T15:19:20.450+09:00 DEBUG 24820 --- [RE-WEAR] [http-nio-8080-exec-6] w.c.HttpSessionSecurityContextRepository : Retrieved SecurityContextImpl [Authentication=UsernamePasswordAuthenticationToken [Principal=com.rewear.user.details.CustomUserDetails@77f39d98, Credentials=[PROTECTED], Authenticated=true, Details=null, Granted Authorities=[ROLE_ORGAN]]]
2025-12-09T15:19:20.450+09:00 DEBUG 24820 --- [RE-WEAR] [http-nio-8080-exec-6] o.s.security.web.FilterChainProxy        : Secured GET /api/organs/donations
2025-12-09T15:19:20.450+09:00 DEBUG 24820 --- [RE-WEAR] [http-nio-8080-exec-4] s.w.s.m.m.a.RequestMappingHandlerMapping : Mapped to com.rewear.organ.controller.OrganApiController#getCompletedDonations(CustomUserDetails)
2025-12-09T15:19:20.450+09:00 DEBUG 24820 --- [RE-WEAR] [http-nio-8080-exec-6] o.s.web.servlet.DispatcherServlet        : GET "/api/organs/donations", parameters={}
2025-12-09T15:19:20.450+09:00 DEBUG 24820 --- [RE-WEAR] [http-nio-8080-exec-6] s.w.s.m.m.a.RequestMappingHandlerMapping : Mapped to com.rewear.organ.controller.OrganApiController#getOrganDonations(CustomUserDetails)
2025-12-09T15:19:20.450+09:00 DEBUG 24820 --- [RE-WEAR] [http-nio-8080-exec-4] horizationManagerBeforeMethodInterceptor : Authorizing method invocation ReflectiveMethodInvocation: public org.springframework.http.ResponseEntity com.rewear.organ.controller.OrganApiController.getCompletedDonations(com.rewear.user.details.CustomUserDetails); target is of class [com.rewear.organ.controller.OrganApiController]
2025-12-09T15:19:20.451+09:00 DEBUG 24820 --- [RE-WEAR] [http-nio-8080-exec-6] horizationManagerBeforeMethodInterceptor : Authorizing method invocation ReflectiveMethodInvocation: public org.springframework.http.ResponseEntity com.rewear.organ.controller.OrganApiController.getOrganDonations(com.rewear.user.details.CustomUserDetails); target is of class [com.rewear.organ.controller.OrganApiController]
2025-12-09T15:19:20.451+09:00 DEBUG 24820 --- [RE-WEAR] [http-nio-8080-exec-4] horizationManagerBeforeMethodInterceptor : Authorized method invocation ReflectiveMethodInvocation: public org.springframework.http.ResponseEntity com.rewear.organ.controller.OrganApiController.getCompletedDonations(com.rewear.user.details.CustomUserDetails); target is of class [com.rewear.organ.controller.OrganApiController]
2025-12-09T15:19:20.451+09:00 DEBUG 24820 --- [RE-WEAR] [http-nio-8080-exec-6] horizationManagerBeforeMethodInterceptor : Authorized method invocation ReflectiveMethodInvocation: public org.springframework.http.ResponseEntity com.rewear.organ.controller.OrganApiController.getOrganDonations(com.rewear.user.details.CustomUserDetails); target is of class [com.rewear.organ.controller.OrganApiController]
2025-12-09T15:19:20.462+09:00 DEBUG 24820 --- [RE-WEAR] [http-nio-8080-exec-6] o.s.w.s.m.m.a.HttpEntityMethodProcessor  : Using 'application/json', given [*/*] and supported [application/json, application/*+json]
2025-12-09T15:19:20.462+09:00 DEBUG 24820 --- [RE-WEAR] [http-nio-8080-exec-4] o.s.w.s.m.m.a.HttpEntityMethodProcessor  : Using 'application/json', given [*/*] and supported [application/json, application/*+json]
2025-12-09T15:19:20.463+09:00 DEBUG 24820 --- [RE-WEAR] [http-nio-8080-exec-6] o.s.w.s.m.m.a.HttpEntityMethodProcessor  : Writing [{donations=[], count=0}]
2025-12-09T15:19:20.463+09:00 DEBUG 24820 --- [RE-WEAR] [http-nio-8080-exec-4] o.s.w.s.m.m.a.HttpEntityMethodProcessor  : Writing [{donations=[{date=2025-12-08, donorName=일반 사용자, delivery={senderPhone=01012345678, receiverAddress=경 (truncated)...]
2025-12-09T15:19:20.463+09:00 DEBUG 24820 --- [RE-WEAR] [http-nio-8080-exec-6] o.s.web.servlet.DispatcherServlet        : Completed 200 OK
2025-12-09T15:19:20.464+09:00 DEBUG 24820 --- [RE-WEAR] [http-nio-8080-exec-4] o.s.web.servlet.DispatcherServlet        : Completed 200 OK
2025-12-09T15:19:28.966+09:00 DEBUG 24820 --- [RE-WEAR] [http-nio-8080-exec-9] o.s.security.web.FilterChainProxy        : Securing POST /api/users/login
2025-12-09T15:19:28.968+09:00 DEBUG 24820 --- [RE-WEAR] [http-nio-8080-exec-9] o.s.security.web.FilterChainProxy        : Secured POST /api/users/login
2025-12-09T15:19:28.968+09:00 DEBUG 24820 --- [RE-WEAR] [http-nio-8080-exec-9] o.s.web.servlet.DispatcherServlet        : POST "/api/users/login", parameters={}
2025-12-09T15:19:28.968+09:00 DEBUG 24820 --- [RE-WEAR] [http-nio-8080-exec-9] s.w.s.m.m.a.RequestMappingHandlerMapping : Mapped to com.rewear.user.controller.UserController#login(Map, HttpServletRequest)
2025-12-09T15:19:28.970+09:00 DEBUG 24820 --- [RE-WEAR] [http-nio-8080-exec-9] m.m.a.RequestResponseBodyMethodProcessor : Read "application/json;charset=UTF-8" to [{username=user01, password=user01}]
2025-12-09T15:19:28.970+09:00  INFO 24820 --- [RE-WEAR] [http-nio-8080-exec-9] c.rewear.user.controller.UserController  : 로그인 시도: username=user01
2025-12-09T15:19:29.179+09:00 DEBUG 24820 --- [RE-WEAR] [http-nio-8080-exec-9] o.s.s.a.dao.DaoAuthenticationProvider    : Authenticated user
2025-12-09T15:19:29.179+09:00  INFO 24820 --- [RE-WEAR] [http-nio-8080-exec-9] c.rewear.user.controller.UserController  : 인증 성공: username=user01
2025-12-09T15:19:29.185+09:00  INFO 24820 --- [RE-WEAR] [http-nio-8080-exec-9] c.rewear.user.controller.UserController  : 로그인 성공: username=user01, role=USER
2025-12-09T15:19:29.185+09:00 DEBUG 24820 --- [RE-WEAR] [http-nio-8080-exec-9] o.s.w.s.m.m.a.HttpEntityMethodProcessor  : Using 'application/json', given [*/*] and supported [application/json, application/*+json]
2025-12-09T15:19:29.186+09:00 DEBUG 24820 --- [RE-WEAR] [http-nio-8080-exec-9] o.s.w.s.m.m.a.HttpEntityMethodProcessor  : Writing [{role=USER, user=com.rewear.user.entity.User@6a0114ef, ok=true}]
2025-12-09T15:19:29.187+09:00 DEBUG 24820 --- [RE-WEAR] [http-nio-8080-exec-9] o.s.web.servlet.DispatcherServlet        : Completed 200 OK
2025-12-09T15:19:29.195+09:00 DEBUG 24820 --- [RE-WEAR] [http-nio-8080-exec-7] o.s.security.web.FilterChainProxy        : Securing GET /api/notifications/unread-count
2025-12-09T15:19:29.197+09:00 DEBUG 24820 --- [RE-WEAR] [http-nio-8080-exec-7] w.c.HttpSessionSecurityContextRepository : Retrieved SecurityContextImpl [Authentication=UsernamePasswordAuthenticationToken [Principal=com.rewear.user.details.CustomUserDetails@c8f2c05, Credentials=[PROTECTED], Authenticated=true, Details=null, Granted Authorities=[ROLE_USER]]]
2025-12-09T15:19:29.197+09:00 DEBUG 24820 --- [RE-WEAR] [http-nio-8080-exec-7] o.s.security.web.FilterChainProxy        : Secured GET /api/notifications/unread-count
2025-12-09T15:19:29.197+09:00 DEBUG 24820 --- [RE-WEAR] [http-nio-8080-exec-7] o.s.web.servlet.DispatcherServlet        : GET "/api/notifications/unread-count", parameters={}
2025-12-09T15:19:29.197+09:00 DEBUG 24820 --- [RE-WEAR] [http-nio-8080-exec-7] s.w.s.m.m.a.RequestMappingHandlerMapping : Mapped to com.rewear.notification.controller.NotificationApiController#getUnreadCount(CustomUserDetails)
2025-12-09T15:19:29.199+09:00 DEBUG 24820 --- [RE-WEAR] [http-nio-8080-exec-7] horizationManagerBeforeMethodInterceptor : Authorizing method invocation ReflectiveMethodInvocation: public org.springframework.http.ResponseEntity com.rewear.notification.controller.NotificationApiController.getUnreadCount(com.rewear.user.details.CustomUserDetails); target is of class [com.rewear.notification.controller.NotificationApiController]
2025-12-09T15:19:29.199+09:00 DEBUG 24820 --- [RE-WEAR] [http-nio-8080-exec-7] horizationManagerBeforeMethodInterceptor : Authorized method invocation ReflectiveMethodInvocation: public org.springframework.http.ResponseEntity com.rewear.notification.controller.NotificationApiController.getUnreadCount(com.rewear.user.details.CustomUserDetails); target is of class [com.rewear.notification.controller.NotificationApiController]
2025-12-09T15:19:29.207+09:00 DEBUG 24820 --- [RE-WEAR] [http-nio-8080-exec-7] o.s.w.s.m.m.a.HttpEntityMethodProcessor  : Using 'application/json', given [*/*] and supported [application/json, application/*+json]
2025-12-09T15:19:29.208+09:00 DEBUG 24820 --- [RE-WEAR] [http-nio-8080-exec-7] o.s.w.s.m.m.a.HttpEntityMethodProcessor  : Writing [{unreadCount=43}]
2025-12-09T15:19:29.208+09:00 DEBUG 24820 --- [RE-WEAR] [http-nio-8080-exec-7] o.s.web.servlet.DispatcherServlet        : Completed 200 OK
2025-12-09T15:19:29.217+09:00 DEBUG 24820 --- [RE-WEAR] [http-nio-8080-exec-8] o.s.security.web.FilterChainProxy        : Securing GET /api/users/me
2025-12-09T15:19:29.218+09:00 DEBUG 24820 --- [RE-WEAR] [http-nio-8080-exec-8] w.c.HttpSessionSecurityContextRepository : Retrieved SecurityContextImpl [Authentication=UsernamePasswordAuthenticationToken [Principal=com.rewear.user.details.CustomUserDetails@c8f2c05, Credentials=[PROTECTED], Authenticated=true, Details=null, Granted Authorities=[ROLE_USER]]]
2025-12-09T15:19:29.218+09:00 DEBUG 24820 --- [RE-WEAR] [http-nio-8080-exec-8] o.s.security.web.FilterChainProxy        : Secured GET /api/users/me
2025-12-09T15:19:29.218+09:00 DEBUG 24820 --- [RE-WEAR] [http-nio-8080-exec-8] o.s.web.servlet.DispatcherServlet        : GET "/api/users/me", parameters={}
2025-12-09T15:19:29.218+09:00 DEBUG 24820 --- [RE-WEAR] [http-nio-8080-exec-8] s.w.s.m.m.a.RequestMappingHandlerMapping : Mapped to com.rewear.user.controller.UserController#getCurrentUser(Principal)
2025-12-09T15:19:29.223+09:00 DEBUG 24820 --- [RE-WEAR] [http-nio-8080-exec-8] o.s.w.s.m.m.a.HttpEntityMethodProcessor  : Using 'application/json', given [*/*] and supported [application/json, application/*+json]
2025-12-09T15:19:29.223+09:00 DEBUG 24820 --- [RE-WEAR] [http-nio-8080-exec-8] o.s.w.s.m.m.a.HttpEntityMethodProcessor  : Writing [{user={phone=01012345678, nickname=user, email=user@example.com, name=일반 사용자, id=2, role=일반 회원, user (truncated)...]
2025-12-09T15:19:29.223+09:00 DEBUG 24820 --- [RE-WEAR] [http-nio-8080-exec-8] o.s.web.servlet.DispatcherServlet        : Completed 200 OK
2025-12-09T15:19:29.228+09:00 DEBUG 24820 --- [RE-WEAR] [http-nio-8080-exec-2] o.s.security.web.FilterChainProxy        : Securing GET /api/users/me
2025-12-09T15:19:29.228+09:00 DEBUG 24820 --- [RE-WEAR] [http-nio-8080-exec-2] w.c.HttpSessionSecurityContextRepository : Retrieved SecurityContextImpl [Authentication=UsernamePasswordAuthenticationToken [Principal=com.rewear.user.details.CustomUserDetails@c8f2c05, Credentials=[PROTECTED], Authenticated=true, Details=null, Granted Authorities=[ROLE_USER]]]
2025-12-09T15:19:29.228+09:00 DEBUG 24820 --- [RE-WEAR] [http-nio-8080-exec-2] o.s.security.web.FilterChainProxy        : Secured GET /api/users/me
2025-12-09T15:19:29.228+09:00 DEBUG 24820 --- [RE-WEAR] [http-nio-8080-exec-2] o.s.web.servlet.DispatcherServlet        : GET "/api/users/me", parameters={}
2025-12-09T15:19:29.228+09:00 DEBUG 24820 --- [RE-WEAR] [http-nio-8080-exec-2] s.w.s.m.m.a.RequestMappingHandlerMapping : Mapped to com.rewear.user.controller.UserController#getCurrentUser(Principal)
2025-12-09T15:19:29.229+09:00 DEBUG 24820 --- [RE-WEAR] [http-nio-8080-exec-3] o.s.security.web.FilterChainProxy        : Securing GET /api/notifications/unread-count
2025-12-09T15:19:29.230+09:00 DEBUG 24820 --- [RE-WEAR] [http-nio-8080-exec-3] w.c.HttpSessionSecurityContextRepository : Retrieved SecurityContextImpl [Authentication=UsernamePasswordAuthenticationToken [Principal=com.rewear.user.details.CustomUserDetails@c8f2c05, Credentials=[PROTECTED], Authenticated=true, Details=null, Granted Authorities=[ROLE_USER]]]
2025-12-09T15:19:29.231+09:00 DEBUG 24820 --- [RE-WEAR] [http-nio-8080-exec-3] o.s.security.web.FilterChainProxy        : Secured GET /api/notifications/unread-count
2025-12-09T15:19:29.231+09:00 DEBUG 24820 --- [RE-WEAR] [http-nio-8080-exec-3] o.s.web.servlet.DispatcherServlet        : GET "/api/notifications/unread-count", parameters={}
2025-12-09T15:19:29.231+09:00 DEBUG 24820 --- [RE-WEAR] [http-nio-8080-exec-3] s.w.s.m.m.a.RequestMappingHandlerMapping : Mapped to com.rewear.notification.controller.NotificationApiController#getUnreadCount(CustomUserDetails)
2025-12-09T15:19:29.232+09:00 DEBUG 24820 --- [RE-WEAR] [http-nio-8080-exec-3] horizationManagerBeforeMethodInterceptor : Authorizing method invocation ReflectiveMethodInvocation: public org.springframework.http.ResponseEntity com.rewear.notification.controller.NotificationApiController.getUnreadCount(com.rewear.user.details.CustomUserDetails); target is of class [com.rewear.notification.controller.NotificationApiController]
2025-12-09T15:19:29.232+09:00 DEBUG 24820 --- [RE-WEAR] [http-nio-8080-exec-3] horizationManagerBeforeMethodInterceptor : Authorized method invocation ReflectiveMethodInvocation: public org.springframework.http.ResponseEntity com.rewear.notification.controller.NotificationApiController.getUnreadCount(com.rewear.user.details.CustomUserDetails); target is of class [com.rewear.notification.controller.NotificationApiController]
2025-12-09T15:19:29.233+09:00 DEBUG 24820 --- [RE-WEAR] [http-nio-8080-exec-2] o.s.w.s.m.m.a.HttpEntityMethodProcessor  : Using 'application/json', given [*/*] and supported [application/json, application/*+json]
2025-12-09T15:19:29.233+09:00 DEBUG 24820 --- [RE-WEAR] [http-nio-8080-exec-2] o.s.w.s.m.m.a.HttpEntityMethodProcessor  : Writing [{user={phone=01012345678, nickname=user, email=user@example.com, name=일반 사용자, id=2, role=일반 회원, user (truncated)...]
2025-12-09T15:19:29.233+09:00 DEBUG 24820 --- [RE-WEAR] [http-nio-8080-exec-2] o.s.web.servlet.DispatcherServlet        : Completed 200 OK
2025-12-09T15:19:29.239+09:00 DEBUG 24820 --- [RE-WEAR] [http-nio-8080-exec-1] o.s.security.web.FilterChainProxy        : Securing GET /api/users/me
2025-12-09T15:19:29.239+09:00 DEBUG 24820 --- [RE-WEAR] [http-nio-8080-exec-1] w.c.HttpSessionSecurityContextRepository : Retrieved SecurityContextImpl [Authentication=UsernamePasswordAuthenticationToken [Principal=com.rewear.user.details.CustomUserDetails@c8f2c05, Credentials=[PROTECTED], Authenticated=true, Details=null, Granted Authorities=[ROLE_USER]]]
2025-12-09T15:19:29.239+09:00 DEBUG 24820 --- [RE-WEAR] [http-nio-8080-exec-1] o.s.security.web.FilterChainProxy        : Secured GET /api/users/me
2025-12-09T15:19:29.239+09:00 DEBUG 24820 --- [RE-WEAR] [http-nio-8080-exec-1] o.s.web.servlet.DispatcherServlet        : GET "/api/users/me", parameters={}
2025-12-09T15:19:29.240+09:00 DEBUG 24820 --- [RE-WEAR] [http-nio-8080-exec-1] s.w.s.m.m.a.RequestMappingHandlerMapping : Mapped to com.rewear.user.controller.UserController#getCurrentUser(Principal)
2025-12-09T15:19:29.240+09:00 DEBUG 24820 --- [RE-WEAR] [http-nio-8080-exec-3] o.s.w.s.m.m.a.HttpEntityMethodProcessor  : Using 'application/json', given [*/*] and supported [application/json, application/*+json]
2025-12-09T15:19:29.240+09:00 DEBUG 24820 --- [RE-WEAR] [http-nio-8080-exec-3] o.s.w.s.m.m.a.HttpEntityMethodProcessor  : Writing [{unreadCount=43}]
2025-12-09T15:19:29.241+09:00 DEBUG 24820 --- [RE-WEAR] [http-nio-8080-exec-3] o.s.web.servlet.DispatcherServlet        : Completed 200 OK
2025-12-09T15:19:29.244+09:00 DEBUG 24820 --- [RE-WEAR] [http-nio-8080-exec-1] o.s.w.s.m.m.a.HttpEntityMethodProcessor  : Using 'application/json', given [*/*] and supported [application/json, application/*+json]
2025-12-09T15:19:29.245+09:00 DEBUG 24820 --- [RE-WEAR] [http-nio-8080-exec-1] o.s.w.s.m.m.a.HttpEntityMethodProcessor  : Writing [{user={phone=01012345678, nickname=user, email=user@example.com, name=일반 사용자, id=2, role=일반 회원, user (truncated)...]
2025-12-09T15:19:29.245+09:00 DEBUG 24820 --- [RE-WEAR] [http-nio-8080-exec-1] o.s.web.servlet.DispatcherServlet        : Completed 200 OK
2025-12-09T15:19:29.251+09:00 DEBUG 24820 --- [RE-WEAR] [http-nio-8080-exec-5] o.s.security.web.FilterChainProxy        : Securing GET /api/users/me
2025-12-09T15:19:29.251+09:00 DEBUG 24820 --- [RE-WEAR] [http-nio-8080-exec-5] w.c.HttpSessionSecurityContextRepository : Retrieved SecurityContextImpl [Authentication=UsernamePasswordAuthenticationToken [Principal=com.rewear.user.details.CustomUserDetails@c8f2c05, Credentials=[PROTECTED], Authenticated=true, Details=null, Granted Authorities=[ROLE_USER]]]
2025-12-09T15:19:29.251+09:00 DEBUG 24820 --- [RE-WEAR] [http-nio-8080-exec-5] o.s.security.web.FilterChainProxy        : Secured GET /api/users/me
2025-12-09T15:19:29.251+09:00 DEBUG 24820 --- [RE-WEAR] [http-nio-8080-exec-5] o.s.web.servlet.DispatcherServlet        : GET "/api/users/me", parameters={}
2025-12-09T15:19:29.252+09:00 DEBUG 24820 --- [RE-WEAR] [http-nio-8080-exec-5] s.w.s.m.m.a.RequestMappingHandlerMapping : Mapped to com.rewear.user.controller.UserController#getCurrentUser(Principal)
2025-12-09T15:19:29.257+09:00 DEBUG 24820 --- [RE-WEAR] [http-nio-8080-exec-5] o.s.w.s.m.m.a.HttpEntityMethodProcessor  : Using 'application/json', given [*/*] and supported [application/json, application/*+json]
2025-12-09T15:19:29.257+09:00 DEBUG 24820 --- [RE-WEAR] [http-nio-8080-exec-5] o.s.w.s.m.m.a.HttpEntityMethodProcessor  : Writing [{user={phone=01012345678, nickname=user, email=user@example.com, name=일반 사용자, id=2, role=일반 회원, user (truncated)...]
2025-12-09T15:19:29.258+09:00 DEBUG 24820 --- [RE-WEAR] [http-nio-8080-exec-5] o.s.web.servlet.DispatcherServlet        : Completed 200 OK
2025-12-09T15:19:31.946+09:00 DEBUG 24820 --- [RE-WEAR] [http-nio-8080-exec-10] o.s.security.web.FilterChainProxy        : Securing GET /api/organs
2025-12-09T15:19:31.946+09:00 DEBUG 24820 --- [RE-WEAR] [http-nio-8080-exec-10] w.c.HttpSessionSecurityContextRepository : Retrieved SecurityContextImpl [Authentication=UsernamePasswordAuthenticationToken [Principal=com.rewear.user.details.CustomUserDetails@c8f2c05, Credentials=[PROTECTED], Authenticated=true, Details=null, Granted Authorities=[ROLE_USER]]]
2025-12-09T15:19:31.946+09:00 DEBUG 24820 --- [RE-WEAR] [http-nio-8080-exec-10] o.s.security.web.FilterChainProxy        : Secured GET /api/organs
2025-12-09T15:19:31.947+09:00 DEBUG 24820 --- [RE-WEAR] [http-nio-8080-exec-10] o.s.web.servlet.DispatcherServlet        : GET "/api/organs", parameters={}
2025-12-09T15:19:31.947+09:00 DEBUG 24820 --- [RE-WEAR] [http-nio-8080-exec-10] s.w.s.m.m.a.RequestMappingHandlerMapping : Mapped to com.rewear.organ.controller.OrganApiController#getApprovedOrgans()
2025-12-09T15:19:31.961+09:00 DEBUG 24820 --- [RE-WEAR] [http-nio-8080-exec-10] o.s.w.s.m.m.a.HttpEntityMethodProcessor  : Using 'application/json', given [*/*] and supported [application/json, application/*+json]
2025-12-09T15:19:31.962+09:00 DEBUG 24820 --- [RE-WEAR] [http-nio-8080-exec-10] o.s.w.s.m.m.a.HttpEntityMethodProcessor  : Writing [{organs=[{businessNo=0000000001, orgName=dongwook, name=dongwook, id=2, username=dongwook}, {busines (truncated)...]
2025-12-09T15:19:31.962+09:00 DEBUG 24820 --- [RE-WEAR] [http-nio-8080-exec-10] o.s.web.servlet.DispatcherServlet        : Completed 200 OK
2025-12-09T15:19:31.972+09:00 DEBUG 24820 --- [RE-WEAR] [http-nio-8080-exec-6] o.s.security.web.FilterChainProxy        : Securing GET /api/organs
2025-12-09T15:19:31.973+09:00 DEBUG 24820 --- [RE-WEAR] [http-nio-8080-exec-6] w.c.HttpSessionSecurityContextRepository : Retrieved SecurityContextImpl [Authentication=UsernamePasswordAuthenticationToken [Principal=com.rewear.user.details.CustomUserDetails@c8f2c05, Credentials=[PROTECTED], Authenticated=true, Details=null, Granted Authorities=[ROLE_USER]]]
2025-12-09T15:19:31.973+09:00 DEBUG 24820 --- [RE-WEAR] [http-nio-8080-exec-6] o.s.security.web.FilterChainProxy        : Secured GET /api/organs
2025-12-09T15:19:31.973+09:00 DEBUG 24820 --- [RE-WEAR] [http-nio-8080-exec-6] o.s.web.servlet.DispatcherServlet        : GET "/api/organs", parameters={}
2025-12-09T15:19:31.973+09:00 DEBUG 24820 --- [RE-WEAR] [http-nio-8080-exec-6] s.w.s.m.m.a.RequestMappingHandlerMapping : Mapped to com.rewear.organ.controller.OrganApiController#getApprovedOrgans()
2025-12-09T15:19:31.979+09:00 DEBUG 24820 --- [RE-WEAR] [http-nio-8080-exec-6] o.s.w.s.m.m.a.HttpEntityMethodProcessor  : Using 'application/json', given [*/*] and supported [application/json, application/*+json]
2025-12-09T15:19:31.980+09:00 DEBUG 24820 --- [RE-WEAR] [http-nio-8080-exec-6] o.s.w.s.m.m.a.HttpEntityMethodProcessor  : Writing [{organs=[{businessNo=0000000001, orgName=dongwook, name=dongwook, id=2, username=dongwook}, {busines (truncated)...]
2025-12-09T15:19:31.980+09:00 DEBUG 24820 --- [RE-WEAR] [http-nio-8080-exec-6] o.s.web.servlet.DispatcherServlet        : Completed 200 OK
2025-12-09T15:19:59.701+09:00 DEBUG 24820 --- [RE-WEAR] [http-nio-8080-exec-4] o.s.security.web.FilterChainProxy        : Securing POST /api/upload/multiple
2025-12-09T15:19:59.705+09:00 DEBUG 24820 --- [RE-WEAR] [http-nio-8080-exec-4] w.c.HttpSessionSecurityContextRepository : Retrieved SecurityContextImpl [Authentication=UsernamePasswordAuthenticationToken [Principal=com.rewear.user.details.CustomUserDetails@c8f2c05, Credentials=[PROTECTED], Authenticated=true, Details=null, Granted Authorities=[ROLE_USER]]]
2025-12-09T15:19:59.705+09:00 DEBUG 24820 --- [RE-WEAR] [http-nio-8080-exec-4] o.s.security.web.FilterChainProxy        : Secured POST /api/upload/multiple
2025-12-09T15:19:59.706+09:00 DEBUG 24820 --- [RE-WEAR] [http-nio-8080-exec-4] o.s.web.servlet.DispatcherServlet        : POST "/api/upload/multiple", parameters={multipart}
2025-12-09T15:19:59.743+09:00  WARN 24820 --- [RE-WEAR] [http-nio-8080-exec-4] org.apache.catalina.connector.Request    : Creating the temporary upload location [C:\Users\dw_42\AppData\Local\Temp\tomcat.8080.12818165133659047374\work\Tomcat\localhost\ROOT] as it is required by the servlet [dispatcherServlet]
2025-12-09T15:19:59.862+09:00 DEBUG 24820 --- [RE-WEAR] [http-nio-8080-exec-4] s.w.s.m.m.a.RequestMappingHandlerMapping : Mapped to com.rewear.common.controller.FileUploadController#uploadImages(MultipartFile[])
2025-12-09T15:19:59.899+09:00  INFO 24820 --- [RE-WEAR] [http-nio-8080-exec-4] c.r.c.controller.FileUploadController    : 파일 저장 완료: ae2f010a-c527-4016-8036-368a5e0af7a1.png
2025-12-09T15:19:59.901+09:00 DEBUG 24820 --- [RE-WEAR] [http-nio-8080-exec-4] o.s.w.s.m.m.a.HttpEntityMethodProcessor  : Using 'application/json', given [*/*] and supported [application/json, application/*+json]
2025-12-09T15:19:59.901+09:00 DEBUG 24820 --- [RE-WEAR] [http-nio-8080-exec-4] o.s.w.s.m.m.a.HttpEntityMethodProcessor  : Writing [{success=true, count=1, files=[{originalName=image (1).png, filename=ae2f010a-c527-4016-8036-368a5e0 (truncated)...]
2025-12-09T15:19:59.904+09:00 DEBUG 24820 --- [RE-WEAR] [http-nio-8080-exec-4] o.s.web.servlet.DispatcherServlet        : Completed 200 OK
2025-12-09T15:19:59.913+09:00 DEBUG 24820 --- [RE-WEAR] [http-nio-8080-exec-9] o.s.security.web.FilterChainProxy        : Securing POST /api/donations
2025-12-09T15:19:59.914+09:00 DEBUG 24820 --- [RE-WEAR] [http-nio-8080-exec-9] w.c.HttpSessionSecurityContextRepository : Retrieved SecurityContextImpl [Authentication=UsernamePasswordAuthenticationToken [Principal=com.rewear.user.details.CustomUserDetails@c8f2c05, Credentials=[PROTECTED], Authenticated=true, Details=null, Granted Authorities=[ROLE_USER]]]
2025-12-09T15:19:59.915+09:00 DEBUG 24820 --- [RE-WEAR] [http-nio-8080-exec-9] o.s.security.web.FilterChainProxy        : Secured POST /api/donations
2025-12-09T15:19:59.915+09:00 DEBUG 24820 --- [RE-WEAR] [http-nio-8080-exec-9] o.s.web.servlet.DispatcherServlet        : POST "/api/donations", parameters={}
2025-12-09T15:19:59.915+09:00 DEBUG 24820 --- [RE-WEAR] [http-nio-8080-exec-9] s.w.s.m.m.a.RequestMappingHandlerMapping : Mapped to com.rewear.donation.controller.DonationApiController#createDonationApi(CustomUserDetails, DonationRequestDto)
2025-12-09T15:19:59.923+09:00 DEBUG 24820 --- [RE-WEAR] [http-nio-8080-exec-9] m.m.a.RequestResponseBodyMethodProcessor : Read "application/json;charset=UTF-8" to [DonationRequestDto(itemType=여성 의류, itemDetail=하의, itemSize=XXL, itemCondition=새상품, itemDescription=5 (truncated)...]
2025-12-09T15:20:00.001+09:00 DEBUG 24820 --- [RE-WEAR] [http-nio-8080-exec-9] horizationManagerBeforeMethodInterceptor : Authorizing method invocation ReflectiveMethodInvocation: public org.springframework.http.ResponseEntity com.rewear.donation.controller.DonationApiController.createDonationApi(com.rewear.user.details.CustomUserDetails,com.rewear.donation.dto.DonationRequestDto); target is of class [com.rewear.donation.controller.DonationApiController]
2025-12-09T15:20:00.001+09:00 DEBUG 24820 --- [RE-WEAR] [http-nio-8080-exec-9] horizationManagerBeforeMethodInterceptor : Authorized method invocation ReflectiveMethodInvocation: public org.springframework.http.ResponseEntity com.rewear.donation.controller.DonationApiController.createDonationApi(com.rewear.user.details.CustomUserDetails,com.rewear.donation.dto.DonationRequestDto); target is of class [com.rewear.donation.controller.DonationApiController]
2025-12-09T15:20:00.001+09:00  INFO 24820 --- [RE-WEAR] [http-nio-8080-exec-9] c.r.d.controller.DonationApiController   : 기부 신청 API - 요청 데이터: itemType=여성 의류, itemDetail=하의, itemSize=XXL, itemCondition=새상품, itemDescription=5353, donationMethod=자동 매칭, donationOrganizationId=null, images=1
2025-12-09T15:20:00.006+09:00  INFO 24820 --- [RE-WEAR] [http-nio-8080-exec-9] c.r.d.controller.DonationApiController   : 기부 신청 API - 이미 업로드된 이미지 사용: ae2f010a-c527-4016-8036-368a5e0af7a1.png
2025-12-09T15:20:00.008+09:00  INFO 24820 --- [RE-WEAR] [http-nio-8080-exec-9] c.r.d.service.DonationServiceImpl        : 기부 생성 시작 - DonationItemForm에서 가져온 이미지 URL: ae2f010a-c527-4016-8036-368a5e0af7a1.png, 여러 이미지: ae2f010a-c527-4016-8036-368a5e0af7a1.png
2025-12-09T15:20:00.008+09:00  INFO 24820 --- [RE-WEAR] [http-nio-8080-exec-9] c.r.d.service.DonationServiceImpl        : 기부 생성 - DonationItem 생성 완료, 이미지 URL: ae2f010a-c527-4016-8036-368a5e0af7a1.png, 여러 이미지: ae2f010a-c527-4016-8036-368a5e0af7a1.png
2025-12-09T15:20:00.101+09:00 DEBUG 24820 --- [RE-WEAR] [http-nio-8080-exec-9] o.s.w.s.m.m.a.HttpEntityMethodProcessor  : Using 'application/json', given [*/*] and supported [application/json, application/*+json]
2025-12-09T15:20:00.101+09:00 DEBUG 24820 --- [RE-WEAR] [http-nio-8080-exec-9] o.s.w.s.m.m.a.HttpEntityMethodProcessor  : Writing [{success=true, donationId=26, message=기부 신청이 완료되었습니다.}]
2025-12-09T15:20:00.102+09:00 DEBUG 24820 --- [RE-WEAR] [http-nio-8080-exec-9] o.s.web.servlet.DispatcherServlet        : Completed 200 OK
2025-12-09T15:20:01.522+09:00 DEBUG 24820 --- [RE-WEAR] [http-nio-8080-exec-7] o.s.security.web.FilterChainProxy        : Securing GET /api/donations/status
2025-12-09T15:20:01.522+09:00 DEBUG 24820 --- [RE-WEAR] [http-nio-8080-exec-7] w.c.HttpSessionSecurityContextRepository : Retrieved SecurityContextImpl [Authentication=UsernamePasswordAuthenticationToken [Principal=com.rewear.user.details.CustomUserDetails@c8f2c05, Credentials=[PROTECTED], Authenticated=true, Details=null, Granted Authorities=[ROLE_USER]]]
2025-12-09T15:20:01.522+09:00 DEBUG 24820 --- [RE-WEAR] [http-nio-8080-exec-7] o.s.security.web.FilterChainProxy        : Secured GET /api/donations/status
2025-12-09T15:20:01.522+09:00 DEBUG 24820 --- [RE-WEAR] [http-nio-8080-exec-7] o.s.web.servlet.DispatcherServlet        : GET "/api/donations/status", parameters={}
2025-12-09T15:20:01.522+09:00 DEBUG 24820 --- [RE-WEAR] [http-nio-8080-exec-7] s.w.s.m.m.a.RequestMappingHandlerMapping : Mapped to com.rewear.donation.controller.DonationApiController#getDonationStatus(CustomUserDetails)
2025-12-09T15:20:01.522+09:00 DEBUG 24820 --- [RE-WEAR] [http-nio-8080-exec-7] horizationManagerBeforeMethodInterceptor : Authorizing method invocation ReflectiveMethodInvocation: public org.springframework.http.ResponseEntity com.rewear.donation.controller.DonationApiController.getDonationStatus(com.rewear.user.details.CustomUserDetails); target is of class [com.rewear.donation.controller.DonationApiController]
2025-12-09T15:20:01.524+09:00 DEBUG 24820 --- [RE-WEAR] [http-nio-8080-exec-7] horizationManagerBeforeMethodInterceptor : Authorized method invocation ReflectiveMethodInvocation: public org.springframework.http.ResponseEntity com.rewear.donation.controller.DonationApiController.getDonationStatus(com.rewear.user.details.CustomUserDetails); target is of class [com.rewear.donation.controller.DonationApiController]
2025-12-09T15:20:01.528+09:00  INFO 24820 --- [RE-WEAR] [http-nio-8080-exec-7] c.r.d.controller.DonationApiController   : 기부 상태 조회 API - 사용자: user01
2025-12-09T15:20:01.582+09:00  INFO 24820 --- [RE-WEAR] [http-nio-8080-exec-7] c.r.d.controller.DonationApiController   : 기부 상태 조회 API - 조회된 기부 개수: 26
2025-12-09T15:20:01.588+09:00  INFO 24820 --- [RE-WEAR] [http-nio-8080-exec-7] c.r.d.controller.DonationApiController   : 기부 ID: 1, 상태: CANCELLED, DonationItem: 존재
2025-12-09T15:20:01.592+09:00  INFO 24820 --- [RE-WEAR] [http-nio-8080-exec-7] c.r.d.controller.DonationApiController   : 기부 ID: 2, 상태: CANCELLED, DonationItem: 존재
2025-12-09T15:20:01.594+09:00  INFO 24820 --- [RE-WEAR] [http-nio-8080-exec-7] c.r.d.controller.DonationApiController   : 기부 ID: 3, 상태: CANCELLED, DonationItem: 존재
2025-12-09T15:20:01.597+09:00  INFO 24820 --- [RE-WEAR] [http-nio-8080-exec-7] c.r.d.controller.DonationApiController   : 기부 ID: 4, 상태: CANCELLED, DonationItem: 존재
2025-12-09T15:20:01.602+09:00  INFO 24820 --- [RE-WEAR] [http-nio-8080-exec-7] c.r.d.controller.DonationApiController   : 기부 ID: 5, 상태: COMPLETED, DonationItem: 존재
2025-12-09T15:20:01.606+09:00  INFO 24820 --- [RE-WEAR] [http-nio-8080-exec-7] c.r.d.controller.DonationApiController   : 기부 ID: 6, 상태: COMPLETED, DonationItem: 존재
2025-12-09T15:20:01.610+09:00  INFO 24820 --- [RE-WEAR] [http-nio-8080-exec-7] c.r.d.controller.DonationApiController   : 기부 ID: 7, 상태: COMPLETED, DonationItem: 존재
2025-12-09T15:20:01.613+09:00  INFO 24820 --- [RE-WEAR] [http-nio-8080-exec-7] c.r.d.controller.DonationApiController   : 기부 ID: 8, 상태: COMPLETED, DonationItem: 존재
2025-12-09T15:20:01.617+09:00  INFO 24820 --- [RE-WEAR] [http-nio-8080-exec-7] c.r.d.controller.DonationApiController   : 기부 ID: 9, 상태: CANCELLED, DonationItem: 존재
2025-12-09T15:20:01.620+09:00  INFO 24820 --- [RE-WEAR] [http-nio-8080-exec-7] c.r.d.controller.DonationApiController   : 기부 ID: 10, 상태: COMPLETED, DonationItem: 존재
2025-12-09T15:20:01.624+09:00  INFO 24820 --- [RE-WEAR] [http-nio-8080-exec-7] c.r.d.controller.DonationApiController   : 기부 ID: 11, 상태: CANCELLED, DonationItem: 존재
2025-12-09T15:20:01.627+09:00  INFO 24820 --- [RE-WEAR] [http-nio-8080-exec-7] c.r.d.controller.DonationApiController   : 기부 ID: 12, 상태: COMPLETED, DonationItem: 존재
2025-12-09T15:20:01.630+09:00  INFO 24820 --- [RE-WEAR] [http-nio-8080-exec-7] c.r.d.controller.DonationApiController   : 기부 ID: 13, 상태: COMPLETED, DonationItem: 존재
2025-12-09T15:20:01.633+09:00  INFO 24820 --- [RE-WEAR] [http-nio-8080-exec-7] c.r.d.controller.DonationApiController   : 기부 ID: 14, 상태: CANCELLED, DonationItem: 존재
2025-12-09T15:20:01.636+09:00  INFO 24820 --- [RE-WEAR] [http-nio-8080-exec-7] c.r.d.controller.DonationApiController   : 기부 ID: 15, 상태: IN_PROGRESS, DonationItem: 존재
2025-12-09T15:20:01.638+09:00  INFO 24820 --- [RE-WEAR] [http-nio-8080-exec-7] c.r.d.controller.DonationApiController   : 기부 ID: 16, 상태: IN_PROGRESS, DonationItem: 존재
2025-12-09T15:20:01.641+09:00  INFO 24820 --- [RE-WEAR] [http-nio-8080-exec-7] c.r.d.controller.DonationApiController   : 기부 ID: 17, 상태: IN_PROGRESS, DonationItem: 존재
2025-12-09T15:20:01.644+09:00  INFO 24820 --- [RE-WEAR] [http-nio-8080-exec-7] c.r.d.controller.DonationApiController   : 기부 ID: 18, 상태: IN_PROGRESS, DonationItem: 존재
2025-12-09T15:20:01.647+09:00  INFO 24820 --- [RE-WEAR] [http-nio-8080-exec-7] c.r.d.controller.DonationApiController   : 기부 ID: 19, 상태: CANCELLED, DonationItem: 존재
2025-12-09T15:20:01.650+09:00  INFO 24820 --- [RE-WEAR] [http-nio-8080-exec-7] c.r.d.controller.DonationApiController   : 기부 ID: 20, 상태: COMPLETED, DonationItem: 존재
2025-12-09T15:20:01.653+09:00  INFO 24820 --- [RE-WEAR] [http-nio-8080-exec-7] c.r.d.controller.DonationApiController   : 기부 ID: 21, 상태: IN_PROGRESS, DonationItem: 존재
2025-12-09T15:20:01.655+09:00  INFO 24820 --- [RE-WEAR] [http-nio-8080-exec-7] c.r.d.controller.DonationApiController   : 기부 ID: 22, 상태: COMPLETED, DonationItem: 존재
2025-12-09T15:20:01.658+09:00  INFO 24820 --- [RE-WEAR] [http-nio-8080-exec-7] c.r.d.controller.DonationApiController   : 기부 ID: 23, 상태: COMPLETED, DonationItem: 존재
2025-12-09T15:20:01.661+09:00  INFO 24820 --- [RE-WEAR] [http-nio-8080-exec-7] c.r.d.controller.DonationApiController   : 기부 ID: 24, 상태: PENDING, DonationItem: 존재
2025-12-09T15:20:01.664+09:00  INFO 24820 --- [RE-WEAR] [http-nio-8080-exec-7] c.r.d.controller.DonationApiController   : 기부 ID: 25, 상태: IN_PROGRESS, DonationItem: 존재
2025-12-09T15:20:01.666+09:00  INFO 24820 --- [RE-WEAR] [http-nio-8080-exec-7] c.r.d.controller.DonationApiController   : 기부 ID: 26, 상태: PENDING, DonationItem: 존재
2025-12-09T15:20:01.666+09:00  INFO 24820 --- [RE-WEAR] [http-nio-8080-exec-7] c.r.d.controller.DonationApiController   : 필터링 전 - 전체 기부 개수: 26
2025-12-09T15:20:01.666+09:00  INFO 24820 --- [RE-WEAR] [http-nio-8080-exec-7] c.r.d.controller.DonationApiController   : 필터링 전 - 기부 ID: 1, 상태: CANCELLED
2025-12-09T15:20:01.666+09:00  INFO 24820 --- [RE-WEAR] [http-nio-8080-exec-7] c.r.d.controller.DonationApiController   : 필터링 전 - 기부 ID: 2, 상태: CANCELLED
2025-12-09T15:20:01.666+09:00  INFO 24820 --- [RE-WEAR] [http-nio-8080-exec-7] c.r.d.controller.DonationApiController   : 필터링 전 - 기부 ID: 3, 상태: CANCELLED
2025-12-09T15:20:01.666+09:00  INFO 24820 --- [RE-WEAR] [http-nio-8080-exec-7] c.r.d.controller.DonationApiController   : 필터링 전 - 기부 ID: 4, 상태: CANCELLED
2025-12-09T15:20:01.666+09:00  INFO 24820 --- [RE-WEAR] [http-nio-8080-exec-7] c.r.d.controller.DonationApiController   : 필터링 전 - 기부 ID: 5, 상태: COMPLETED
2025-12-09T15:20:01.666+09:00  INFO 24820 --- [RE-WEAR] [http-nio-8080-exec-7] c.r.d.controller.DonationApiController   : 필터링 전 - 기부 ID: 6, 상태: COMPLETED
2025-12-09T15:20:01.666+09:00  INFO 24820 --- [RE-WEAR] [http-nio-8080-exec-7] c.r.d.controller.DonationApiController   : 필터링 전 - 기부 ID: 7, 상태: COMPLETED
2025-12-09T15:20:01.666+09:00  INFO 24820 --- [RE-WEAR] [http-nio-8080-exec-7] c.r.d.controller.DonationApiController   : 필터링 전 - 기부 ID: 8, 상태: COMPLETED
2025-12-09T15:20:01.666+09:00  INFO 24820 --- [RE-WEAR] [http-nio-8080-exec-7] c.r.d.controller.DonationApiController   : 필터링 전 - 기부 ID: 9, 상태: CANCELLED
2025-12-09T15:20:01.666+09:00  INFO 24820 --- [RE-WEAR] [http-nio-8080-exec-7] c.r.d.controller.DonationApiController   : 필터링 전 - 기부 ID: 10, 상태: COMPLETED
2025-12-09T15:20:01.666+09:00  INFO 24820 --- [RE-WEAR] [http-nio-8080-exec-7] c.r.d.controller.DonationApiController   : 필터링 전 - 기부 ID: 11, 상태: CANCELLED
2025-12-09T15:20:01.666+09:00  INFO 24820 --- [RE-WEAR] [http-nio-8080-exec-7] c.r.d.controller.DonationApiController   : 필터링 전 - 기부 ID: 12, 상태: COMPLETED
2025-12-09T15:20:01.668+09:00  INFO 24820 --- [RE-WEAR] [http-nio-8080-exec-7] c.r.d.controller.DonationApiController   : 필터링 전 - 기부 ID: 13, 상태: COMPLETED
2025-12-09T15:20:01.668+09:00  INFO 24820 --- [RE-WEAR] [http-nio-8080-exec-7] c.r.d.controller.DonationApiController   : 필터링 전 - 기부 ID: 14, 상태: CANCELLED
2025-12-09T15:20:01.668+09:00  INFO 24820 --- [RE-WEAR] [http-nio-8080-exec-7] c.r.d.controller.DonationApiController   : 필터링 전 - 기부 ID: 15, 상태: IN_PROGRESS
2025-12-09T15:20:01.668+09:00  INFO 24820 --- [RE-WEAR] [http-nio-8080-exec-7] c.r.d.controller.DonationApiController   : 필터링 전 - 기부 ID: 16, 상태: IN_PROGRESS
2025-12-09T15:20:01.668+09:00  INFO 24820 --- [RE-WEAR] [http-nio-8080-exec-7] c.r.d.controller.DonationApiController   : 필터링 전 - 기부 ID: 17, 상태: IN_PROGRESS
2025-12-09T15:20:01.668+09:00  INFO 24820 --- [RE-WEAR] [http-nio-8080-exec-7] c.r.d.controller.DonationApiController   : 필터링 전 - 기부 ID: 18, 상태: IN_PROGRESS
2025-12-09T15:20:01.668+09:00  INFO 24820 --- [RE-WEAR] [http-nio-8080-exec-7] c.r.d.controller.DonationApiController   : 필터링 전 - 기부 ID: 19, 상태: CANCELLED
2025-12-09T15:20:01.668+09:00  INFO 24820 --- [RE-WEAR] [http-nio-8080-exec-7] c.r.d.controller.DonationApiController   : 필터링 전 - 기부 ID: 20, 상태: COMPLETED
2025-12-09T15:20:01.668+09:00  INFO 24820 --- [RE-WEAR] [http-nio-8080-exec-7] c.r.d.controller.DonationApiController   : 필터링 전 - 기부 ID: 21, 상태: IN_PROGRESS
2025-12-09T15:20:01.668+09:00  INFO 24820 --- [RE-WEAR] [http-nio-8080-exec-7] c.r.d.controller.DonationApiController   : 필터링 전 - 기부 ID: 22, 상태: COMPLETED
2025-12-09T15:20:01.668+09:00  INFO 24820 --- [RE-WEAR] [http-nio-8080-exec-7] c.r.d.controller.DonationApiController   : 필터링 전 - 기부 ID: 23, 상태: COMPLETED
2025-12-09T15:20:01.668+09:00  INFO 24820 --- [RE-WEAR] [http-nio-8080-exec-7] c.r.d.controller.DonationApiController   : 필터링 전 - 기부 ID: 24, 상태: PENDING
2025-12-09T15:20:01.668+09:00  INFO 24820 --- [RE-WEAR] [http-nio-8080-exec-7] c.r.d.controller.DonationApiController   : 필터링 전 - 기부 ID: 25, 상태: IN_PROGRESS
2025-12-09T15:20:01.668+09:00  INFO 24820 --- [RE-WEAR] [http-nio-8080-exec-7] c.r.d.controller.DonationApiController   : 필터링 전 - 기부 ID: 26, 상태: PENDING
2025-12-09T15:20:01.668+09:00  INFO 24820 --- [RE-WEAR] [http-nio-8080-exec-7] c.r.d.controller.DonationApiController   : 기부 변환 시작 - ID: 1, DonationItem null 여부: false
2025-12-09T15:20:01.668+09:00  INFO 24820 --- [RE-WEAR] [http-nio-8080-exec-7] c.r.d.controller.DonationApiController   : 기부 ID: 1 - 물품명: 아우터
2025-12-09T15:20:01.669+09:00  INFO 24820 --- [RE-WEAR] [http-nio-8080-exec-7] c.r.d.controller.DonationApiController   : 기부 변환 완료 - ID: 1, name: 아우터, status: 취소됨
2025-12-09T15:20:01.669+09:00  INFO 24820 --- [RE-WEAR] [http-nio-8080-exec-7] c.r.d.controller.DonationApiController   : 기부 변환 시작 - ID: 2, DonationItem null 여부: false
2025-12-09T15:20:01.669+09:00  INFO 24820 --- [RE-WEAR] [http-nio-8080-exec-7] c.r.d.controller.DonationApiController   : 기부 ID: 2 - 물품명: 하의
2025-12-09T15:20:01.669+09:00  INFO 24820 --- [RE-WEAR] [http-nio-8080-exec-7] c.r.d.controller.DonationApiController   : 기부 변환 완료 - ID: 2, name: 하의, status: 취소됨
2025-12-09T15:20:01.669+09:00  INFO 24820 --- [RE-WEAR] [http-nio-8080-exec-7] c.r.d.controller.DonationApiController   : 기부 변환 시작 - ID: 3, DonationItem null 여부: false
2025-12-09T15:20:01.669+09:00  INFO 24820 --- [RE-WEAR] [http-nio-8080-exec-7] c.r.d.controller.DonationApiController   : 기부 ID: 3 - 물품명: 하의
2025-12-09T15:20:01.669+09:00  INFO 24820 --- [RE-WEAR] [http-nio-8080-exec-7] c.r.d.controller.DonationApiController   : 기부 변환 완료 - ID: 3, name: 하의, status: 취소됨
2025-12-09T15:20:01.669+09:00  INFO 24820 --- [RE-WEAR] [http-nio-8080-exec-7] c.r.d.controller.DonationApiController   : 기부 변환 시작 - ID: 4, DonationItem null 여부: false
2025-12-09T15:20:01.669+09:00  INFO 24820 --- [RE-WEAR] [http-nio-8080-exec-7] c.r.d.controller.DonationApiController   : 기부 ID: 4 - 물품명: 아우터
2025-12-09T15:20:01.669+09:00  INFO 24820 --- [RE-WEAR] [http-nio-8080-exec-7] c.r.d.controller.DonationApiController   : 기부 변환 완료 - ID: 4, name: 아우터, status: 취소됨
2025-12-09T15:20:01.669+09:00  INFO 24820 --- [RE-WEAR] [http-nio-8080-exec-7] c.r.d.controller.DonationApiController   : 필터링됨 - 기부 ID: 5, 상태: COMPLETED (COMPLETED이므로 제외)
2025-12-09T15:20:01.669+09:00  INFO 24820 --- [RE-WEAR] [http-nio-8080-exec-7] c.r.d.controller.DonationApiController   : 필터링됨 - 기부 ID: 6, 상태: COMPLETED (COMPLETED이므로 제외)
2025-12-09T15:20:01.669+09:00  INFO 24820 --- [RE-WEAR] [http-nio-8080-exec-7] c.r.d.controller.DonationApiController   : 필터링됨 - 기부 ID: 7, 상태: COMPLETED (COMPLETED이므로 제외)
2025-12-09T15:20:01.670+09:00  INFO 24820 --- [RE-WEAR] [http-nio-8080-exec-7] c.r.d.controller.DonationApiController   : 필터링됨 - 기부 ID: 8, 상태: COMPLETED (COMPLETED이므로 제외)
2025-12-09T15:20:01.670+09:00  INFO 24820 --- [RE-WEAR] [http-nio-8080-exec-7] c.r.d.controller.DonationApiController   : 기부 변환 시작 - ID: 9, DonationItem null 여부: false
2025-12-09T15:20:01.670+09:00  INFO 24820 --- [RE-WEAR] [http-nio-8080-exec-7] c.r.d.controller.DonationApiController   : 기부 ID: 9 - 물품명: 하의
2025-12-09T15:20:01.670+09:00  INFO 24820 --- [RE-WEAR] [http-nio-8080-exec-7] c.r.d.controller.DonationApiController   : 기부 변환 완료 - ID: 9, name: 하의, status: 취소됨
2025-12-09T15:20:01.670+09:00  INFO 24820 --- [RE-WEAR] [http-nio-8080-exec-7] c.r.d.controller.DonationApiController   : 필터링됨 - 기부 ID: 10, 상태: COMPLETED (COMPLETED이므로 제외)
2025-12-09T15:20:01.670+09:00  INFO 24820 --- [RE-WEAR] [http-nio-8080-exec-7] c.r.d.controller.DonationApiController   : 기부 변환 시작 - ID: 11, DonationItem null 여부: false
2025-12-09T15:20:01.670+09:00  INFO 24820 --- [RE-WEAR] [http-nio-8080-exec-7] c.r.d.controller.DonationApiController   : 기부 ID: 11 - 물품명: 상의
2025-12-09T15:20:01.670+09:00  INFO 24820 --- [RE-WEAR] [http-nio-8080-exec-7] c.r.d.controller.DonationApiController   : 기부 변환 완료 - ID: 11, name: 상의, status: 취소됨
2025-12-09T15:20:01.670+09:00  INFO 24820 --- [RE-WEAR] [http-nio-8080-exec-7] c.r.d.controller.DonationApiController   : 필터링됨 - 기부 ID: 12, 상태: COMPLETED (COMPLETED이므로 제외)
2025-12-09T15:20:01.670+09:00  INFO 24820 --- [RE-WEAR] [http-nio-8080-exec-7] c.r.d.controller.DonationApiController   : 필터링됨 - 기부 ID: 13, 상태: COMPLETED (COMPLETED이므로 제외)
2025-12-09T15:20:01.670+09:00  INFO 24820 --- [RE-WEAR] [http-nio-8080-exec-7] c.r.d.controller.DonationApiController   : 기부 변환 시작 - ID: 14, DonationItem null 여부: false
2025-12-09T15:20:01.670+09:00  INFO 24820 --- [RE-WEAR] [http-nio-8080-exec-7] c.r.d.controller.DonationApiController   : 기부 ID: 14 - 물품명: 하의
2025-12-09T15:20:01.670+09:00  INFO 24820 --- [RE-WEAR] [http-nio-8080-exec-7] c.r.d.controller.DonationApiController   : 기부 변환 완료 - ID: 14, name: 하의, status: 취소됨
2025-12-09T15:20:01.670+09:00  INFO 24820 --- [RE-WEAR] [http-nio-8080-exec-7] c.r.d.controller.DonationApiController   : 기부 변환 시작 - ID: 15, DonationItem null 여부: false
2025-12-09T15:20:01.671+09:00  INFO 24820 --- [RE-WEAR] [http-nio-8080-exec-7] c.r.d.controller.DonationApiController   : 기부 ID: 15 - 물품명: 하의
2025-12-09T15:20:01.671+09:00  INFO 24820 --- [RE-WEAR] [http-nio-8080-exec-7] c.r.d.controller.DonationApiController   : 기부 변환 완료 - ID: 15, name: 하의, status: 매칭대기
2025-12-09T15:20:01.671+09:00  INFO 24820 --- [RE-WEAR] [http-nio-8080-exec-7] c.r.d.controller.DonationApiController   : 기부 변환 시작 - ID: 16, DonationItem null 여부: false
2025-12-09T15:20:01.671+09:00  INFO 24820 --- [RE-WEAR] [http-nio-8080-exec-7] c.r.d.controller.DonationApiController   : 기부 ID: 16 - 물품명: 아우터
2025-12-09T15:20:01.671+09:00  INFO 24820 --- [RE-WEAR] [http-nio-8080-exec-7] c.r.d.controller.DonationApiController   : 기부 변환 완료 - ID: 16, name: 아우터, status: 매칭대기
2025-12-09T15:20:01.671+09:00  INFO 24820 --- [RE-WEAR] [http-nio-8080-exec-7] c.r.d.controller.DonationApiController   : 기부 변환 시작 - ID: 17, DonationItem null 여부: false
2025-12-09T15:20:01.671+09:00  INFO 24820 --- [RE-WEAR] [http-nio-8080-exec-7] c.r.d.controller.DonationApiController   : 기부 ID: 17 - 물품명: 상의
2025-12-09T15:20:01.671+09:00  INFO 24820 --- [RE-WEAR] [http-nio-8080-exec-7] c.r.d.controller.DonationApiController   : 기부 변환 완료 - ID: 17, name: 상의, status: 매칭대기
2025-12-09T15:20:01.672+09:00  INFO 24820 --- [RE-WEAR] [http-nio-8080-exec-7] c.r.d.controller.DonationApiController   : 기부 변환 시작 - ID: 18, DonationItem null 여부: false
2025-12-09T15:20:01.672+09:00  INFO 24820 --- [RE-WEAR] [http-nio-8080-exec-7] c.r.d.controller.DonationApiController   : 기부 ID: 18 - 물품명: 한 벌 옷
2025-12-09T15:20:01.672+09:00  INFO 24820 --- [RE-WEAR] [http-nio-8080-exec-7] c.r.d.controller.DonationApiController   : 기부 변환 완료 - ID: 18, name: 한 벌 옷, status: 매칭대기
2025-12-09T15:20:01.672+09:00  INFO 24820 --- [RE-WEAR] [http-nio-8080-exec-7] c.r.d.controller.DonationApiController   : 기부 변환 시작 - ID: 19, DonationItem null 여부: false
2025-12-09T15:20:01.672+09:00  INFO 24820 --- [RE-WEAR] [http-nio-8080-exec-7] c.r.d.controller.DonationApiController   : 기부 ID: 19 - 물품명: 아우터
2025-12-09T15:20:01.672+09:00  INFO 24820 --- [RE-WEAR] [http-nio-8080-exec-7] c.r.d.controller.DonationApiController   : 기부 변환 완료 - ID: 19, name: 아우터, status: 취소됨
2025-12-09T15:20:01.672+09:00  INFO 24820 --- [RE-WEAR] [http-nio-8080-exec-7] c.r.d.controller.DonationApiController   : 필터링됨 - 기부 ID: 20, 상태: COMPLETED (COMPLETED이므로 제외)
2025-12-09T15:20:01.672+09:00  INFO 24820 --- [RE-WEAR] [http-nio-8080-exec-7] c.r.d.controller.DonationApiController   : 기부 변환 시작 - ID: 21, DonationItem null 여부: false
2025-12-09T15:20:01.672+09:00  INFO 24820 --- [RE-WEAR] [http-nio-8080-exec-7] c.r.d.controller.DonationApiController   : 기부 ID: 21 - 물품명: 아우터
2025-12-09T15:20:01.672+09:00  INFO 24820 --- [RE-WEAR] [http-nio-8080-exec-7] c.r.d.controller.DonationApiController   : 기부 변환 완료 - ID: 21, name: 아우터, status: 매칭대기
2025-12-09T15:20:01.672+09:00  INFO 24820 --- [RE-WEAR] [http-nio-8080-exec-7] c.r.d.controller.DonationApiController   : 필터링됨 - 기부 ID: 22, 상태: COMPLETED (COMPLETED이므로 제외)
2025-12-09T15:20:01.672+09:00  INFO 24820 --- [RE-WEAR] [http-nio-8080-exec-7] c.r.d.controller.DonationApiController   : 필터링됨 - 기부 ID: 23, 상태: COMPLETED (COMPLETED이므로 제외)
2025-12-09T15:20:01.672+09:00  INFO 24820 --- [RE-WEAR] [http-nio-8080-exec-7] c.r.d.controller.DonationApiController   : 기부 변환 시작 - ID: 24, DonationItem null 여부: false
2025-12-09T15:20:01.672+09:00  INFO 24820 --- [RE-WEAR] [http-nio-8080-exec-7] c.r.d.controller.DonationApiController   : 기부 ID: 24 - 물품명: 모자
2025-12-09T15:20:01.672+09:00  INFO 24820 --- [RE-WEAR] [http-nio-8080-exec-7] c.r.d.controller.DonationApiController   : 기부 변환 완료 - ID: 24, name: 모자, status: 승인대기
2025-12-09T15:20:01.672+09:00  INFO 24820 --- [RE-WEAR] [http-nio-8080-exec-7] c.r.d.controller.DonationApiController   : 기부 변환 시작 - ID: 25, DonationItem null 여부: false
2025-12-09T15:20:01.672+09:00  INFO 24820 --- [RE-WEAR] [http-nio-8080-exec-7] c.r.d.controller.DonationApiController   : 기부 ID: 25 - 물품명: 상의
2025-12-09T15:20:01.672+09:00  INFO 24820 --- [RE-WEAR] [http-nio-8080-exec-7] c.r.d.controller.DonationApiController   : 기부 변환 완료 - ID: 25, name: 상의, status: 매칭대기
2025-12-09T15:20:01.672+09:00  INFO 24820 --- [RE-WEAR] [http-nio-8080-exec-7] c.r.d.controller.DonationApiController   : 기부 변환 시작 - ID: 26, DonationItem null 여부: false
2025-12-09T15:20:01.672+09:00  INFO 24820 --- [RE-WEAR] [http-nio-8080-exec-7] c.r.d.controller.DonationApiController   : 기부 ID: 26 - 물품명: 하의
2025-12-09T15:20:01.672+09:00  INFO 24820 --- [RE-WEAR] [http-nio-8080-exec-7] c.r.d.controller.DonationApiController   : 기부 변환 완료 - ID: 26, name: 하의, status: 승인대기
2025-12-09T15:20:01.672+09:00  INFO 24820 --- [RE-WEAR] [http-nio-8080-exec-7] c.r.d.controller.DonationApiController   : approvalItems 생성 완료 - 총 16개
2025-12-09T15:20:01.674+09:00  INFO 24820 --- [RE-WEAR] [http-nio-8080-exec-7] c.r.d.controller.DonationApiController   : 기부 상태 조회 API - approvalItems 개수: 16, completedDonations 개수: 10
2025-12-09T15:20:01.674+09:00  INFO 24820 --- [RE-WEAR] [http-nio-8080-exec-7] c.r.d.controller.DonationApiController   : 기부 상태 조회 API - 응답 생성 완료
2025-12-09T15:20:01.674+09:00 DEBUG 24820 --- [RE-WEAR] [http-nio-8080-exec-7] o.s.w.s.m.m.a.HttpEntityMethodProcessor  : Using 'application/json', given [*/*] and supported [application/json, application/*+json]
2025-12-09T15:20:01.676+09:00 DEBUG 24820 --- [RE-WEAR] [http-nio-8080-exec-7] o.s.w.s.m.m.a.HttpEntityMethodProcessor  : Writing [DonationStatusResponseDto(approvalItems=[DonationStatusResponseDto.ApprovalItemDto(id=1, name=아우터, c (truncated)...]
2025-12-09T15:20:01.678+09:00 DEBUG 24820 --- [RE-WEAR] [http-nio-8080-exec-7] o.s.web.servlet.DispatcherServlet        : Completed 200 OK
2025-12-09T15:20:01.684+09:00 DEBUG 24820 --- [RE-WEAR] [http-nio-8080-exec-8] o.s.security.web.FilterChainProxy        : Securing GET /api/donations/status
2025-12-09T15:20:01.685+09:00 DEBUG 24820 --- [RE-WEAR] [http-nio-8080-exec-8] w.c.HttpSessionSecurityContextRepository : Retrieved SecurityContextImpl [Authentication=UsernamePasswordAuthenticationToken [Principal=com.rewear.user.details.CustomUserDetails@c8f2c05, Credentials=[PROTECTED], Authenticated=true, Details=null, Granted Authorities=[ROLE_USER]]]
2025-12-09T15:20:01.685+09:00 DEBUG 24820 --- [RE-WEAR] [http-nio-8080-exec-8] o.s.security.web.FilterChainProxy        : Secured GET /api/donations/status
2025-12-09T15:20:01.685+09:00 DEBUG 24820 --- [RE-WEAR] [http-nio-8080-exec-8] o.s.web.servlet.DispatcherServlet        : GET "/api/donations/status", parameters={}
2025-12-09T15:20:01.685+09:00 DEBUG 24820 --- [RE-WEAR] [http-nio-8080-exec-8] s.w.s.m.m.a.RequestMappingHandlerMapping : Mapped to com.rewear.donation.controller.DonationApiController#getDonationStatus(CustomUserDetails)
2025-12-09T15:20:01.685+09:00 DEBUG 24820 --- [RE-WEAR] [http-nio-8080-exec-8] horizationManagerBeforeMethodInterceptor : Authorizing method invocation ReflectiveMethodInvocation: public org.springframework.http.ResponseEntity com.rewear.donation.controller.DonationApiController.getDonationStatus(com.rewear.user.details.CustomUserDetails); target is of class [com.rewear.donation.controller.DonationApiController]
2025-12-09T15:20:01.686+09:00 DEBUG 24820 --- [RE-WEAR] [http-nio-8080-exec-8] horizationManagerBeforeMethodInterceptor : Authorized method invocation ReflectiveMethodInvocation: public org.springframework.http.ResponseEntity com.rewear.donation.controller.DonationApiController.getDonationStatus(com.rewear.user.details.CustomUserDetails); target is of class [com.rewear.donation.controller.DonationApiController]
2025-12-09T15:20:01.690+09:00  INFO 24820 --- [RE-WEAR] [http-nio-8080-exec-8] c.r.d.controller.DonationApiController   : 기부 상태 조회 API - 사용자: user01
2025-12-09T15:20:01.719+09:00  INFO 24820 --- [RE-WEAR] [http-nio-8080-exec-8] c.r.d.controller.DonationApiController   : 기부 상태 조회 API - 조회된 기부 개수: 26
2025-12-09T15:20:01.724+09:00  INFO 24820 --- [RE-WEAR] [http-nio-8080-exec-8] c.r.d.controller.DonationApiController   : 기부 ID: 1, 상태: CANCELLED, DonationItem: 존재
2025-12-09T15:20:01.728+09:00  INFO 24820 --- [RE-WEAR] [http-nio-8080-exec-8] c.r.d.controller.DonationApiController   : 기부 ID: 2, 상태: CANCELLED, DonationItem: 존재
2025-12-09T15:20:01.730+09:00  INFO 24820 --- [RE-WEAR] [http-nio-8080-exec-8] c.r.d.controller.DonationApiController   : 기부 ID: 3, 상태: CANCELLED, DonationItem: 존재
2025-12-09T15:20:01.735+09:00  INFO 24820 --- [RE-WEAR] [http-nio-8080-exec-8] c.r.d.controller.DonationApiController   : 기부 ID: 4, 상태: CANCELLED, DonationItem: 존재
2025-12-09T15:20:01.738+09:00  INFO 24820 --- [RE-WEAR] [http-nio-8080-exec-8] c.r.d.controller.DonationApiController   : 기부 ID: 5, 상태: COMPLETED, DonationItem: 존재
2025-12-09T15:20:01.740+09:00  INFO 24820 --- [RE-WEAR] [http-nio-8080-exec-8] c.r.d.controller.DonationApiController   : 기부 ID: 6, 상태: COMPLETED, DonationItem: 존재
2025-12-09T15:20:01.744+09:00  INFO 24820 --- [RE-WEAR] [http-nio-8080-exec-8] c.r.d.controller.DonationApiController   : 기부 ID: 7, 상태: COMPLETED, DonationItem: 존재
2025-12-09T15:20:01.747+09:00  INFO 24820 --- [RE-WEAR] [http-nio-8080-exec-8] c.r.d.controller.DonationApiController   : 기부 ID: 8, 상태: COMPLETED, DonationItem: 존재
2025-12-09T15:20:01.751+09:00  INFO 24820 --- [RE-WEAR] [http-nio-8080-exec-8] c.r.d.controller.DonationApiController   : 기부 ID: 9, 상태: CANCELLED, DonationItem: 존재
2025-12-09T15:20:01.755+09:00  INFO 24820 --- [RE-WEAR] [http-nio-8080-exec-8] c.r.d.controller.DonationApiController   : 기부 ID: 10, 상태: COMPLETED, DonationItem: 존재
2025-12-09T15:20:01.759+09:00  INFO 24820 --- [RE-WEAR] [http-nio-8080-exec-8] c.r.d.controller.DonationApiController   : 기부 ID: 11, 상태: CANCELLED, DonationItem: 존재
2025-12-09T15:20:01.762+09:00  INFO 24820 --- [RE-WEAR] [http-nio-8080-exec-8] c.r.d.controller.DonationApiController   : 기부 ID: 12, 상태: COMPLETED, DonationItem: 존재
2025-12-09T15:20:01.766+09:00  INFO 24820 --- [RE-WEAR] [http-nio-8080-exec-8] c.r.d.controller.DonationApiController   : 기부 ID: 13, 상태: COMPLETED, DonationItem: 존재
2025-12-09T15:20:01.769+09:00  INFO 24820 --- [RE-WEAR] [http-nio-8080-exec-8] c.r.d.controller.DonationApiController   : 기부 ID: 14, 상태: CANCELLED, DonationItem: 존재
2025-12-09T15:20:01.773+09:00  INFO 24820 --- [RE-WEAR] [http-nio-8080-exec-8] c.r.d.controller.DonationApiController   : 기부 ID: 15, 상태: IN_PROGRESS, DonationItem: 존재
2025-12-09T15:20:01.777+09:00  INFO 24820 --- [RE-WEAR] [http-nio-8080-exec-8] c.r.d.controller.DonationApiController   : 기부 ID: 16, 상태: IN_PROGRESS, DonationItem: 존재
2025-12-09T15:20:01.781+09:00  INFO 24820 --- [RE-WEAR] [http-nio-8080-exec-8] c.r.d.controller.DonationApiController   : 기부 ID: 17, 상태: IN_PROGRESS, DonationItem: 존재
2025-12-09T15:20:01.785+09:00  INFO 24820 --- [RE-WEAR] [http-nio-8080-exec-8] c.r.d.controller.DonationApiController   : 기부 ID: 18, 상태: IN_PROGRESS, DonationItem: 존재
2025-12-09T15:20:01.789+09:00  INFO 24820 --- [RE-WEAR] [http-nio-8080-exec-8] c.r.d.controller.DonationApiController   : 기부 ID: 19, 상태: CANCELLED, DonationItem: 존재
2025-12-09T15:20:01.793+09:00  INFO 24820 --- [RE-WEAR] [http-nio-8080-exec-8] c.r.d.controller.DonationApiController   : 기부 ID: 20, 상태: COMPLETED, DonationItem: 존재
2025-12-09T15:20:01.795+09:00  INFO 24820 --- [RE-WEAR] [http-nio-8080-exec-8] c.r.d.controller.DonationApiController   : 기부 ID: 21, 상태: IN_PROGRESS, DonationItem: 존재
2025-12-09T15:20:01.800+09:00  INFO 24820 --- [RE-WEAR] [http-nio-8080-exec-8] c.r.d.controller.DonationApiController   : 기부 ID: 22, 상태: COMPLETED, DonationItem: 존재
2025-12-09T15:20:01.804+09:00  INFO 24820 --- [RE-WEAR] [http-nio-8080-exec-8] c.r.d.controller.DonationApiController   : 기부 ID: 23, 상태: COMPLETED, DonationItem: 존재
2025-12-09T15:20:01.808+09:00  INFO 24820 --- [RE-WEAR] [http-nio-8080-exec-8] c.r.d.controller.DonationApiController   : 기부 ID: 24, 상태: PENDING, DonationItem: 존재
2025-12-09T15:20:01.812+09:00  INFO 24820 --- [RE-WEAR] [http-nio-8080-exec-8] c.r.d.controller.DonationApiController   : 기부 ID: 25, 상태: IN_PROGRESS, DonationItem: 존재
2025-12-09T15:20:01.816+09:00  INFO 24820 --- [RE-WEAR] [http-nio-8080-exec-8] c.r.d.controller.DonationApiController   : 기부 ID: 26, 상태: PENDING, DonationItem: 존재
2025-12-09T15:20:01.816+09:00  INFO 24820 --- [RE-WEAR] [http-nio-8080-exec-8] c.r.d.controller.DonationApiController   : 필터링 전 - 전체 기부 개수: 26
2025-12-09T15:20:01.816+09:00  INFO 24820 --- [RE-WEAR] [http-nio-8080-exec-8] c.r.d.controller.DonationApiController   : 필터링 전 - 기부 ID: 1, 상태: CANCELLED
2025-12-09T15:20:01.816+09:00  INFO 24820 --- [RE-WEAR] [http-nio-8080-exec-8] c.r.d.controller.DonationApiController   : 필터링 전 - 기부 ID: 2, 상태: CANCELLED
2025-12-09T15:20:01.816+09:00  INFO 24820 --- [RE-WEAR] [http-nio-8080-exec-8] c.r.d.controller.DonationApiController   : 필터링 전 - 기부 ID: 3, 상태: CANCELLED
2025-12-09T15:20:01.816+09:00  INFO 24820 --- [RE-WEAR] [http-nio-8080-exec-8] c.r.d.controller.DonationApiController   : 필터링 전 - 기부 ID: 4, 상태: CANCELLED
2025-12-09T15:20:01.816+09:00  INFO 24820 --- [RE-WEAR] [http-nio-8080-exec-8] c.r.d.controller.DonationApiController   : 필터링 전 - 기부 ID: 5, 상태: COMPLETED
2025-12-09T15:20:01.817+09:00  INFO 24820 --- [RE-WEAR] [http-nio-8080-exec-8] c.r.d.controller.DonationApiController   : 필터링 전 - 기부 ID: 6, 상태: COMPLETED
2025-12-09T15:20:01.817+09:00  INFO 24820 --- [RE-WEAR] [http-nio-8080-exec-8] c.r.d.controller.DonationApiController   : 필터링 전 - 기부 ID: 7, 상태: COMPLETED
2025-12-09T15:20:01.817+09:00  INFO 24820 --- [RE-WEAR] [http-nio-8080-exec-8] c.r.d.controller.DonationApiController   : 필터링 전 - 기부 ID: 8, 상태: COMPLETED
2025-12-09T15:20:01.817+09:00  INFO 24820 --- [RE-WEAR] [http-nio-8080-exec-8] c.r.d.controller.DonationApiController   : 필터링 전 - 기부 ID: 9, 상태: CANCELLED
2025-12-09T15:20:01.817+09:00  INFO 24820 --- [RE-WEAR] [http-nio-8080-exec-8] c.r.d.controller.DonationApiController   : 필터링 전 - 기부 ID: 10, 상태: COMPLETED
2025-12-09T15:20:01.817+09:00  INFO 24820 --- [RE-WEAR] [http-nio-8080-exec-8] c.r.d.controller.DonationApiController   : 필터링 전 - 기부 ID: 11, 상태: CANCELLED
2025-12-09T15:20:01.817+09:00  INFO 24820 --- [RE-WEAR] [http-nio-8080-exec-8] c.r.d.controller.DonationApiController   : 필터링 전 - 기부 ID: 12, 상태: COMPLETED
2025-12-09T15:20:01.817+09:00  INFO 24820 --- [RE-WEAR] [http-nio-8080-exec-8] c.r.d.controller.DonationApiController   : 필터링 전 - 기부 ID: 13, 상태: COMPLETED
2025-12-09T15:20:01.817+09:00  INFO 24820 --- [RE-WEAR] [http-nio-8080-exec-8] c.r.d.controller.DonationApiController   : 필터링 전 - 기부 ID: 14, 상태: CANCELLED
2025-12-09T15:20:01.817+09:00  INFO 24820 --- [RE-WEAR] [http-nio-8080-exec-8] c.r.d.controller.DonationApiController   : 필터링 전 - 기부 ID: 15, 상태: IN_PROGRESS
2025-12-09T15:20:01.818+09:00  INFO 24820 --- [RE-WEAR] [http-nio-8080-exec-8] c.r.d.controller.DonationApiController   : 필터링 전 - 기부 ID: 16, 상태: IN_PROGRESS
2025-12-09T15:20:01.818+09:00  INFO 24820 --- [RE-WEAR] [http-nio-8080-exec-8] c.r.d.controller.DonationApiController   : 필터링 전 - 기부 ID: 17, 상태: IN_PROGRESS
2025-12-09T15:20:01.818+09:00  INFO 24820 --- [RE-WEAR] [http-nio-8080-exec-8] c.r.d.controller.DonationApiController   : 필터링 전 - 기부 ID: 18, 상태: IN_PROGRESS
2025-12-09T15:20:01.818+09:00  INFO 24820 --- [RE-WEAR] [http-nio-8080-exec-8] c.r.d.controller.DonationApiController   : 필터링 전 - 기부 ID: 19, 상태: CANCELLED
2025-12-09T15:20:01.818+09:00  INFO 24820 --- [RE-WEAR] [http-nio-8080-exec-8] c.r.d.controller.DonationApiController   : 필터링 전 - 기부 ID: 20, 상태: COMPLETED
2025-12-09T15:20:01.819+09:00  INFO 24820 --- [RE-WEAR] [http-nio-8080-exec-8] c.r.d.controller.DonationApiController   : 필터링 전 - 기부 ID: 21, 상태: IN_PROGRESS
2025-12-09T15:20:01.819+09:00  INFO 24820 --- [RE-WEAR] [http-nio-8080-exec-8] c.r.d.controller.DonationApiController   : 필터링 전 - 기부 ID: 22, 상태: COMPLETED
2025-12-09T15:20:01.819+09:00  INFO 24820 --- [RE-WEAR] [http-nio-8080-exec-8] c.r.d.controller.DonationApiController   : 필터링 전 - 기부 ID: 23, 상태: COMPLETED
2025-12-09T15:20:01.819+09:00  INFO 24820 --- [RE-WEAR] [http-nio-8080-exec-8] c.r.d.controller.DonationApiController   : 필터링 전 - 기부 ID: 24, 상태: PENDING
2025-12-09T15:20:01.819+09:00  INFO 24820 --- [RE-WEAR] [http-nio-8080-exec-8] c.r.d.controller.DonationApiController   : 필터링 전 - 기부 ID: 25, 상태: IN_PROGRESS
2025-12-09T15:20:01.819+09:00  INFO 24820 --- [RE-WEAR] [http-nio-8080-exec-8] c.r.d.controller.DonationApiController   : 필터링 전 - 기부 ID: 26, 상태: PENDING
2025-12-09T15:20:01.819+09:00  INFO 24820 --- [RE-WEAR] [http-nio-8080-exec-8] c.r.d.controller.DonationApiController   : 기부 변환 시작 - ID: 1, DonationItem null 여부: false
2025-12-09T15:20:01.819+09:00  INFO 24820 --- [RE-WEAR] [http-nio-8080-exec-8] c.r.d.controller.DonationApiController   : 기부 ID: 1 - 물품명: 아우터
2025-12-09T15:20:01.820+09:00  INFO 24820 --- [RE-WEAR] [http-nio-8080-exec-8] c.r.d.controller.DonationApiController   : 기부 변환 완료 - ID: 1, name: 아우터, status: 취소됨
2025-12-09T15:20:01.820+09:00  INFO 24820 --- [RE-WEAR] [http-nio-8080-exec-8] c.r.d.controller.DonationApiController   : 기부 변환 시작 - ID: 2, DonationItem null 여부: false
2025-12-09T15:20:01.820+09:00  INFO 24820 --- [RE-WEAR] [http-nio-8080-exec-8] c.r.d.controller.DonationApiController   : 기부 ID: 2 - 물품명: 하의
2025-12-09T15:20:01.820+09:00  INFO 24820 --- [RE-WEAR] [http-nio-8080-exec-8] c.r.d.controller.DonationApiController   : 기부 변환 완료 - ID: 2, name: 하의, status: 취소됨
2025-12-09T15:20:01.820+09:00  INFO 24820 --- [RE-WEAR] [http-nio-8080-exec-8] c.r.d.controller.DonationApiController   : 기부 변환 시작 - ID: 3, DonationItem null 여부: false
2025-12-09T15:20:01.820+09:00  INFO 24820 --- [RE-WEAR] [http-nio-8080-exec-8] c.r.d.controller.DonationApiController   : 기부 ID: 3 - 물품명: 하의
2025-12-09T15:20:01.820+09:00  INFO 24820 --- [RE-WEAR] [http-nio-8080-exec-8] c.r.d.controller.DonationApiController   : 기부 변환 완료 - ID: 3, name: 하의, status: 취소됨
2025-12-09T15:20:01.821+09:00  INFO 24820 --- [RE-WEAR] [http-nio-8080-exec-8] c.r.d.controller.DonationApiController   : 기부 변환 시작 - ID: 4, DonationItem null 여부: false
2025-12-09T15:20:01.821+09:00  INFO 24820 --- [RE-WEAR] [http-nio-8080-exec-8] c.r.d.controller.DonationApiController   : 기부 ID: 4 - 물품명: 아우터
2025-12-09T15:20:01.821+09:00  INFO 24820 --- [RE-WEAR] [http-nio-8080-exec-8] c.r.d.controller.DonationApiController   : 기부 변환 완료 - ID: 4, name: 아우터, status: 취소됨
2025-12-09T15:20:01.821+09:00  INFO 24820 --- [RE-WEAR] [http-nio-8080-exec-8] c.r.d.controller.DonationApiController   : 필터링됨 - 기부 ID: 5, 상태: COMPLETED (COMPLETED이므로 제외)
2025-12-09T15:20:01.821+09:00  INFO 24820 --- [RE-WEAR] [http-nio-8080-exec-8] c.r.d.controller.DonationApiController   : 필터링됨 - 기부 ID: 6, 상태: COMPLETED (COMPLETED이므로 제외)
2025-12-09T15:20:01.821+09:00  INFO 24820 --- [RE-WEAR] [http-nio-8080-exec-8] c.r.d.controller.DonationApiController   : 필터링됨 - 기부 ID: 7, 상태: COMPLETED (COMPLETED이므로 제외)
2025-12-09T15:20:01.821+09:00  INFO 24820 --- [RE-WEAR] [http-nio-8080-exec-8] c.r.d.controller.DonationApiController   : 필터링됨 - 기부 ID: 8, 상태: COMPLETED (COMPLETED이므로 제외)
2025-12-09T15:20:01.821+09:00  INFO 24820 --- [RE-WEAR] [http-nio-8080-exec-8] c.r.d.controller.DonationApiController   : 기부 변환 시작 - ID: 9, DonationItem null 여부: false
2025-12-09T15:20:01.821+09:00  INFO 24820 --- [RE-WEAR] [http-nio-8080-exec-8] c.r.d.controller.DonationApiController   : 기부 ID: 9 - 물품명: 하의
2025-12-09T15:20:01.821+09:00  INFO 24820 --- [RE-WEAR] [http-nio-8080-exec-8] c.r.d.controller.DonationApiController   : 기부 변환 완료 - ID: 9, name: 하의, status: 취소됨
2025-12-09T15:20:01.821+09:00  INFO 24820 --- [RE-WEAR] [http-nio-8080-exec-8] c.r.d.controller.DonationApiController   : 필터링됨 - 기부 ID: 10, 상태: COMPLETED (COMPLETED이므로 제외)
2025-12-09T15:20:01.822+09:00  INFO 24820 --- [RE-WEAR] [http-nio-8080-exec-8] c.r.d.controller.DonationApiController   : 기부 변환 시작 - ID: 11, DonationItem null 여부: false
2025-12-09T15:20:01.822+09:00  INFO 24820 --- [RE-WEAR] [http-nio-8080-exec-8] c.r.d.controller.DonationApiController   : 기부 ID: 11 - 물품명: 상의
2025-12-09T15:20:01.822+09:00  INFO 24820 --- [RE-WEAR] [http-nio-8080-exec-8] c.r.d.controller.DonationApiController   : 기부 변환 완료 - ID: 11, name: 상의, status: 취소됨
2025-12-09T15:20:01.822+09:00  INFO 24820 --- [RE-WEAR] [http-nio-8080-exec-8] c.r.d.controller.DonationApiController   : 필터링됨 - 기부 ID: 12, 상태: COMPLETED (COMPLETED이므로 제외)
2025-12-09T15:20:01.822+09:00  INFO 24820 --- [RE-WEAR] [http-nio-8080-exec-8] c.r.d.controller.DonationApiController   : 필터링됨 - 기부 ID: 13, 상태: COMPLETED (COMPLETED이므로 제외)
2025-12-09T15:20:01.822+09:00  INFO 24820 --- [RE-WEAR] [http-nio-8080-exec-8] c.r.d.controller.DonationApiController   : 기부 변환 시작 - ID: 14, DonationItem null 여부: false
2025-12-09T15:20:01.822+09:00  INFO 24820 --- [RE-WEAR] [http-nio-8080-exec-8] c.r.d.controller.DonationApiController   : 기부 ID: 14 - 물품명: 하의
2025-12-09T15:20:01.822+09:00  INFO 24820 --- [RE-WEAR] [http-nio-8080-exec-8] c.r.d.controller.DonationApiController   : 기부 변환 완료 - ID: 14, name: 하의, status: 취소됨
2025-12-09T15:20:01.822+09:00  INFO 24820 --- [RE-WEAR] [http-nio-8080-exec-8] c.r.d.controller.DonationApiController   : 기부 변환 시작 - ID: 15, DonationItem null 여부: false
2025-12-09T15:20:01.822+09:00  INFO 24820 --- [RE-WEAR] [http-nio-8080-exec-8] c.r.d.controller.DonationApiController   : 기부 ID: 15 - 물품명: 하의
2025-12-09T15:20:01.822+09:00  INFO 24820 --- [RE-WEAR] [http-nio-8080-exec-8] c.r.d.controller.DonationApiController   : 기부 변환 완료 - ID: 15, name: 하의, status: 매칭대기
2025-12-09T15:20:01.822+09:00  INFO 24820 --- [RE-WEAR] [http-nio-8080-exec-8] c.r.d.controller.DonationApiController   : 기부 변환 시작 - ID: 16, DonationItem null 여부: false
2025-12-09T15:20:01.823+09:00  INFO 24820 --- [RE-WEAR] [http-nio-8080-exec-8] c.r.d.controller.DonationApiController   : 기부 ID: 16 - 물품명: 아우터
2025-12-09T15:20:01.823+09:00  INFO 24820 --- [RE-WEAR] [http-nio-8080-exec-8] c.r.d.controller.DonationApiController   : 기부 변환 완료 - ID: 16, name: 아우터, status: 매칭대기
2025-12-09T15:20:01.824+09:00  INFO 24820 --- [RE-WEAR] [http-nio-8080-exec-8] c.r.d.controller.DonationApiController   : 기부 변환 시작 - ID: 17, DonationItem null 여부: false
2025-12-09T15:20:01.824+09:00  INFO 24820 --- [RE-WEAR] [http-nio-8080-exec-8] c.r.d.controller.DonationApiController   : 기부 ID: 17 - 물품명: 상의
2025-12-09T15:20:01.824+09:00  INFO 24820 --- [RE-WEAR] [http-nio-8080-exec-8] c.r.d.controller.DonationApiController   : 기부 변환 완료 - ID: 17, name: 상의, status: 매칭대기
2025-12-09T15:20:01.824+09:00  INFO 24820 --- [RE-WEAR] [http-nio-8080-exec-8] c.r.d.controller.DonationApiController   : 기부 변환 시작 - ID: 18, DonationItem null 여부: false
2025-12-09T15:20:01.824+09:00  INFO 24820 --- [RE-WEAR] [http-nio-8080-exec-8] c.r.d.controller.DonationApiController   : 기부 ID: 18 - 물품명: 한 벌 옷
2025-12-09T15:20:01.825+09:00  INFO 24820 --- [RE-WEAR] [http-nio-8080-exec-8] c.r.d.controller.DonationApiController   : 기부 변환 완료 - ID: 18, name: 한 벌 옷, status: 매칭대기
2025-12-09T15:20:01.825+09:00  INFO 24820 --- [RE-WEAR] [http-nio-8080-exec-8] c.r.d.controller.DonationApiController   : 기부 변환 시작 - ID: 19, DonationItem null 여부: false
2025-12-09T15:20:01.825+09:00  INFO 24820 --- [RE-WEAR] [http-nio-8080-exec-8] c.r.d.controller.DonationApiController   : 기부 ID: 19 - 물품명: 아우터
2025-12-09T15:20:01.825+09:00  INFO 24820 --- [RE-WEAR] [http-nio-8080-exec-8] c.r.d.controller.DonationApiController   : 기부 변환 완료 - ID: 19, name: 아우터, status: 취소됨
2025-12-09T15:20:01.825+09:00  INFO 24820 --- [RE-WEAR] [http-nio-8080-exec-8] c.r.d.controller.DonationApiController   : 필터링됨 - 기부 ID: 20, 상태: COMPLETED (COMPLETED이므로 제외)
2025-12-09T15:20:01.825+09:00  INFO 24820 --- [RE-WEAR] [http-nio-8080-exec-8] c.r.d.controller.DonationApiController   : 기부 변환 시작 - ID: 21, DonationItem null 여부: false
2025-12-09T15:20:01.826+09:00  INFO 24820 --- [RE-WEAR] [http-nio-8080-exec-8] c.r.d.controller.DonationApiController   : 기부 ID: 21 - 물품명: 아우터
2025-12-09T15:20:01.826+09:00  INFO 24820 --- [RE-WEAR] [http-nio-8080-exec-8] c.r.d.controller.DonationApiController   : 기부 변환 완료 - ID: 21, name: 아우터, status: 매칭대기
2025-12-09T15:20:01.826+09:00  INFO 24820 --- [RE-WEAR] [http-nio-8080-exec-8] c.r.d.controller.DonationApiController   : 필터링됨 - 기부 ID: 22, 상태: COMPLETED (COMPLETED이므로 제외)
2025-12-09T15:20:01.826+09:00  INFO 24820 --- [RE-WEAR] [http-nio-8080-exec-8] c.r.d.controller.DonationApiController   : 필터링됨 - 기부 ID: 23, 상태: COMPLETED (COMPLETED이므로 제외)
2025-12-09T15:20:01.826+09:00  INFO 24820 --- [RE-WEAR] [http-nio-8080-exec-8] c.r.d.controller.DonationApiController   : 기부 변환 시작 - ID: 24, DonationItem null 여부: false
2025-12-09T15:20:01.826+09:00  INFO 24820 --- [RE-WEAR] [http-nio-8080-exec-8] c.r.d.controller.DonationApiController   : 기부 ID: 24 - 물품명: 모자
2025-12-09T15:20:01.826+09:00  INFO 24820 --- [RE-WEAR] [http-nio-8080-exec-8] c.r.d.controller.DonationApiController   : 기부 변환 완료 - ID: 24, name: 모자, status: 승인대기
2025-12-09T15:20:01.826+09:00  INFO 24820 --- [RE-WEAR] [http-nio-8080-exec-8] c.r.d.controller.DonationApiController   : 기부 변환 시작 - ID: 25, DonationItem null 여부: false
2025-12-09T15:20:01.826+09:00  INFO 24820 --- [RE-WEAR] [http-nio-8080-exec-8] c.r.d.controller.DonationApiController   : 기부 ID: 25 - 물품명: 상의
2025-12-09T15:20:01.826+09:00  INFO 24820 --- [RE-WEAR] [http-nio-8080-exec-8] c.r.d.controller.DonationApiController   : 기부 변환 완료 - ID: 25, name: 상의, status: 매칭대기
2025-12-09T15:20:01.826+09:00  INFO 24820 --- [RE-WEAR] [http-nio-8080-exec-8] c.r.d.controller.DonationApiController   : 기부 변환 시작 - ID: 26, DonationItem null 여부: false
2025-12-09T15:20:01.826+09:00  INFO 24820 --- [RE-WEAR] [http-nio-8080-exec-8] c.r.d.controller.DonationApiController   : 기부 ID: 26 - 물품명: 하의
2025-12-09T15:20:01.826+09:00  INFO 24820 --- [RE-WEAR] [http-nio-8080-exec-8] c.r.d.controller.DonationApiController   : 기부 변환 완료 - ID: 26, name: 하의, status: 승인대기
2025-12-09T15:20:01.826+09:00  INFO 24820 --- [RE-WEAR] [http-nio-8080-exec-8] c.r.d.controller.DonationApiController   : approvalItems 생성 완료 - 총 16개
2025-12-09T15:20:01.826+09:00  INFO 24820 --- [RE-WEAR] [http-nio-8080-exec-8] c.r.d.controller.DonationApiController   : 기부 상태 조회 API - approvalItems 개수: 16, completedDonations 개수: 10
2025-12-09T15:20:01.826+09:00  INFO 24820 --- [RE-WEAR] [http-nio-8080-exec-8] c.r.d.controller.DonationApiController   : 기부 상태 조회 API - 응답 생성 완료
2025-12-09T15:20:01.826+09:00 DEBUG 24820 --- [RE-WEAR] [http-nio-8080-exec-8] o.s.w.s.m.m.a.HttpEntityMethodProcessor  : Using 'application/json', given [*/*] and supported [application/json, application/*+json]
2025-12-09T15:20:01.828+09:00 DEBUG 24820 --- [RE-WEAR] [http-nio-8080-exec-8] o.s.w.s.m.m.a.HttpEntityMethodProcessor  : Writing [DonationStatusResponseDto(approvalItems=[DonationStatusResponseDto.ApprovalItemDto(id=1, name=아우터, c (truncated)...]
2025-12-09T15:20:01.828+09:00 DEBUG 24820 --- [RE-WEAR] [http-nio-8080-exec-8] o.s.web.servlet.DispatcherServlet        : Completed 200 OK
2025-12-09T15:20:07.970+09:00 DEBUG 24820 --- [RE-WEAR] [http-nio-8080-exec-2] o.s.security.web.FilterChainProxy        : Securing POST /api/users/login
2025-12-09T15:20:07.971+09:00 DEBUG 24820 --- [RE-WEAR] [http-nio-8080-exec-2] o.s.security.web.FilterChainProxy        : Secured POST /api/users/login
2025-12-09T15:20:07.971+09:00 DEBUG 24820 --- [RE-WEAR] [http-nio-8080-exec-2] o.s.web.servlet.DispatcherServlet        : POST "/api/users/login", parameters={}
2025-12-09T15:20:07.972+09:00 DEBUG 24820 --- [RE-WEAR] [http-nio-8080-exec-2] s.w.s.m.m.a.RequestMappingHandlerMapping : Mapped to com.rewear.user.controller.UserController#login(Map, HttpServletRequest)
2025-12-09T15:20:07.974+09:00 DEBUG 24820 --- [RE-WEAR] [http-nio-8080-exec-2] m.m.a.RequestResponseBodyMethodProcessor : Read "application/json;charset=UTF-8" to [{username=admin, password=admin}]
2025-12-09T15:20:07.974+09:00  INFO 24820 --- [RE-WEAR] [http-nio-8080-exec-2] c.rewear.user.controller.UserController  : 로그인 시도: username=admin
2025-12-09T15:20:08.204+09:00 DEBUG 24820 --- [RE-WEAR] [http-nio-8080-exec-2] o.s.s.a.dao.DaoAuthenticationProvider    : Authenticated user
2025-12-09T15:20:08.204+09:00  INFO 24820 --- [RE-WEAR] [http-nio-8080-exec-2] c.rewear.user.controller.UserController  : 인증 성공: username=admin
2025-12-09T15:20:08.209+09:00  INFO 24820 --- [RE-WEAR] [http-nio-8080-exec-2] c.rewear.user.controller.UserController  : 로그인 성공: username=admin, role=ADMIN
2025-12-09T15:20:08.210+09:00 DEBUG 24820 --- [RE-WEAR] [http-nio-8080-exec-2] o.s.w.s.m.m.a.HttpEntityMethodProcessor  : Using 'application/json', given [*/*] and supported [application/json, application/*+json]
2025-12-09T15:20:08.210+09:00 DEBUG 24820 --- [RE-WEAR] [http-nio-8080-exec-2] o.s.w.s.m.m.a.HttpEntityMethodProcessor  : Writing [{role=ADMIN, user=com.rewear.user.entity.User@1509aac1, ok=true}]
2025-12-09T15:20:08.211+09:00 DEBUG 24820 --- [RE-WEAR] [http-nio-8080-exec-2] o.s.web.servlet.DispatcherServlet        : Completed 200 OK
2025-12-09T15:20:08.218+09:00 DEBUG 24820 --- [RE-WEAR] [http-nio-8080-exec-3] o.s.security.web.FilterChainProxy        : Securing GET /api/notifications/unread-count
2025-12-09T15:20:08.218+09:00 DEBUG 24820 --- [RE-WEAR] [http-nio-8080-exec-3] w.c.HttpSessionSecurityContextRepository : Retrieved SecurityContextImpl [Authentication=UsernamePasswordAuthenticationToken [Principal=com.rewear.user.details.CustomUserDetails@d030b70, Credentials=[PROTECTED], Authenticated=true, Details=null, Granted Authorities=[ROLE_ADMIN]]]
2025-12-09T15:20:08.219+09:00 DEBUG 24820 --- [RE-WEAR] [http-nio-8080-exec-3] o.s.security.web.FilterChainProxy        : Secured GET /api/notifications/unread-count
2025-12-09T15:20:08.219+09:00 DEBUG 24820 --- [RE-WEAR] [http-nio-8080-exec-3] o.s.web.servlet.DispatcherServlet        : GET "/api/notifications/unread-count", parameters={}
2025-12-09T15:20:08.219+09:00 DEBUG 24820 --- [RE-WEAR] [http-nio-8080-exec-3] s.w.s.m.m.a.RequestMappingHandlerMapping : Mapped to com.rewear.notification.controller.NotificationApiController#getUnreadCount(CustomUserDetails)
2025-12-09T15:20:08.219+09:00 DEBUG 24820 --- [RE-WEAR] [http-nio-8080-exec-3] horizationManagerBeforeMethodInterceptor : Authorizing method invocation ReflectiveMethodInvocation: public org.springframework.http.ResponseEntity com.rewear.notification.controller.NotificationApiController.getUnreadCount(com.rewear.user.details.CustomUserDetails); target is of class [com.rewear.notification.controller.NotificationApiController]
2025-12-09T15:20:08.219+09:00 DEBUG 24820 --- [RE-WEAR] [http-nio-8080-exec-3] horizationManagerBeforeMethodInterceptor : Authorized method invocation ReflectiveMethodInvocation: public org.springframework.http.ResponseEntity com.rewear.notification.controller.NotificationApiController.getUnreadCount(com.rewear.user.details.CustomUserDetails); target is of class [com.rewear.notification.controller.NotificationApiController]
2025-12-09T15:20:08.227+09:00 DEBUG 24820 --- [RE-WEAR] [http-nio-8080-exec-3] o.s.w.s.m.m.a.HttpEntityMethodProcessor  : Using 'application/json', given [*/*] and supported [application/json, application/*+json]
2025-12-09T15:20:08.228+09:00 DEBUG 24820 --- [RE-WEAR] [http-nio-8080-exec-3] o.s.w.s.m.m.a.HttpEntityMethodProcessor  : Writing [{unreadCount=0}]
2025-12-09T15:20:08.228+09:00 DEBUG 24820 --- [RE-WEAR] [http-nio-8080-exec-3] o.s.web.servlet.DispatcherServlet        : Completed 200 OK
2025-12-09T15:20:08.235+09:00 DEBUG 24820 --- [RE-WEAR] [http-nio-8080-exec-1] o.s.security.web.FilterChainProxy        : Securing GET /api/users/me
2025-12-09T15:20:08.235+09:00 DEBUG 24820 --- [RE-WEAR] [http-nio-8080-exec-1] w.c.HttpSessionSecurityContextRepository : Retrieved SecurityContextImpl [Authentication=UsernamePasswordAuthenticationToken [Principal=com.rewear.user.details.CustomUserDetails@d030b70, Credentials=[PROTECTED], Authenticated=true, Details=null, Granted Authorities=[ROLE_ADMIN]]]
2025-12-09T15:20:08.235+09:00 DEBUG 24820 --- [RE-WEAR] [http-nio-8080-exec-1] o.s.security.web.FilterChainProxy        : Secured GET /api/users/me
2025-12-09T15:20:08.235+09:00 DEBUG 24820 --- [RE-WEAR] [http-nio-8080-exec-1] o.s.web.servlet.DispatcherServlet        : GET "/api/users/me", parameters={}
2025-12-09T15:20:08.236+09:00 DEBUG 24820 --- [RE-WEAR] [http-nio-8080-exec-1] s.w.s.m.m.a.RequestMappingHandlerMapping : Mapped to com.rewear.user.controller.UserController#getCurrentUser(Principal)
2025-12-09T15:20:08.241+09:00 DEBUG 24820 --- [RE-WEAR] [http-nio-8080-exec-1] o.s.w.s.m.m.a.HttpEntityMethodProcessor  : Using 'application/json', given [*/*] and supported [application/json, application/*+json]
2025-12-09T15:20:08.241+09:00 DEBUG 24820 --- [RE-WEAR] [http-nio-8080-exec-1] o.s.w.s.m.m.a.HttpEntityMethodProcessor  : Writing [{user={phone=01000000000, nickname=관리자, email=mymp903@gmail.com, name=admin, id=1, role=관리자 회원, user (truncated)...]
2025-12-09T15:20:08.241+09:00 DEBUG 24820 --- [RE-WEAR] [http-nio-8080-exec-1] o.s.web.servlet.DispatcherServlet        : Completed 200 OK
2025-12-09T15:20:08.249+09:00 DEBUG 24820 --- [RE-WEAR] [http-nio-8080-exec-5] o.s.security.web.FilterChainProxy        : Securing GET /api/notifications/unread-count
2025-12-09T15:20:08.249+09:00 DEBUG 24820 --- [RE-WEAR] [http-nio-8080-exec-10] o.s.security.web.FilterChainProxy        : Securing GET /api/users/me
2025-12-09T15:20:08.250+09:00 DEBUG 24820 --- [RE-WEAR] [http-nio-8080-exec-5] w.c.HttpSessionSecurityContextRepository : Retrieved SecurityContextImpl [Authentication=UsernamePasswordAuthenticationToken [Principal=com.rewear.user.details.CustomUserDetails@d030b70, Credentials=[PROTECTED], Authenticated=true, Details=null, Granted Authorities=[ROLE_ADMIN]]]
2025-12-09T15:20:08.250+09:00 DEBUG 24820 --- [RE-WEAR] [http-nio-8080-exec-10] w.c.HttpSessionSecurityContextRepository : Retrieved SecurityContextImpl [Authentication=UsernamePasswordAuthenticationToken [Principal=com.rewear.user.details.CustomUserDetails@d030b70, Credentials=[PROTECTED], Authenticated=true, Details=null, Granted Authorities=[ROLE_ADMIN]]]
2025-12-09T15:20:08.250+09:00 DEBUG 24820 --- [RE-WEAR] [http-nio-8080-exec-5] o.s.security.web.FilterChainProxy        : Secured GET /api/notifications/unread-count
2025-12-09T15:20:08.250+09:00 DEBUG 24820 --- [RE-WEAR] [http-nio-8080-exec-10] o.s.security.web.FilterChainProxy        : Secured GET /api/users/me
2025-12-09T15:20:08.250+09:00 DEBUG 24820 --- [RE-WEAR] [http-nio-8080-exec-5] o.s.web.servlet.DispatcherServlet        : GET "/api/notifications/unread-count", parameters={}
2025-12-09T15:20:08.250+09:00 DEBUG 24820 --- [RE-WEAR] [http-nio-8080-exec-10] o.s.web.servlet.DispatcherServlet        : GET "/api/users/me", parameters={}
2025-12-09T15:20:08.250+09:00 DEBUG 24820 --- [RE-WEAR] [http-nio-8080-exec-5] s.w.s.m.m.a.RequestMappingHandlerMapping : Mapped to com.rewear.notification.controller.NotificationApiController#getUnreadCount(CustomUserDetails)
2025-12-09T15:20:08.250+09:00 DEBUG 24820 --- [RE-WEAR] [http-nio-8080-exec-10] s.w.s.m.m.a.RequestMappingHandlerMapping : Mapped to com.rewear.user.controller.UserController#getCurrentUser(Principal)
2025-12-09T15:20:08.250+09:00 DEBUG 24820 --- [RE-WEAR] [http-nio-8080-exec-5] horizationManagerBeforeMethodInterceptor : Authorizing method invocation ReflectiveMethodInvocation: public org.springframework.http.ResponseEntity com.rewear.notification.controller.NotificationApiController.getUnreadCount(com.rewear.user.details.CustomUserDetails); target is of class [com.rewear.notification.controller.NotificationApiController]
2025-12-09T15:20:08.253+09:00 DEBUG 24820 --- [RE-WEAR] [http-nio-8080-exec-5] horizationManagerBeforeMethodInterceptor : Authorized method invocation ReflectiveMethodInvocation: public org.springframework.http.ResponseEntity com.rewear.notification.controller.NotificationApiController.getUnreadCount(com.rewear.user.details.CustomUserDetails); target is of class [com.rewear.notification.controller.NotificationApiController]
2025-12-09T15:20:08.254+09:00 DEBUG 24820 --- [RE-WEAR] [http-nio-8080-exec-10] o.s.w.s.m.m.a.HttpEntityMethodProcessor  : Using 'application/json', given [*/*] and supported [application/json, application/*+json]
2025-12-09T15:20:08.254+09:00 DEBUG 24820 --- [RE-WEAR] [http-nio-8080-exec-10] o.s.w.s.m.m.a.HttpEntityMethodProcessor  : Writing [{user={phone=01000000000, nickname=관리자, email=mymp903@gmail.com, name=admin, id=1, role=관리자 회원, user (truncated)...]
2025-12-09T15:20:08.256+09:00 DEBUG 24820 --- [RE-WEAR] [http-nio-8080-exec-10] o.s.web.servlet.DispatcherServlet        : Completed 200 OK
2025-12-09T15:20:08.262+09:00 DEBUG 24820 --- [RE-WEAR] [http-nio-8080-exec-6] o.s.security.web.FilterChainProxy        : Securing GET /api/users/me
2025-12-09T15:20:08.262+09:00 DEBUG 24820 --- [RE-WEAR] [http-nio-8080-exec-5] o.s.w.s.m.m.a.HttpEntityMethodProcessor  : Using 'application/json', given [*/*] and supported [application/json, application/*+json]
2025-12-09T15:20:08.262+09:00 DEBUG 24820 --- [RE-WEAR] [http-nio-8080-exec-5] o.s.w.s.m.m.a.HttpEntityMethodProcessor  : Writing [{unreadCount=0}]
2025-12-09T15:20:08.263+09:00 DEBUG 24820 --- [RE-WEAR] [http-nio-8080-exec-6] w.c.HttpSessionSecurityContextRepository : Retrieved SecurityContextImpl [Authentication=UsernamePasswordAuthenticationToken [Principal=com.rewear.user.details.CustomUserDetails@d030b70, Credentials=[PROTECTED], Authenticated=true, Details=null, Granted Authorities=[ROLE_ADMIN]]]
2025-12-09T15:20:08.263+09:00 DEBUG 24820 --- [RE-WEAR] [http-nio-8080-exec-6] o.s.security.web.FilterChainProxy        : Secured GET /api/users/me
2025-12-09T15:20:08.263+09:00 DEBUG 24820 --- [RE-WEAR] [http-nio-8080-exec-5] o.s.web.servlet.DispatcherServlet        : Completed 200 OK
2025-12-09T15:20:08.263+09:00 DEBUG 24820 --- [RE-WEAR] [http-nio-8080-exec-6] o.s.web.servlet.DispatcherServlet        : GET "/api/users/me", parameters={}
2025-12-09T15:20:08.263+09:00 DEBUG 24820 --- [RE-WEAR] [http-nio-8080-exec-6] s.w.s.m.m.a.RequestMappingHandlerMapping : Mapped to com.rewear.user.controller.UserController#getCurrentUser(Principal)
2025-12-09T15:20:08.270+09:00 DEBUG 24820 --- [RE-WEAR] [http-nio-8080-exec-6] o.s.w.s.m.m.a.HttpEntityMethodProcessor  : Using 'application/json', given [*/*] and supported [application/json, application/*+json]
2025-12-09T15:20:08.270+09:00 DEBUG 24820 --- [RE-WEAR] [http-nio-8080-exec-6] o.s.w.s.m.m.a.HttpEntityMethodProcessor  : Writing [{user={phone=01000000000, nickname=관리자, email=mymp903@gmail.com, name=admin, id=1, role=관리자 회원, user (truncated)...]
2025-12-09T15:20:08.270+09:00 DEBUG 24820 --- [RE-WEAR] [http-nio-8080-exec-6] o.s.web.servlet.DispatcherServlet        : Completed 200 OK
2025-12-09T15:20:08.277+09:00 DEBUG 24820 --- [RE-WEAR] [http-nio-8080-exec-4] o.s.security.web.FilterChainProxy        : Securing GET /api/users/me
2025-12-09T15:20:08.278+09:00 DEBUG 24820 --- [RE-WEAR] [http-nio-8080-exec-4] w.c.HttpSessionSecurityContextRepository : Retrieved SecurityContextImpl [Authentication=UsernamePasswordAuthenticationToken [Principal=com.rewear.user.details.CustomUserDetails@d030b70, Credentials=[PROTECTED], Authenticated=true, Details=null, Granted Authorities=[ROLE_ADMIN]]]
2025-12-09T15:20:08.278+09:00 DEBUG 24820 --- [RE-WEAR] [http-nio-8080-exec-4] o.s.security.web.FilterChainProxy        : Secured GET /api/users/me
2025-12-09T15:20:08.278+09:00 DEBUG 24820 --- [RE-WEAR] [http-nio-8080-exec-4] o.s.web.servlet.DispatcherServlet        : GET "/api/users/me", parameters={}
2025-12-09T15:20:08.278+09:00 DEBUG 24820 --- [RE-WEAR] [http-nio-8080-exec-4] s.w.s.m.m.a.RequestMappingHandlerMapping : Mapped to com.rewear.user.controller.UserController#getCurrentUser(Principal)
2025-12-09T15:20:08.283+09:00 DEBUG 24820 --- [RE-WEAR] [http-nio-8080-exec-4] o.s.w.s.m.m.a.HttpEntityMethodProcessor  : Using 'application/json', given [*/*] and supported [application/json, application/*+json]
2025-12-09T15:20:08.283+09:00 DEBUG 24820 --- [RE-WEAR] [http-nio-8080-exec-4] o.s.w.s.m.m.a.HttpEntityMethodProcessor  : Writing [{user={phone=01000000000, nickname=관리자, email=mymp903@gmail.com, name=admin, id=1, role=관리자 회원, user (truncated)...]
2025-12-09T15:20:08.284+09:00 DEBUG 24820 --- [RE-WEAR] [http-nio-8080-exec-4] o.s.web.servlet.DispatcherServlet        : Completed 200 OK
2025-12-09T15:20:12.523+09:00 DEBUG 24820 --- [RE-WEAR] [http-nio-8080-exec-9] o.s.security.web.FilterChainProxy        : Securing GET /api/admin/donations/pending
2025-12-09T15:20:12.524+09:00 DEBUG 24820 --- [RE-WEAR] [http-nio-8080-exec-9] w.c.HttpSessionSecurityContextRepository : Retrieved SecurityContextImpl [Authentication=UsernamePasswordAuthenticationToken [Principal=com.rewear.user.details.CustomUserDetails@d030b70, Credentials=[PROTECTED], Authenticated=true, Details=null, Granted Authorities=[ROLE_ADMIN]]]
2025-12-09T15:20:12.524+09:00 DEBUG 24820 --- [RE-WEAR] [http-nio-8080-exec-9] o.s.security.web.FilterChainProxy        : Secured GET /api/admin/donations/pending
2025-12-09T15:20:12.526+09:00 DEBUG 24820 --- [RE-WEAR] [http-nio-8080-exec-9] o.s.web.servlet.DispatcherServlet        : GET "/api/admin/donations/pending", parameters={}
2025-12-09T15:20:12.526+09:00 DEBUG 24820 --- [RE-WEAR] [http-nio-8080-exec-9] s.w.s.m.m.a.RequestMappingHandlerMapping : Mapped to com.rewear.admin.controller.AdminDonationApiController#getPendingDonations()
2025-12-09T15:20:12.528+09:00 DEBUG 24820 --- [RE-WEAR] [http-nio-8080-exec-9] horizationManagerBeforeMethodInterceptor : Authorizing method invocation ReflectiveMethodInvocation: public org.springframework.http.ResponseEntity com.rewear.admin.controller.AdminDonationApiController.getPendingDonations(); target is of class [com.rewear.admin.controller.AdminDonationApiController]
2025-12-09T15:20:12.529+09:00 DEBUG 24820 --- [RE-WEAR] [http-nio-8080-exec-9] horizationManagerBeforeMethodInterceptor : Authorized method invocation ReflectiveMethodInvocation: public org.springframework.http.ResponseEntity com.rewear.admin.controller.AdminDonationApiController.getPendingDonations(); target is of class [com.rewear.admin.controller.AdminDonationApiController]
2025-12-09T15:20:12.546+09:00  INFO 24820 --- [RE-WEAR] [http-nio-8080-exec-9] c.r.a.c.AdminDonationApiController       : 기부 ID: 24 - imageUrls 값: 755528c8-2cd2-4b0a-8834-23c9683fa086.jpeg
2025-12-09T15:20:12.546+09:00  INFO 24820 --- [RE-WEAR] [http-nio-8080-exec-9] c.r.a.c.AdminDonationApiController       : 기부 ID: 24 - 이미지 파일 존재: 755528c8-2cd2-4b0a-8834-23c9683fa086.jpeg -> /uploads/755528c8-2cd2-4b0a-8834-23c9683fa086.jpeg
2025-12-09T15:20:12.546+09:00  INFO 24820 --- [RE-WEAR] [http-nio-8080-exec-9] c.r.a.c.AdminDonationApiController       : 기부 ID: 24 - 최종 이미지 개수: 1 (파일 존재하는 이미지만 포함)
2025-12-09T15:20:12.546+09:00  INFO 24820 --- [RE-WEAR] [http-nio-8080-exec-9] c.r.a.c.AdminDonationApiController       : 기부 ID: 26 - imageUrls 값: ae2f010a-c527-4016-8036-368a5e0af7a1.png
2025-12-09T15:20:12.546+09:00  INFO 24820 --- [RE-WEAR] [http-nio-8080-exec-9] c.r.a.c.AdminDonationApiController       : 기부 ID: 26 - 이미지 파일 존재: ae2f010a-c527-4016-8036-368a5e0af7a1.png -> /uploads/ae2f010a-c527-4016-8036-368a5e0af7a1.png
2025-12-09T15:20:12.547+09:00  INFO 24820 --- [RE-WEAR] [http-nio-8080-exec-9] c.r.a.c.AdminDonationApiController       : 기부 ID: 26 - 최종 이미지 개수: 1 (파일 존재하는 이미지만 포함)
2025-12-09T15:20:12.547+09:00 DEBUG 24820 --- [RE-WEAR] [http-nio-8080-exec-9] o.s.w.s.m.m.a.HttpEntityMethodProcessor  : Using 'application/json', given [*/*] and supported [application/json, application/*+json]
2025-12-09T15:20:12.548+09:00 DEBUG 24820 --- [RE-WEAR] [http-nio-8080-exec-9] o.s.w.s.m.m.a.HttpEntityMethodProcessor  : Writing [{donations=[{owner=user01, matchedOrganization=null, images=[{dataUrl=/uploads/755528c8-2cd2-4b0a-88 (truncated)...]
2025-12-09T15:20:12.549+09:00 DEBUG 24820 --- [RE-WEAR] [http-nio-8080-exec-9] o.s.web.servlet.DispatcherServlet        : Completed 200 OK
2025-12-09T15:20:12.555+09:00 DEBUG 24820 --- [RE-WEAR] [http-nio-8080-exec-7] o.s.security.web.FilterChainProxy        : Securing GET /api/admin/donations/pending
2025-12-09T15:20:12.556+09:00 DEBUG 24820 --- [RE-WEAR] [http-nio-8080-exec-7] w.c.HttpSessionSecurityContextRepository : Retrieved SecurityContextImpl [Authentication=UsernamePasswordAuthenticationToken [Principal=com.rewear.user.details.CustomUserDetails@d030b70, Credentials=[PROTECTED], Authenticated=true, Details=null, Granted Authorities=[ROLE_ADMIN]]]
2025-12-09T15:20:12.556+09:00 DEBUG 24820 --- [RE-WEAR] [http-nio-8080-exec-7] o.s.security.web.FilterChainProxy        : Secured GET /api/admin/donations/pending
2025-12-09T15:20:12.556+09:00 DEBUG 24820 --- [RE-WEAR] [http-nio-8080-exec-7] o.s.web.servlet.DispatcherServlet        : GET "/api/admin/donations/pending", parameters={}
2025-12-09T15:20:12.556+09:00 DEBUG 24820 --- [RE-WEAR] [http-nio-8080-exec-7] s.w.s.m.m.a.RequestMappingHandlerMapping : Mapped to com.rewear.admin.controller.AdminDonationApiController#getPendingDonations()
2025-12-09T15:20:12.556+09:00 DEBUG 24820 --- [RE-WEAR] [http-nio-8080-exec-7] horizationManagerBeforeMethodInterceptor : Authorizing method invocation ReflectiveMethodInvocation: public org.springframework.http.ResponseEntity com.rewear.admin.controller.AdminDonationApiController.getPendingDonations(); target is of class [com.rewear.admin.controller.AdminDonationApiController]
2025-12-09T15:20:12.557+09:00 DEBUG 24820 --- [RE-WEAR] [http-nio-8080-exec-7] horizationManagerBeforeMethodInterceptor : Authorized method invocation ReflectiveMethodInvocation: public org.springframework.http.ResponseEntity com.rewear.admin.controller.AdminDonationApiController.getPendingDonations(); target is of class [com.rewear.admin.controller.AdminDonationApiController]
2025-12-09T15:20:12.565+09:00  INFO 24820 --- [RE-WEAR] [http-nio-8080-exec-7] c.r.a.c.AdminDonationApiController       : 기부 ID: 24 - imageUrls 값: 755528c8-2cd2-4b0a-8834-23c9683fa086.jpeg
2025-12-09T15:20:12.566+09:00  INFO 24820 --- [RE-WEAR] [http-nio-8080-exec-7] c.r.a.c.AdminDonationApiController       : 기부 ID: 24 - 이미지 파일 존재: 755528c8-2cd2-4b0a-8834-23c9683fa086.jpeg -> /uploads/755528c8-2cd2-4b0a-8834-23c9683fa086.jpeg
2025-12-09T15:20:12.566+09:00  INFO 24820 --- [RE-WEAR] [http-nio-8080-exec-7] c.r.a.c.AdminDonationApiController       : 기부 ID: 24 - 최종 이미지 개수: 1 (파일 존재하는 이미지만 포함)
2025-12-09T15:20:12.566+09:00  INFO 24820 --- [RE-WEAR] [http-nio-8080-exec-7] c.r.a.c.AdminDonationApiController       : 기부 ID: 26 - imageUrls 값: ae2f010a-c527-4016-8036-368a5e0af7a1.png
2025-12-09T15:20:12.567+09:00  INFO 24820 --- [RE-WEAR] [http-nio-8080-exec-7] c.r.a.c.AdminDonationApiController       : 기부 ID: 26 - 이미지 파일 존재: ae2f010a-c527-4016-8036-368a5e0af7a1.png -> /uploads/ae2f010a-c527-4016-8036-368a5e0af7a1.png
2025-12-09T15:20:12.567+09:00  INFO 24820 --- [RE-WEAR] [http-nio-8080-exec-7] c.r.a.c.AdminDonationApiController       : 기부 ID: 26 - 최종 이미지 개수: 1 (파일 존재하는 이미지만 포함)
2025-12-09T15:20:12.567+09:00 DEBUG 24820 --- [RE-WEAR] [http-nio-8080-exec-7] o.s.w.s.m.m.a.HttpEntityMethodProcessor  : Using 'application/json', given [*/*] and supported [application/json, application/*+json]
2025-12-09T15:20:12.567+09:00 DEBUG 24820 --- [RE-WEAR] [http-nio-8080-exec-7] o.s.w.s.m.m.a.HttpEntityMethodProcessor  : Writing [{donations=[{owner=user01, matchedOrganization=null, images=[{dataUrl=/uploads/755528c8-2cd2-4b0a-88 (truncated)...]
2025-12-09T15:20:12.568+09:00 DEBUG 24820 --- [RE-WEAR] [http-nio-8080-exec-7] o.s.web.servlet.DispatcherServlet        : Completed 200 OK
2025-12-09T15:20:12.587+09:00 DEBUG 24820 --- [RE-WEAR] [http-nio-8080-exec-2] o.s.security.web.FilterChainProxy        : Securing GET /uploads/ae2f010a-c527-4016-8036-368a5e0af7a1.png
2025-12-09T15:20:12.588+09:00 DEBUG 24820 --- [RE-WEAR] [http-nio-8080-exec-8] o.s.security.web.FilterChainProxy        : Securing GET /uploads/755528c8-2cd2-4b0a-8834-23c9683fa086.jpeg
2025-12-09T15:20:12.588+09:00 DEBUG 24820 --- [RE-WEAR] [http-nio-8080-exec-2] o.s.security.web.FilterChainProxy        : Secured GET /uploads/ae2f010a-c527-4016-8036-368a5e0af7a1.png
2025-12-09T15:20:12.588+09:00 DEBUG 24820 --- [RE-WEAR] [http-nio-8080-exec-8] o.s.security.web.FilterChainProxy        : Secured GET /uploads/755528c8-2cd2-4b0a-8834-23c9683fa086.jpeg
2025-12-09T15:20:12.588+09:00 DEBUG 24820 --- [RE-WEAR] [http-nio-8080-exec-8] o.s.web.servlet.DispatcherServlet        : GET "/uploads/755528c8-2cd2-4b0a-8834-23c9683fa086.jpeg", parameters={}
2025-12-09T15:20:12.588+09:00 DEBUG 24820 --- [RE-WEAR] [http-nio-8080-exec-2] o.s.web.servlet.DispatcherServlet        : GET "/uploads/ae2f010a-c527-4016-8036-368a5e0af7a1.png", parameters={}
2025-12-09T15:20:12.591+09:00 DEBUG 24820 --- [RE-WEAR] [http-nio-8080-exec-2] o.s.w.s.handler.SimpleUrlHandlerMapping  : Mapped to ResourceHttpRequestHandler [URL [file:/C:/Users/dw_42/OneDrive/바탕%20화면/Fuck/uploads/]]
2025-12-09T15:20:12.591+09:00 DEBUG 24820 --- [RE-WEAR] [http-nio-8080-exec-8] o.s.w.s.handler.SimpleUrlHandlerMapping  : Mapped to ResourceHttpRequestHandler [URL [file:/C:/Users/dw_42/OneDrive/바탕%20화면/Fuck/uploads/]]
2025-12-09T15:20:12.597+09:00 DEBUG 24820 --- [RE-WEAR] [http-nio-8080-exec-2] o.s.web.servlet.DispatcherServlet        : Completed 200 OK
2025-12-09T15:20:12.598+09:00 DEBUG 24820 --- [RE-WEAR] [http-nio-8080-exec-2] w.c.HttpSessionSecurityContextRepository : Retrieved SecurityContextImpl [Authentication=UsernamePasswordAuthenticationToken [Principal=com.rewear.user.details.CustomUserDetails@d030b70, Credentials=[PROTECTED], Authenticated=true, Details=null, Granted Authorities=[ROLE_ADMIN]]]
2025-12-09T15:20:12.610+09:00 DEBUG 24820 --- [RE-WEAR] [http-nio-8080-exec-8] o.s.web.servlet.DispatcherServlet        : Completed 200 OK
2025-12-09T15:20:12.610+09:00 DEBUG 24820 --- [RE-WEAR] [http-nio-8080-exec-8] w.c.HttpSessionSecurityContextRepository : Retrieved SecurityContextImpl [Authentication=UsernamePasswordAuthenticationToken [Principal=com.rewear.user.details.CustomUserDetails@d030b70, Credentials=[PROTECTED], Authenticated=true, Details=null, Granted Authorities=[ROLE_ADMIN]]]
2025-12-09T15:20:17.487+09:00 DEBUG 24820 --- [RE-WEAR] [http-nio-8080-exec-3] o.s.security.web.FilterChainProxy        : Securing POST /api/admin/donations/26/approve
2025-12-09T15:20:17.489+09:00 DEBUG 24820 --- [RE-WEAR] [http-nio-8080-exec-3] w.c.HttpSessionSecurityContextRepository : Retrieved SecurityContextImpl [Authentication=UsernamePasswordAuthenticationToken [Principal=com.rewear.user.details.CustomUserDetails@d030b70, Credentials=[PROTECTED], Authenticated=true, Details=null, Granted Authorities=[ROLE_ADMIN]]]
2025-12-09T15:20:17.489+09:00 DEBUG 24820 --- [RE-WEAR] [http-nio-8080-exec-3] o.s.security.web.FilterChainProxy        : Secured POST /api/admin/donations/26/approve
2025-12-09T15:20:17.489+09:00 DEBUG 24820 --- [RE-WEAR] [http-nio-8080-exec-3] o.s.web.servlet.DispatcherServlet        : POST "/api/admin/donations/26/approve", parameters={}
2025-12-09T15:20:17.489+09:00 DEBUG 24820 --- [RE-WEAR] [http-nio-8080-exec-3] s.w.s.m.m.a.RequestMappingHandlerMapping : Mapped to com.rewear.admin.controller.AdminDonationApiController#approveDonation(Long)
2025-12-09T15:20:17.491+09:00 DEBUG 24820 --- [RE-WEAR] [http-nio-8080-exec-3] horizationManagerBeforeMethodInterceptor : Authorizing method invocation ReflectiveMethodInvocation: public org.springframework.http.ResponseEntity com.rewear.admin.controller.AdminDonationApiController.approveDonation(java.lang.Long); target is of class [com.rewear.admin.controller.AdminDonationApiController]
2025-12-09T15:20:17.491+09:00 DEBUG 24820 --- [RE-WEAR] [http-nio-8080-exec-3] horizationManagerBeforeMethodInterceptor : Authorized method invocation ReflectiveMethodInvocation: public org.springframework.http.ResponseEntity com.rewear.admin.controller.AdminDonationApiController.approveDonation(java.lang.Long); target is of class [com.rewear.admin.controller.AdminDonationApiController]
2025-12-09T15:20:17.518+09:00 DEBUG 24820 --- [RE-WEAR] [http-nio-8080-exec-3] o.s.w.s.m.m.a.HttpEntityMethodProcessor  : Using 'application/json', given [*/*] and supported [application/json, application/*+json]
2025-12-09T15:20:17.518+09:00 DEBUG 24820 --- [RE-WEAR] [http-nio-8080-exec-3] o.s.w.s.m.m.a.HttpEntityMethodProcessor  : Writing [{success=true, message=기부가 승인되었습니다.}]
2025-12-09T15:20:17.518+09:00 DEBUG 24820 --- [RE-WEAR] [http-nio-8080-exec-3] o.s.web.servlet.DispatcherServlet        : Completed 200 OK
2025-12-09T15:20:17.527+09:00 DEBUG 24820 --- [RE-WEAR] [http-nio-8080-exec-1] o.s.security.web.FilterChainProxy        : Securing GET /api/admin/donations/pending
2025-12-09T15:20:17.527+09:00 DEBUG 24820 --- [RE-WEAR] [http-nio-8080-exec-1] w.c.HttpSessionSecurityContextRepository : Retrieved SecurityContextImpl [Authentication=UsernamePasswordAuthenticationToken [Principal=com.rewear.user.details.CustomUserDetails@d030b70, Credentials=[PROTECTED], Authenticated=true, Details=null, Granted Authorities=[ROLE_ADMIN]]]
2025-12-09T15:20:17.527+09:00 DEBUG 24820 --- [RE-WEAR] [http-nio-8080-exec-1] o.s.security.web.FilterChainProxy        : Secured GET /api/admin/donations/pending
2025-12-09T15:20:17.527+09:00 DEBUG 24820 --- [RE-WEAR] [http-nio-8080-exec-1] o.s.web.servlet.DispatcherServlet        : GET "/api/admin/donations/pending", parameters={}
2025-12-09T15:20:17.527+09:00 DEBUG 24820 --- [RE-WEAR] [http-nio-8080-exec-1] s.w.s.m.m.a.RequestMappingHandlerMapping : Mapped to com.rewear.admin.controller.AdminDonationApiController#getPendingDonations()
2025-12-09T15:20:17.528+09:00 DEBUG 24820 --- [RE-WEAR] [http-nio-8080-exec-1] horizationManagerBeforeMethodInterceptor : Authorizing method invocation ReflectiveMethodInvocation: public org.springframework.http.ResponseEntity com.rewear.admin.controller.AdminDonationApiController.getPendingDonations(); target is of class [com.rewear.admin.controller.AdminDonationApiController]
2025-12-09T15:20:17.528+09:00 DEBUG 24820 --- [RE-WEAR] [http-nio-8080-exec-1] horizationManagerBeforeMethodInterceptor : Authorized method invocation ReflectiveMethodInvocation: public org.springframework.http.ResponseEntity com.rewear.admin.controller.AdminDonationApiController.getPendingDonations(); target is of class [com.rewear.admin.controller.AdminDonationApiController]
2025-12-09T15:20:17.535+09:00  INFO 24820 --- [RE-WEAR] [http-nio-8080-exec-1] c.r.a.c.AdminDonationApiController       : 기부 ID: 24 - imageUrls 값: 755528c8-2cd2-4b0a-8834-23c9683fa086.jpeg
2025-12-09T15:20:17.537+09:00  INFO 24820 --- [RE-WEAR] [http-nio-8080-exec-1] c.r.a.c.AdminDonationApiController       : 기부 ID: 24 - 이미지 파일 존재: 755528c8-2cd2-4b0a-8834-23c9683fa086.jpeg -> /uploads/755528c8-2cd2-4b0a-8834-23c9683fa086.jpeg
2025-12-09T15:20:17.537+09:00  INFO 24820 --- [RE-WEAR] [http-nio-8080-exec-1] c.r.a.c.AdminDonationApiController       : 기부 ID: 24 - 최종 이미지 개수: 1 (파일 존재하는 이미지만 포함)
2025-12-09T15:20:17.537+09:00 DEBUG 24820 --- [RE-WEAR] [http-nio-8080-exec-1] o.s.w.s.m.m.a.HttpEntityMethodProcessor  : Using 'application/json', given [*/*] and supported [application/json, application/*+json]
2025-12-09T15:20:17.537+09:00 DEBUG 24820 --- [RE-WEAR] [http-nio-8080-exec-1] o.s.w.s.m.m.a.HttpEntityMethodProcessor  : Writing [{donations=[{owner=user01, matchedOrganization=null, images=[{dataUrl=/uploads/755528c8-2cd2-4b0a-88 (truncated)...]
2025-12-09T15:20:17.538+09:00 DEBUG 24820 --- [RE-WEAR] [http-nio-8080-exec-1] o.s.web.servlet.DispatcherServlet        : Completed 200 OK
2025-12-09T15:20:18.896+09:00 DEBUG 24820 --- [RE-WEAR] [http-nio-8080-exec-10] o.s.security.web.FilterChainProxy        : Securing GET /api/admin/donations/auto-match
2025-12-09T15:20:18.897+09:00 DEBUG 24820 --- [RE-WEAR] [http-nio-8080-exec-10] w.c.HttpSessionSecurityContextRepository : Retrieved SecurityContextImpl [Authentication=UsernamePasswordAuthenticationToken [Principal=com.rewear.user.details.CustomUserDetails@d030b70, Credentials=[PROTECTED], Authenticated=true, Details=null, Granted Authorities=[ROLE_ADMIN]]]
2025-12-09T15:20:18.897+09:00 DEBUG 24820 --- [RE-WEAR] [http-nio-8080-exec-10] o.s.security.web.FilterChainProxy        : Secured GET /api/admin/donations/auto-match
2025-12-09T15:20:18.897+09:00 DEBUG 24820 --- [RE-WEAR] [http-nio-8080-exec-10] o.s.web.servlet.DispatcherServlet        : GET "/api/admin/donations/auto-match", parameters={}
2025-12-09T15:20:18.897+09:00 DEBUG 24820 --- [RE-WEAR] [http-nio-8080-exec-10] s.w.s.m.m.a.RequestMappingHandlerMapping : Mapped to com.rewear.admin.controller.AdminDonationApiController#getAutoMatchDonations()
2025-12-09T15:20:18.898+09:00 DEBUG 24820 --- [RE-WEAR] [http-nio-8080-exec-10] horizationManagerBeforeMethodInterceptor : Authorizing method invocation ReflectiveMethodInvocation: public org.springframework.http.ResponseEntity com.rewear.admin.controller.AdminDonationApiController.getAutoMatchDonations(); target is of class [com.rewear.admin.controller.AdminDonationApiController]
2025-12-09T15:20:18.898+09:00 DEBUG 24820 --- [RE-WEAR] [http-nio-8080-exec-10] horizationManagerBeforeMethodInterceptor : Authorized method invocation ReflectiveMethodInvocation: public org.springframework.http.ResponseEntity com.rewear.admin.controller.AdminDonationApiController.getAutoMatchDonations(); target is of class [com.rewear.admin.controller.AdminDonationApiController]
2025-12-09T15:20:18.910+09:00  INFO 24820 --- [RE-WEAR] [http-nio-8080-exec-10] c.r.a.c.AdminDonationApiController       : 기부 ID: 25 - imageUrls 값: ebc10bb1-f34f-40bd-8174-6373d975ff55.png
2025-12-09T15:20:18.911+09:00  INFO 24820 --- [RE-WEAR] [http-nio-8080-exec-10] c.r.a.c.AdminDonationApiController       : 기부 ID: 25 - 이미지 파일 존재: ebc10bb1-f34f-40bd-8174-6373d975ff55.png -> /uploads/ebc10bb1-f34f-40bd-8174-6373d975ff55.png
2025-12-09T15:20:18.911+09:00  INFO 24820 --- [RE-WEAR] [http-nio-8080-exec-10] c.r.a.c.AdminDonationApiController       : 기부 ID: 25 - 최종 이미지 개수: 1 (파일 존재하는 이미지만 포함)
2025-12-09T15:20:18.912+09:00  INFO 24820 --- [RE-WEAR] [http-nio-8080-exec-10] c.r.a.c.AdminDonationApiController       : 기부 ID: 26 - imageUrls 값: ae2f010a-c527-4016-8036-368a5e0af7a1.png
2025-12-09T15:20:18.912+09:00  INFO 24820 --- [RE-WEAR] [http-nio-8080-exec-10] c.r.a.c.AdminDonationApiController       : 기부 ID: 26 - 이미지 파일 존재: ae2f010a-c527-4016-8036-368a5e0af7a1.png -> /uploads/ae2f010a-c527-4016-8036-368a5e0af7a1.png
2025-12-09T15:20:18.912+09:00  INFO 24820 --- [RE-WEAR] [http-nio-8080-exec-10] c.r.a.c.AdminDonationApiController       : 기부 ID: 26 - 최종 이미지 개수: 1 (파일 존재하는 이미지만 포함)
2025-12-09T15:20:18.913+09:00 DEBUG 24820 --- [RE-WEAR] [http-nio-8080-exec-10] o.s.w.s.m.m.a.HttpEntityMethodProcessor  : Using 'application/json', given [*/*] and supported [application/json, application/*+json]
2025-12-09T15:20:18.913+09:00 DEBUG 24820 --- [RE-WEAR] [http-nio-8080-exec-10] o.s.w.s.m.m.a.HttpEntityMethodProcessor  : Writing [{donations=[{owner=user01, matchedOrganization=null, images=[{dataUrl=/uploads/ebc10bb1-f34f-40bd-81 (truncated)...]
2025-12-09T15:20:18.914+09:00 DEBUG 24820 --- [RE-WEAR] [http-nio-8080-exec-10] o.s.web.servlet.DispatcherServlet        : Completed 200 OK
2025-12-09T15:20:18.920+09:00 DEBUG 24820 --- [RE-WEAR] [http-nio-8080-exec-5] o.s.security.web.FilterChainProxy        : Securing GET /api/admin/donations/auto-match
2025-12-09T15:20:18.920+09:00 DEBUG 24820 --- [RE-WEAR] [http-nio-8080-exec-5] w.c.HttpSessionSecurityContextRepository : Retrieved SecurityContextImpl [Authentication=UsernamePasswordAuthenticationToken [Principal=com.rewear.user.details.CustomUserDetails@d030b70, Credentials=[PROTECTED], Authenticated=true, Details=null, Granted Authorities=[ROLE_ADMIN]]]
2025-12-09T15:20:18.920+09:00 DEBUG 24820 --- [RE-WEAR] [http-nio-8080-exec-5] o.s.security.web.FilterChainProxy        : Secured GET /api/admin/donations/auto-match
2025-12-09T15:20:18.921+09:00 DEBUG 24820 --- [RE-WEAR] [http-nio-8080-exec-5] o.s.web.servlet.DispatcherServlet        : GET "/api/admin/donations/auto-match", parameters={}
2025-12-09T15:20:18.921+09:00 DEBUG 24820 --- [RE-WEAR] [http-nio-8080-exec-5] s.w.s.m.m.a.RequestMappingHandlerMapping : Mapped to com.rewear.admin.controller.AdminDonationApiController#getAutoMatchDonations()
2025-12-09T15:20:18.921+09:00 DEBUG 24820 --- [RE-WEAR] [http-nio-8080-exec-5] horizationManagerBeforeMethodInterceptor : Authorizing method invocation ReflectiveMethodInvocation: public org.springframework.http.ResponseEntity com.rewear.admin.controller.AdminDonationApiController.getAutoMatchDonations(); target is of class [com.rewear.admin.controller.AdminDonationApiController]
2025-12-09T15:20:18.923+09:00 DEBUG 24820 --- [RE-WEAR] [http-nio-8080-exec-5] horizationManagerBeforeMethodInterceptor : Authorized method invocation ReflectiveMethodInvocation: public org.springframework.http.ResponseEntity com.rewear.admin.controller.AdminDonationApiController.getAutoMatchDonations(); target is of class [com.rewear.admin.controller.AdminDonationApiController]
2025-12-09T15:20:18.924+09:00 DEBUG 24820 --- [RE-WEAR] [http-nio-8080-exec-6] o.s.security.web.FilterChainProxy        : Securing GET /api/admin/donations/organs
2025-12-09T15:20:18.924+09:00 DEBUG 24820 --- [RE-WEAR] [http-nio-8080-exec-6] w.c.HttpSessionSecurityContextRepository : Retrieved SecurityContextImpl [Authentication=UsernamePasswordAuthenticationToken [Principal=com.rewear.user.details.CustomUserDetails@d030b70, Credentials=[PROTECTED], Authenticated=true, Details=null, Granted Authorities=[ROLE_ADMIN]]]
2025-12-09T15:20:18.924+09:00 DEBUG 24820 --- [RE-WEAR] [http-nio-8080-exec-6] o.s.security.web.FilterChainProxy        : Secured GET /api/admin/donations/organs
2025-12-09T15:20:18.924+09:00 DEBUG 24820 --- [RE-WEAR] [http-nio-8080-exec-6] o.s.web.servlet.DispatcherServlet        : GET "/api/admin/donations/organs", parameters={}
2025-12-09T15:20:18.924+09:00 DEBUG 24820 --- [RE-WEAR] [http-nio-8080-exec-6] s.w.s.m.m.a.RequestMappingHandlerMapping : Mapped to com.rewear.admin.controller.AdminDonationApiController#getApprovedOrgans()
2025-12-09T15:20:18.924+09:00 DEBUG 24820 --- [RE-WEAR] [http-nio-8080-exec-6] horizationManagerBeforeMethodInterceptor : Authorizing method invocation ReflectiveMethodInvocation: public org.springframework.http.ResponseEntity com.rewear.admin.controller.AdminDonationApiController.getApprovedOrgans(); target is of class [com.rewear.admin.controller.AdminDonationApiController]
2025-12-09T15:20:18.926+09:00 DEBUG 24820 --- [RE-WEAR] [http-nio-8080-exec-6] horizationManagerBeforeMethodInterceptor : Authorized method invocation ReflectiveMethodInvocation: public org.springframework.http.ResponseEntity com.rewear.admin.controller.AdminDonationApiController.getApprovedOrgans(); target is of class [com.rewear.admin.controller.AdminDonationApiController]
2025-12-09T15:20:18.931+09:00 DEBUG 24820 --- [RE-WEAR] [http-nio-8080-exec-6] o.s.w.s.m.m.a.HttpEntityMethodProcessor  : Using 'application/json', given [*/*] and supported [application/json, application/*+json]
2025-12-09T15:20:18.932+09:00 DEBUG 24820 --- [RE-WEAR] [http-nio-8080-exec-6] o.s.w.s.m.m.a.HttpEntityMethodProcessor  : Writing [{organs=[{name=dongwook, id=2, username=dongwook}, {name=ReWear, id=1, username=organ01}], count=2}]
2025-12-09T15:20:18.932+09:00 DEBUG 24820 --- [RE-WEAR] [http-nio-8080-exec-6] o.s.web.servlet.DispatcherServlet        : Completed 200 OK
2025-12-09T15:20:18.936+09:00  INFO 24820 --- [RE-WEAR] [http-nio-8080-exec-5] c.r.a.c.AdminDonationApiController       : 기부 ID: 25 - imageUrls 값: ebc10bb1-f34f-40bd-8174-6373d975ff55.png
2025-12-09T15:20:18.937+09:00  INFO 24820 --- [RE-WEAR] [http-nio-8080-exec-5] c.r.a.c.AdminDonationApiController       : 기부 ID: 25 - 이미지 파일 존재: ebc10bb1-f34f-40bd-8174-6373d975ff55.png -> /uploads/ebc10bb1-f34f-40bd-8174-6373d975ff55.png
2025-12-09T15:20:18.938+09:00  INFO 24820 --- [RE-WEAR] [http-nio-8080-exec-5] c.r.a.c.AdminDonationApiController       : 기부 ID: 25 - 최종 이미지 개수: 1 (파일 존재하는 이미지만 포함)
2025-12-09T15:20:18.938+09:00  INFO 24820 --- [RE-WEAR] [http-nio-8080-exec-5] c.r.a.c.AdminDonationApiController       : 기부 ID: 26 - imageUrls 값: ae2f010a-c527-4016-8036-368a5e0af7a1.png
2025-12-09T15:20:18.938+09:00  INFO 24820 --- [RE-WEAR] [http-nio-8080-exec-5] c.r.a.c.AdminDonationApiController       : 기부 ID: 26 - 이미지 파일 존재: ae2f010a-c527-4016-8036-368a5e0af7a1.png -> /uploads/ae2f010a-c527-4016-8036-368a5e0af7a1.png
2025-12-09T15:20:18.938+09:00  INFO 24820 --- [RE-WEAR] [http-nio-8080-exec-5] c.r.a.c.AdminDonationApiController       : 기부 ID: 26 - 최종 이미지 개수: 1 (파일 존재하는 이미지만 포함)
2025-12-09T15:20:18.938+09:00 DEBUG 24820 --- [RE-WEAR] [http-nio-8080-exec-5] o.s.w.s.m.m.a.HttpEntityMethodProcessor  : Using 'application/json', given [*/*] and supported [application/json, application/*+json]
2025-12-09T15:20:18.939+09:00 DEBUG 24820 --- [RE-WEAR] [http-nio-8080-exec-5] o.s.w.s.m.m.a.HttpEntityMethodProcessor  : Writing [{donations=[{owner=user01, matchedOrganization=null, images=[{dataUrl=/uploads/ebc10bb1-f34f-40bd-81 (truncated)...]
2025-12-09T15:20:18.939+09:00 DEBUG 24820 --- [RE-WEAR] [http-nio-8080-exec-5] o.s.web.servlet.DispatcherServlet        : Completed 200 OK
2025-12-09T15:20:18.949+09:00 DEBUG 24820 --- [RE-WEAR] [http-nio-8080-exec-4] o.s.security.web.FilterChainProxy        : Securing GET /api/admin/donations/organs
2025-12-09T15:20:18.950+09:00 DEBUG 24820 --- [RE-WEAR] [http-nio-8080-exec-4] w.c.HttpSessionSecurityContextRepository : Retrieved SecurityContextImpl [Authentication=UsernamePasswordAuthenticationToken [Principal=com.rewear.user.details.CustomUserDetails@d030b70, Credentials=[PROTECTED], Authenticated=true, Details=null, Granted Authorities=[ROLE_ADMIN]]]
2025-12-09T15:20:18.950+09:00 DEBUG 24820 --- [RE-WEAR] [http-nio-8080-exec-4] o.s.security.web.FilterChainProxy        : Secured GET /api/admin/donations/organs
2025-12-09T15:20:18.950+09:00 DEBUG 24820 --- [RE-WEAR] [http-nio-8080-exec-4] o.s.web.servlet.DispatcherServlet        : GET "/api/admin/donations/organs", parameters={}
2025-12-09T15:20:18.950+09:00 DEBUG 24820 --- [RE-WEAR] [http-nio-8080-exec-4] s.w.s.m.m.a.RequestMappingHandlerMapping : Mapped to com.rewear.admin.controller.AdminDonationApiController#getApprovedOrgans()
2025-12-09T15:20:18.951+09:00 DEBUG 24820 --- [RE-WEAR] [http-nio-8080-exec-4] horizationManagerBeforeMethodInterceptor : Authorizing method invocation ReflectiveMethodInvocation: public org.springframework.http.ResponseEntity com.rewear.admin.controller.AdminDonationApiController.getApprovedOrgans(); target is of class [com.rewear.admin.controller.AdminDonationApiController]
2025-12-09T15:20:18.951+09:00 DEBUG 24820 --- [RE-WEAR] [http-nio-8080-exec-4] horizationManagerBeforeMethodInterceptor : Authorized method invocation ReflectiveMethodInvocation: public org.springframework.http.ResponseEntity com.rewear.admin.controller.AdminDonationApiController.getApprovedOrgans(); target is of class [com.rewear.admin.controller.AdminDonationApiController]
2025-12-09T15:20:18.957+09:00 DEBUG 24820 --- [RE-WEAR] [http-nio-8080-exec-4] o.s.w.s.m.m.a.HttpEntityMethodProcessor  : Using 'application/json', given [*/*] and supported [application/json, application/*+json]
2025-12-09T15:20:18.958+09:00 DEBUG 24820 --- [RE-WEAR] [http-nio-8080-exec-4] o.s.w.s.m.m.a.HttpEntityMethodProcessor  : Writing [{organs=[{name=dongwook, id=2, username=dongwook}, {name=ReWear, id=1, username=organ01}], count=2}]
2025-12-09T15:20:18.958+09:00 DEBUG 24820 --- [RE-WEAR] [http-nio-8080-exec-4] o.s.web.servlet.DispatcherServlet        : Completed 200 OK
2025-12-09T15:22:28.190+09:00 DEBUG 24820 --- [RE-WEAR] [http-nio-8080-exec-9] o.s.security.web.FilterChainProxy        : Securing GET /api/users/me
2025-12-09T15:22:28.348+09:00 DEBUG 24820 --- [RE-WEAR] [http-nio-8080-exec-9] w.c.HttpSessionSecurityContextRepository : Retrieved SecurityContextImpl [Authentication=UsernamePasswordAuthenticationToken [Principal=com.rewear.user.details.CustomUserDetails@d030b70, Credentials=[PROTECTED], Authenticated=true, Details=null, Granted Authorities=[ROLE_ADMIN]]]
2025-12-09T15:22:28.375+09:00 DEBUG 24820 --- [RE-WEAR] [http-nio-8080-exec-9] o.s.security.web.FilterChainProxy        : Secured GET /api/users/me
2025-12-09T15:22:28.379+09:00 DEBUG 24820 --- [RE-WEAR] [http-nio-8080-exec-9] o.s.web.servlet.DispatcherServlet        : GET "/api/users/me", parameters={}
2025-12-09T15:22:28.384+09:00 DEBUG 24820 --- [RE-WEAR] [http-nio-8080-exec-9] s.w.s.m.m.a.RequestMappingHandlerMapping : Mapped to com.rewear.user.controller.UserController#getCurrentUser(Principal)
2025-12-09T15:22:28.399+09:00 DEBUG 24820 --- [RE-WEAR] [http-nio-8080-exec-9] o.s.w.s.m.m.a.HttpEntityMethodProcessor  : Using 'application/json', given [*/*] and supported [application/json, application/*+json]
2025-12-09T15:22:28.400+09:00 DEBUG 24820 --- [RE-WEAR] [http-nio-8080-exec-9] o.s.w.s.m.m.a.HttpEntityMethodProcessor  : Writing [{user={phone=01000000000, nickname=관리자, email=mymp903@gmail.com, name=admin, id=1, role=관리자 회원, user (truncated)...]
2025-12-09T15:22:28.406+09:00 DEBUG 24820 --- [RE-WEAR] [http-nio-8080-exec-9] o.s.web.servlet.DispatcherServlet        : Completed 200 OK
2025-12-09T15:22:28.460+09:00 DEBUG 24820 --- [RE-WEAR] [http-nio-8080-exec-7] o.s.security.web.FilterChainProxy        : Securing GET /api/users/me
2025-12-09T15:22:28.460+09:00 DEBUG 24820 --- [RE-WEAR] [http-nio-8080-exec-7] w.c.HttpSessionSecurityContextRepository : Retrieved SecurityContextImpl [Authentication=UsernamePasswordAuthenticationToken [Principal=com.rewear.user.details.CustomUserDetails@d030b70, Credentials=[PROTECTED], Authenticated=true, Details=null, Granted Authorities=[ROLE_ADMIN]]]
2025-12-09T15:22:28.461+09:00 DEBUG 24820 --- [RE-WEAR] [http-nio-8080-exec-7] o.s.security.web.FilterChainProxy        : Secured GET /api/users/me
2025-12-09T15:22:28.465+09:00 DEBUG 24820 --- [RE-WEAR] [http-nio-8080-exec-7] o.s.web.servlet.DispatcherServlet        : GET "/api/users/me", parameters={}
2025-12-09T15:22:28.465+09:00 DEBUG 24820 --- [RE-WEAR] [http-nio-8080-exec-7] s.w.s.m.m.a.RequestMappingHandlerMapping : Mapped to com.rewear.user.controller.UserController#getCurrentUser(Principal)
2025-12-09T15:22:28.467+09:00 DEBUG 24820 --- [RE-WEAR] [http-nio-8080-exec-2] o.s.security.web.FilterChainProxy        : Securing GET /api/notifications/unread-count
2025-12-09T15:22:28.468+09:00 DEBUG 24820 --- [RE-WEAR] [http-nio-8080-exec-2] w.c.HttpSessionSecurityContextRepository : Retrieved SecurityContextImpl [Authentication=UsernamePasswordAuthenticationToken [Principal=com.rewear.user.details.CustomUserDetails@d030b70, Credentials=[PROTECTED], Authenticated=true, Details=null, Granted Authorities=[ROLE_ADMIN]]]
2025-12-09T15:22:28.468+09:00 DEBUG 24820 --- [RE-WEAR] [http-nio-8080-exec-2] o.s.security.web.FilterChainProxy        : Secured GET /api/notifications/unread-count
2025-12-09T15:22:28.469+09:00 DEBUG 24820 --- [RE-WEAR] [http-nio-8080-exec-2] o.s.web.servlet.DispatcherServlet        : GET "/api/notifications/unread-count", parameters={}
2025-12-09T15:22:28.494+09:00 DEBUG 24820 --- [RE-WEAR] [http-nio-8080-exec-7] o.s.w.s.m.m.a.HttpEntityMethodProcessor  : Using 'application/json', given [*/*] and supported [application/json, application/*+json]
2025-12-09T15:22:28.494+09:00 DEBUG 24820 --- [RE-WEAR] [http-nio-8080-exec-7] o.s.w.s.m.m.a.HttpEntityMethodProcessor  : Writing [{user={phone=01000000000, nickname=관리자, email=mymp903@gmail.com, name=admin, id=1, role=관리자 회원, user (truncated)...]
2025-12-09T15:22:28.495+09:00 DEBUG 24820 --- [RE-WEAR] [http-nio-8080-exec-7] o.s.web.servlet.DispatcherServlet        : Completed 200 OK
2025-12-09T15:22:28.501+09:00 DEBUG 24820 --- [RE-WEAR] [http-nio-8080-exec-2] s.w.s.m.m.a.RequestMappingHandlerMapping : Mapped to com.rewear.notification.controller.NotificationApiController#getUnreadCount(CustomUserDetails)
2025-12-09T15:22:28.511+09:00 DEBUG 24820 --- [RE-WEAR] [http-nio-8080-exec-8] o.s.security.web.FilterChainProxy        : Securing GET /api/users/me
2025-12-09T15:22:28.511+09:00 DEBUG 24820 --- [RE-WEAR] [http-nio-8080-exec-2] horizationManagerBeforeMethodInterceptor : Authorizing method invocation ReflectiveMethodInvocation: public org.springframework.http.ResponseEntity com.rewear.notification.controller.NotificationApiController.getUnreadCount(com.rewear.user.details.CustomUserDetails); target is of class [com.rewear.notification.controller.NotificationApiController]
2025-12-09T15:22:28.512+09:00 DEBUG 24820 --- [RE-WEAR] [http-nio-8080-exec-2] horizationManagerBeforeMethodInterceptor : Authorized method invocation ReflectiveMethodInvocation: public org.springframework.http.ResponseEntity com.rewear.notification.controller.NotificationApiController.getUnreadCount(com.rewear.user.details.CustomUserDetails); target is of class [com.rewear.notification.controller.NotificationApiController]
2025-12-09T15:22:28.512+09:00 DEBUG 24820 --- [RE-WEAR] [http-nio-8080-exec-8] w.c.HttpSessionSecurityContextRepository : Retrieved SecurityContextImpl [Authentication=UsernamePasswordAuthenticationToken [Principal=com.rewear.user.details.CustomUserDetails@d030b70, Credentials=[PROTECTED], Authenticated=true, Details=null, Granted Authorities=[ROLE_ADMIN]]]
2025-12-09T15:22:28.512+09:00 DEBUG 24820 --- [RE-WEAR] [http-nio-8080-exec-8] o.s.security.web.FilterChainProxy        : Secured GET /api/users/me
2025-12-09T15:22:28.512+09:00 DEBUG 24820 --- [RE-WEAR] [http-nio-8080-exec-8] o.s.web.servlet.DispatcherServlet        : GET "/api/users/me", parameters={}
2025-12-09T15:22:28.513+09:00 DEBUG 24820 --- [RE-WEAR] [http-nio-8080-exec-8] s.w.s.m.m.a.RequestMappingHandlerMapping : Mapped to com.rewear.user.controller.UserController#getCurrentUser(Principal)
2025-12-09T15:22:28.523+09:00 DEBUG 24820 --- [RE-WEAR] [http-nio-8080-exec-8] o.s.w.s.m.m.a.HttpEntityMethodProcessor  : Using 'application/json', given [*/*] and supported [application/json, application/*+json]
2025-12-09T15:22:28.523+09:00 DEBUG 24820 --- [RE-WEAR] [http-nio-8080-exec-8] o.s.w.s.m.m.a.HttpEntityMethodProcessor  : Writing [{user={phone=01000000000, nickname=관리자, email=mymp903@gmail.com, name=admin, id=1, role=관리자 회원, user (truncated)...]
2025-12-09T15:22:28.524+09:00 DEBUG 24820 --- [RE-WEAR] [http-nio-8080-exec-8] o.s.web.servlet.DispatcherServlet        : Completed 200 OK
2025-12-09T15:22:28.540+09:00 DEBUG 24820 --- [RE-WEAR] [http-nio-8080-exec-3] o.s.security.web.FilterChainProxy        : Securing GET /api/users/me
2025-12-09T15:22:28.541+09:00 DEBUG 24820 --- [RE-WEAR] [http-nio-8080-exec-3] w.c.HttpSessionSecurityContextRepository : Retrieved SecurityContextImpl [Authentication=UsernamePasswordAuthenticationToken [Principal=com.rewear.user.details.CustomUserDetails@d030b70, Credentials=[PROTECTED], Authenticated=true, Details=null, Granted Authorities=[ROLE_ADMIN]]]
2025-12-09T15:22:28.541+09:00 DEBUG 24820 --- [RE-WEAR] [http-nio-8080-exec-3] o.s.security.web.FilterChainProxy        : Secured GET /api/users/me
2025-12-09T15:22:28.541+09:00 DEBUG 24820 --- [RE-WEAR] [http-nio-8080-exec-3] o.s.web.servlet.DispatcherServlet        : GET "/api/users/me", parameters={}
2025-12-09T15:22:28.541+09:00 DEBUG 24820 --- [RE-WEAR] [http-nio-8080-exec-3] s.w.s.m.m.a.RequestMappingHandlerMapping : Mapped to com.rewear.user.controller.UserController#getCurrentUser(Principal)
2025-12-09T15:22:28.544+09:00 DEBUG 24820 --- [RE-WEAR] [http-nio-8080-exec-2] o.s.w.s.m.m.a.HttpEntityMethodProcessor  : Using 'application/json', given [*/*] and supported [application/json, application/*+json]
2025-12-09T15:22:28.544+09:00 DEBUG 24820 --- [RE-WEAR] [http-nio-8080-exec-2] o.s.w.s.m.m.a.HttpEntityMethodProcessor  : Writing [{unreadCount=0}]
2025-12-09T15:22:28.544+09:00 DEBUG 24820 --- [RE-WEAR] [http-nio-8080-exec-3] o.s.w.s.m.m.a.HttpEntityMethodProcessor  : Using 'application/json', given [*/*] and supported [application/json, application/*+json]
2025-12-09T15:22:28.544+09:00 DEBUG 24820 --- [RE-WEAR] [http-nio-8080-exec-3] o.s.w.s.m.m.a.HttpEntityMethodProcessor  : Writing [{user={phone=01000000000, nickname=관리자, email=mymp903@gmail.com, name=admin, id=1, role=관리자 회원, user (truncated)...]
2025-12-09T15:22:28.545+09:00 DEBUG 24820 --- [RE-WEAR] [http-nio-8080-exec-3] o.s.web.servlet.DispatcherServlet        : Completed 200 OK
2025-12-09T15:22:28.545+09:00 DEBUG 24820 --- [RE-WEAR] [http-nio-8080-exec-2] o.s.web.servlet.DispatcherServlet        : Completed 200 OK
2025-12-09T15:22:30.647+09:00 DEBUG 24820 --- [RE-WEAR] [http-nio-8080-exec-1] o.s.security.web.FilterChainProxy        : Securing GET /api/users/me
2025-12-09T15:22:30.647+09:00 DEBUG 24820 --- [RE-WEAR] [http-nio-8080-exec-1] w.c.HttpSessionSecurityContextRepository : Retrieved SecurityContextImpl [Authentication=UsernamePasswordAuthenticationToken [Principal=com.rewear.user.details.CustomUserDetails@d030b70, Credentials=[PROTECTED], Authenticated=true, Details=null, Granted Authorities=[ROLE_ADMIN]]]
2025-12-09T15:22:30.648+09:00 DEBUG 24820 --- [RE-WEAR] [http-nio-8080-exec-1] o.s.security.web.FilterChainProxy        : Secured GET /api/users/me
2025-12-09T15:22:30.648+09:00 DEBUG 24820 --- [RE-WEAR] [http-nio-8080-exec-1] o.s.web.servlet.DispatcherServlet        : GET "/api/users/me", parameters={}
2025-12-09T15:22:30.648+09:00 DEBUG 24820 --- [RE-WEAR] [http-nio-8080-exec-1] s.w.s.m.m.a.RequestMappingHandlerMapping : Mapped to com.rewear.user.controller.UserController#getCurrentUser(Principal)
2025-12-09T15:22:30.654+09:00 DEBUG 24820 --- [RE-WEAR] [http-nio-8080-exec-1] o.s.w.s.m.m.a.HttpEntityMethodProcessor  : Using 'application/json', given [*/*] and supported [application/json, application/*+json]
2025-12-09T15:22:30.655+09:00 DEBUG 24820 --- [RE-WEAR] [http-nio-8080-exec-1] o.s.w.s.m.m.a.HttpEntityMethodProcessor  : Writing [{user={phone=01000000000, nickname=관리자, email=mymp903@gmail.com, name=admin, id=1, role=관리자 회원, user (truncated)...]
2025-12-09T15:22:30.656+09:00 DEBUG 24820 --- [RE-WEAR] [http-nio-8080-exec-1] o.s.web.servlet.DispatcherServlet        : Completed 200 OK
2025-12-09T15:22:30.714+09:00 DEBUG 24820 --- [RE-WEAR] [http-nio-8080-exec-10] o.s.security.web.FilterChainProxy        : Securing GET /api/users/me
2025-12-09T15:22:30.715+09:00 DEBUG 24820 --- [RE-WEAR] [http-nio-8080-exec-10] w.c.HttpSessionSecurityContextRepository : Retrieved SecurityContextImpl [Authentication=UsernamePasswordAuthenticationToken [Principal=com.rewear.user.details.CustomUserDetails@d030b70, Credentials=[PROTECTED], Authenticated=true, Details=null, Granted Authorities=[ROLE_ADMIN]]]
2025-12-09T15:22:30.715+09:00 DEBUG 24820 --- [RE-WEAR] [http-nio-8080-exec-10] o.s.security.web.FilterChainProxy        : Secured GET /api/users/me
2025-12-09T15:22:30.715+09:00 DEBUG 24820 --- [RE-WEAR] [http-nio-8080-exec-10] o.s.web.servlet.DispatcherServlet        : GET "/api/users/me", parameters={}
2025-12-09T15:22:30.715+09:00 DEBUG 24820 --- [RE-WEAR] [http-nio-8080-exec-10] s.w.s.m.m.a.RequestMappingHandlerMapping : Mapped to com.rewear.user.controller.UserController#getCurrentUser(Principal)
2025-12-09T15:22:30.822+09:00 DEBUG 24820 --- [RE-WEAR] [http-nio-8080-exec-6] o.s.security.web.FilterChainProxy        : Securing GET /api/notifications/unread-count
2025-12-09T15:22:30.823+09:00 DEBUG 24820 --- [RE-WEAR] [http-nio-8080-exec-6] w.c.HttpSessionSecurityContextRepository : Retrieved SecurityContextImpl [Authentication=UsernamePasswordAuthenticationToken [Principal=com.rewear.user.details.CustomUserDetails@d030b70, Credentials=[PROTECTED], Authenticated=true, Details=null, Granted Authorities=[ROLE_ADMIN]]]
2025-12-09T15:22:30.823+09:00 DEBUG 24820 --- [RE-WEAR] [http-nio-8080-exec-6] o.s.security.web.FilterChainProxy        : Secured GET /api/notifications/unread-count
2025-12-09T15:22:30.823+09:00 DEBUG 24820 --- [RE-WEAR] [http-nio-8080-exec-6] o.s.web.servlet.DispatcherServlet        : GET "/api/notifications/unread-count", parameters={}
2025-12-09T15:22:30.823+09:00 DEBUG 24820 --- [RE-WEAR] [http-nio-8080-exec-6] s.w.s.m.m.a.RequestMappingHandlerMapping : Mapped to com.rewear.notification.controller.NotificationApiController#getUnreadCount(CustomUserDetails)
2025-12-09T15:22:30.824+09:00 DEBUG 24820 --- [RE-WEAR] [http-nio-8080-exec-6] horizationManagerBeforeMethodInterceptor : Authorizing method invocation ReflectiveMethodInvocation: public org.springframework.http.ResponseEntity com.rewear.notification.controller.NotificationApiController.getUnreadCount(com.rewear.user.details.CustomUserDetails); target is of class [com.rewear.notification.controller.NotificationApiController]
2025-12-09T15:22:30.824+09:00 DEBUG 24820 --- [RE-WEAR] [http-nio-8080-exec-6] horizationManagerBeforeMethodInterceptor : Authorized method invocation ReflectiveMethodInvocation: public org.springframework.http.ResponseEntity com.rewear.notification.controller.NotificationApiController.getUnreadCount(com.rewear.user.details.CustomUserDetails); target is of class [com.rewear.notification.controller.NotificationApiController]
2025-12-09T15:22:30.843+09:00 DEBUG 24820 --- [RE-WEAR] [http-nio-8080-exec-10] o.s.w.s.m.m.a.HttpEntityMethodProcessor  : Using 'application/json', given [*/*] and supported [application/json, application/*+json]
2025-12-09T15:22:30.843+09:00 DEBUG 24820 --- [RE-WEAR] [http-nio-8080-exec-10] o.s.w.s.m.m.a.HttpEntityMethodProcessor  : Writing [{user={phone=01000000000, nickname=관리자, email=mymp903@gmail.com, name=admin, id=1, role=관리자 회원, user (truncated)...]
2025-12-09T15:22:30.844+09:00 DEBUG 24820 --- [RE-WEAR] [http-nio-8080-exec-10] o.s.web.servlet.DispatcherServlet        : Completed 200 OK
2025-12-09T15:22:30.848+09:00 DEBUG 24820 --- [RE-WEAR] [http-nio-8080-exec-6] o.s.w.s.m.m.a.HttpEntityMethodProcessor  : Using 'application/json', given [*/*] and supported [application/json, application/*+json]
2025-12-09T15:22:30.848+09:00 DEBUG 24820 --- [RE-WEAR] [http-nio-8080-exec-6] o.s.w.s.m.m.a.HttpEntityMethodProcessor  : Writing [{unreadCount=0}]
2025-12-09T15:22:30.848+09:00 DEBUG 24820 --- [RE-WEAR] [http-nio-8080-exec-6] o.s.web.servlet.DispatcherServlet        : Completed 200 OK
2025-12-09T15:22:30.979+09:00 DEBUG 24820 --- [RE-WEAR] [http-nio-8080-exec-5] o.s.security.web.FilterChainProxy        : Securing GET /api/users/me
2025-12-09T15:22:30.979+09:00 DEBUG 24820 --- [RE-WEAR] [http-nio-8080-exec-4] o.s.security.web.FilterChainProxy        : Securing GET /api/notifications/unread-count
2025-12-09T15:22:30.981+09:00 DEBUG 24820 --- [RE-WEAR] [http-nio-8080-exec-5] w.c.HttpSessionSecurityContextRepository : Retrieved SecurityContextImpl [Authentication=UsernamePasswordAuthenticationToken [Principal=com.rewear.user.details.CustomUserDetails@d030b70, Credentials=[PROTECTED], Authenticated=true, Details=null, Granted Authorities=[ROLE_ADMIN]]]
2025-12-09T15:22:30.987+09:00 DEBUG 24820 --- [RE-WEAR] [http-nio-8080-exec-5] o.s.security.web.FilterChainProxy        : Secured GET /api/users/me
2025-12-09T15:22:30.982+09:00 DEBUG 24820 --- [RE-WEAR] [http-nio-8080-exec-4] w.c.HttpSessionSecurityContextRepository : Retrieved SecurityContextImpl [Authentication=UsernamePasswordAuthenticationToken [Principal=com.rewear.user.details.CustomUserDetails@d030b70, Credentials=[PROTECTED], Authenticated=true, Details=null, Granted Authorities=[ROLE_ADMIN]]]
2025-12-09T15:22:30.995+09:00 DEBUG 24820 --- [RE-WEAR] [http-nio-8080-exec-4] o.s.security.web.FilterChainProxy        : Secured GET /api/notifications/unread-count
2025-12-09T15:22:30.995+09:00 DEBUG 24820 --- [RE-WEAR] [http-nio-8080-exec-4] o.s.web.servlet.DispatcherServlet        : GET "/api/notifications/unread-count", parameters={}
2025-12-09T15:22:30.995+09:00 DEBUG 24820 --- [RE-WEAR] [http-nio-8080-exec-5] o.s.web.servlet.DispatcherServlet        : GET "/api/users/me", parameters={}
2025-12-09T15:22:31.003+09:00 DEBUG 24820 --- [RE-WEAR] [http-nio-8080-exec-5] s.w.s.m.m.a.RequestMappingHandlerMapping : Mapped to com.rewear.user.controller.UserController#getCurrentUser(Principal)
2025-12-09T15:22:30.995+09:00 DEBUG 24820 --- [RE-WEAR] [http-nio-8080-exec-4] s.w.s.m.m.a.RequestMappingHandlerMapping : Mapped to com.rewear.notification.controller.NotificationApiController#getUnreadCount(CustomUserDetails)
2025-12-09T15:22:31.003+09:00 DEBUG 24820 --- [RE-WEAR] [http-nio-8080-exec-4] horizationManagerBeforeMethodInterceptor : Authorizing method invocation ReflectiveMethodInvocation: public org.springframework.http.ResponseEntity com.rewear.notification.controller.NotificationApiController.getUnreadCount(com.rewear.user.details.CustomUserDetails); target is of class [com.rewear.notification.controller.NotificationApiController]
2025-12-09T15:22:31.004+09:00 DEBUG 24820 --- [RE-WEAR] [http-nio-8080-exec-4] horizationManagerBeforeMethodInterceptor : Authorized method invocation ReflectiveMethodInvocation: public org.springframework.http.ResponseEntity com.rewear.notification.controller.NotificationApiController.getUnreadCount(com.rewear.user.details.CustomUserDetails); target is of class [com.rewear.notification.controller.NotificationApiController]
2025-12-09T15:22:31.011+09:00 DEBUG 24820 --- [RE-WEAR] [http-nio-8080-exec-5] o.s.w.s.m.m.a.HttpEntityMethodProcessor  : Using 'application/json', given [*/*] and supported [application/json, application/*+json]
2025-12-09T15:22:31.012+09:00 DEBUG 24820 --- [RE-WEAR] [http-nio-8080-exec-5] o.s.w.s.m.m.a.HttpEntityMethodProcessor  : Writing [{user={phone=01000000000, nickname=관리자, email=mymp903@gmail.com, name=admin, id=1, role=관리자 회원, user (truncated)...]
2025-12-09T15:22:31.014+09:00 DEBUG 24820 --- [RE-WEAR] [http-nio-8080-exec-5] o.s.web.servlet.DispatcherServlet        : Completed 200 OK
2025-12-09T15:22:31.032+09:00 DEBUG 24820 --- [RE-WEAR] [http-nio-8080-exec-9] o.s.security.web.FilterChainProxy        : Securing GET /api/users/me
2025-12-09T15:22:31.034+09:00 DEBUG 24820 --- [RE-WEAR] [http-nio-8080-exec-9] w.c.HttpSessionSecurityContextRepository : Retrieved SecurityContextImpl [Authentication=UsernamePasswordAuthenticationToken [Principal=com.rewear.user.details.CustomUserDetails@d030b70, Credentials=[PROTECTED], Authenticated=true, Details=null, Granted Authorities=[ROLE_ADMIN]]]
2025-12-09T15:22:31.038+09:00 DEBUG 24820 --- [RE-WEAR] [http-nio-8080-exec-4] o.s.w.s.m.m.a.HttpEntityMethodProcessor  : Using 'application/json', given [*/*] and supported [application/json, application/*+json]
2025-12-09T15:22:31.039+09:00 DEBUG 24820 --- [RE-WEAR] [http-nio-8080-exec-4] o.s.w.s.m.m.a.HttpEntityMethodProcessor  : Writing [{unreadCount=0}]
2025-12-09T15:22:31.039+09:00 DEBUG 24820 --- [RE-WEAR] [http-nio-8080-exec-4] o.s.web.servlet.DispatcherServlet        : Completed 200 OK
2025-12-09T15:22:31.034+09:00 DEBUG 24820 --- [RE-WEAR] [http-nio-8080-exec-9] o.s.security.web.FilterChainProxy        : Secured GET /api/users/me
2025-12-09T15:22:31.042+09:00 DEBUG 24820 --- [RE-WEAR] [http-nio-8080-exec-9] o.s.web.servlet.DispatcherServlet        : GET "/api/users/me", parameters={}
2025-12-09T15:22:31.047+09:00 DEBUG 24820 --- [RE-WEAR] [http-nio-8080-exec-9] s.w.s.m.m.a.RequestMappingHandlerMapping : Mapped to com.rewear.user.controller.UserController#getCurrentUser(Principal)
2025-12-09T15:22:31.065+09:00 DEBUG 24820 --- [RE-WEAR] [http-nio-8080-exec-9] o.s.w.s.m.m.a.HttpEntityMethodProcessor  : Using 'application/json', given [*/*] and supported [application/json, application/*+json]
2025-12-09T15:22:31.067+09:00 DEBUG 24820 --- [RE-WEAR] [http-nio-8080-exec-9] o.s.w.s.m.m.a.HttpEntityMethodProcessor  : Writing [{user={phone=01000000000, nickname=관리자, email=mymp903@gmail.com, name=admin, id=1, role=관리자 회원, user (truncated)...]
2025-12-09T15:22:31.068+09:00 DEBUG 24820 --- [RE-WEAR] [http-nio-8080-exec-9] o.s.web.servlet.DispatcherServlet        : Completed 200 OK
2025-12-09T15:22:31.176+09:00 DEBUG 24820 --- [RE-WEAR] [http-nio-8080-exec-7] o.s.security.web.FilterChainProxy        : Securing GET /api/users/me
2025-12-09T15:22:31.177+09:00 DEBUG 24820 --- [RE-WEAR] [http-nio-8080-exec-7] w.c.HttpSessionSecurityContextRepository : Retrieved SecurityContextImpl [Authentication=UsernamePasswordAuthenticationToken [Principal=com.rewear.user.details.CustomUserDetails@d030b70, Credentials=[PROTECTED], Authenticated=true, Details=null, Granted Authorities=[ROLE_ADMIN]]]
2025-12-09T15:22:31.177+09:00 DEBUG 24820 --- [RE-WEAR] [http-nio-8080-exec-7] o.s.security.web.FilterChainProxy        : Secured GET /api/users/me
2025-12-09T15:22:31.182+09:00 DEBUG 24820 --- [RE-WEAR] [http-nio-8080-exec-7] o.s.web.servlet.DispatcherServlet        : GET "/api/users/me", parameters={}
2025-12-09T15:22:31.184+09:00 DEBUG 24820 --- [RE-WEAR] [http-nio-8080-exec-7] s.w.s.m.m.a.RequestMappingHandlerMapping : Mapped to com.rewear.user.controller.UserController#getCurrentUser(Principal)
2025-12-09T15:22:31.196+09:00 DEBUG 24820 --- [RE-WEAR] [http-nio-8080-exec-7] o.s.w.s.m.m.a.HttpEntityMethodProcessor  : Using 'application/json', given [*/*] and supported [application/json, application/*+json]
2025-12-09T15:22:31.197+09:00 DEBUG 24820 --- [RE-WEAR] [http-nio-8080-exec-7] o.s.w.s.m.m.a.HttpEntityMethodProcessor  : Writing [{user={phone=01000000000, nickname=관리자, email=mymp903@gmail.com, name=admin, id=1, role=관리자 회원, user (truncated)...]
2025-12-09T15:22:31.198+09:00 DEBUG 24820 --- [RE-WEAR] [http-nio-8080-exec-7] o.s.web.servlet.DispatcherServlet        : Completed 200 OK
2025-12-09T15:22:31.205+09:00 DEBUG 24820 --- [RE-WEAR] [http-nio-8080-exec-8] o.s.security.web.FilterChainProxy        : Securing GET /api/users/me
2025-12-09T15:22:31.206+09:00 DEBUG 24820 --- [RE-WEAR] [http-nio-8080-exec-8] w.c.HttpSessionSecurityContextRepository : Retrieved SecurityContextImpl [Authentication=UsernamePasswordAuthenticationToken [Principal=com.rewear.user.details.CustomUserDetails@d030b70, Credentials=[PROTECTED], Authenticated=true, Details=null, Granted Authorities=[ROLE_ADMIN]]]
2025-12-09T15:22:31.206+09:00 DEBUG 24820 --- [RE-WEAR] [http-nio-8080-exec-8] o.s.security.web.FilterChainProxy        : Secured GET /api/users/me
2025-12-09T15:22:31.206+09:00 DEBUG 24820 --- [RE-WEAR] [http-nio-8080-exec-8] o.s.web.servlet.DispatcherServlet        : GET "/api/users/me", parameters={}
2025-12-09T15:22:31.206+09:00 DEBUG 24820 --- [RE-WEAR] [http-nio-8080-exec-8] s.w.s.m.m.a.RequestMappingHandlerMapping : Mapped to com.rewear.user.controller.UserController#getCurrentUser(Principal)
2025-12-09T15:22:31.216+09:00 DEBUG 24820 --- [RE-WEAR] [http-nio-8080-exec-8] o.s.w.s.m.m.a.HttpEntityMethodProcessor  : Using 'application/json', given [*/*] and supported [application/json, application/*+json]
2025-12-09T15:22:31.216+09:00 DEBUG 24820 --- [RE-WEAR] [http-nio-8080-exec-8] o.s.w.s.m.m.a.HttpEntityMethodProcessor  : Writing [{user={phone=01000000000, nickname=관리자, email=mymp903@gmail.com, name=admin, id=1, role=관리자 회원, user (truncated)...]
2025-12-09T15:22:31.217+09:00 DEBUG 24820 --- [RE-WEAR] [http-nio-8080-exec-8] o.s.web.servlet.DispatcherServlet        : Completed 200 OK
2025-12-09T15:25:51.367+09:00 DEBUG 24820 --- [RE-WEAR] [http-nio-8080-exec-3] o.s.security.web.FilterChainProxy        : Securing GET /api/users/me
2025-12-09T15:25:51.376+09:00 DEBUG 24820 --- [RE-WEAR] [http-nio-8080-exec-3] w.c.HttpSessionSecurityContextRepository : Retrieved SecurityContextImpl [Authentication=UsernamePasswordAuthenticationToken [Principal=com.rewear.user.details.CustomUserDetails@d030b70, Credentials=[PROTECTED], Authenticated=true, Details=null, Granted Authorities=[ROLE_ADMIN]]]
2025-12-09T15:25:51.378+09:00 DEBUG 24820 --- [RE-WEAR] [http-nio-8080-exec-3] o.s.security.web.FilterChainProxy        : Secured GET /api/users/me
2025-12-09T15:25:51.377+09:00 DEBUG 24820 --- [RE-WEAR] [http-nio-8080-exec-2] o.s.security.web.FilterChainProxy        : Securing GET /api/statistics/public
2025-12-09T15:25:51.378+09:00 DEBUG 24820 --- [RE-WEAR] [http-nio-8080-exec-3] o.s.web.servlet.DispatcherServlet        : GET "/api/users/me", parameters={}
2025-12-09T15:25:51.380+09:00 DEBUG 24820 --- [RE-WEAR] [http-nio-8080-exec-3] s.w.s.m.m.a.RequestMappingHandlerMapping : Mapped to com.rewear.user.controller.UserController#getCurrentUser(Principal)
2025-12-09T15:25:51.379+09:00 DEBUG 24820 --- [RE-WEAR] [http-nio-8080-exec-2] w.c.HttpSessionSecurityContextRepository : Retrieved SecurityContextImpl [Authentication=UsernamePasswordAuthenticationToken [Principal=com.rewear.user.details.CustomUserDetails@d030b70, Credentials=[PROTECTED], Authenticated=true, Details=null, Granted Authorities=[ROLE_ADMIN]]]
2025-12-09T15:25:51.380+09:00 DEBUG 24820 --- [RE-WEAR] [http-nio-8080-exec-2] o.s.security.web.FilterChainProxy        : Secured GET /api/statistics/public
2025-12-09T15:25:51.380+09:00 DEBUG 24820 --- [RE-WEAR] [http-nio-8080-exec-2] o.s.web.servlet.DispatcherServlet        : GET "/api/statistics/public", parameters={}
2025-12-09T15:25:51.384+09:00 DEBUG 24820 --- [RE-WEAR] [http-nio-8080-exec-2] o.s.w.s.handler.SimpleUrlHandlerMapping  : Mapped to ResourceHttpRequestHandler [classpath [META-INF/resources/], classpath [resources/], classpath [static/], classpath [public/], ServletContext [/]]
2025-12-09T15:25:51.417+09:00 DEBUG 24820 --- [RE-WEAR] [http-nio-8080-exec-3] o.s.w.s.m.m.a.HttpEntityMethodProcessor  : Using 'application/json', given [*/*] and supported [application/json, application/*+json]
2025-12-09T15:25:51.418+09:00 DEBUG 24820 --- [RE-WEAR] [http-nio-8080-exec-3] o.s.w.s.m.m.a.HttpEntityMethodProcessor  : Writing [{user={phone=01000000000, nickname=관리자, email=mymp903@gmail.com, name=admin, id=1, role=관리자 회원, user (truncated)...]
2025-12-09T15:25:51.418+09:00 DEBUG 24820 --- [RE-WEAR] [http-nio-8080-exec-2] o.s.w.s.r.ResourceHttpRequestHandler     : Resource not found
2025-12-09T15:25:51.425+09:00 DEBUG 24820 --- [RE-WEAR] [http-nio-8080-exec-3] o.s.web.servlet.DispatcherServlet        : Completed 200 OK
2025-12-09T15:25:51.429+09:00 DEBUG 24820 --- [RE-WEAR] [http-nio-8080-exec-2] .m.m.a.ExceptionHandlerExceptionResolver : Using @ExceptionHandler com.rewear.config.GlobalExceptionHandler#handleNoResourceFoundException(NoResourceFoundException, HttpServletRequest)
2025-12-09T15:25:51.430+09:00  WARN 24820 --- [RE-WEAR] [http-nio-8080-exec-2] c.rewear.config.GlobalExceptionHandler   : 리소스를 찾을 수 없음 - URI: /api/statistics/public
2025-12-09T15:25:51.432+09:00 DEBUG 24820 --- [RE-WEAR] [http-nio-8080-exec-2] .m.m.a.ExceptionHandlerExceptionResolver : Resolved [org.springframework.web.servlet.resource.NoResourceFoundException: No static resource api/statistics/public.]
2025-12-09T15:25:51.433+09:00 DEBUG 24820 --- [RE-WEAR] [http-nio-8080-exec-2] o.s.web.servlet.DispatcherServlet        : Completed 200 OK
2025-12-09T15:27:03.630+09:00 DEBUG 24820 --- [RE-WEAR] [http-nio-8080-exec-1] o.s.security.web.FilterChainProxy        : Securing GET /api/users/me
2025-12-09T15:27:03.646+09:00 DEBUG 24820 --- [RE-WEAR] [http-nio-8080-exec-1] w.c.HttpSessionSecurityContextRepository : Retrieved SecurityContextImpl [Authentication=UsernamePasswordAuthenticationToken [Principal=com.rewear.user.details.CustomUserDetails@d030b70, Credentials=[PROTECTED], Authenticated=true, Details=null, Granted Authorities=[ROLE_ADMIN]]]
2025-12-09T15:27:03.646+09:00 DEBUG 24820 --- [RE-WEAR] [http-nio-8080-exec-1] o.s.security.web.FilterChainProxy        : Secured GET /api/users/me
2025-12-09T15:27:03.647+09:00 DEBUG 24820 --- [RE-WEAR] [http-nio-8080-exec-1] o.s.web.servlet.DispatcherServlet        : GET "/api/users/me", parameters={}
2025-12-09T15:27:03.647+09:00 DEBUG 24820 --- [RE-WEAR] [http-nio-8080-exec-1] s.w.s.m.m.a.RequestMappingHandlerMapping : Mapped to com.rewear.user.controller.UserController#getCurrentUser(Principal)
2025-12-09T15:27:03.699+09:00 DEBUG 24820 --- [RE-WEAR] [http-nio-8080-exec-1] o.s.w.s.m.m.a.HttpEntityMethodProcessor  : Using 'application/json', given [*/*] and supported [application/json, application/*+json]
2025-12-09T15:27:03.699+09:00 DEBUG 24820 --- [RE-WEAR] [http-nio-8080-exec-1] o.s.w.s.m.m.a.HttpEntityMethodProcessor  : Writing [{user={phone=01000000000, nickname=관리자, email=mymp903@gmail.com, name=admin, id=1, role=관리자 회원, user (truncated)...]
2025-12-09T15:27:03.703+09:00 DEBUG 24820 --- [RE-WEAR] [http-nio-8080-exec-1] o.s.web.servlet.DispatcherServlet        : Completed 200 OK
2025-12-09T15:27:03.710+09:00 DEBUG 24820 --- [RE-WEAR] [http-nio-8080-exec-10] o.s.security.web.FilterChainProxy        : Securing GET /api/users/me
2025-12-09T15:27:03.734+09:00 DEBUG 24820 --- [RE-WEAR] [http-nio-8080-exec-10] w.c.HttpSessionSecurityContextRepository : Retrieved SecurityContextImpl [Authentication=UsernamePasswordAuthenticationToken [Principal=com.rewear.user.details.CustomUserDetails@d030b70, Credentials=[PROTECTED], Authenticated=true, Details=null, Granted Authorities=[ROLE_ADMIN]]]
2025-12-09T15:27:03.735+09:00 DEBUG 24820 --- [RE-WEAR] [http-nio-8080-exec-10] o.s.security.web.FilterChainProxy        : Secured GET /api/users/me
2025-12-09T15:27:03.735+09:00 DEBUG 24820 --- [RE-WEAR] [http-nio-8080-exec-10] o.s.web.servlet.DispatcherServlet        : GET "/api/users/me", parameters={}
2025-12-09T15:27:03.735+09:00 DEBUG 24820 --- [RE-WEAR] [http-nio-8080-exec-10] s.w.s.m.m.a.RequestMappingHandlerMapping : Mapped to com.rewear.user.controller.UserController#getCurrentUser(Principal)
2025-12-09T15:27:03.761+09:00 DEBUG 24820 --- [RE-WEAR] [http-nio-8080-exec-10] o.s.w.s.m.m.a.HttpEntityMethodProcessor  : Using 'application/json', given [*/*] and supported [application/json, application/*+json]
2025-12-09T15:27:03.761+09:00 DEBUG 24820 --- [RE-WEAR] [http-nio-8080-exec-10] o.s.w.s.m.m.a.HttpEntityMethodProcessor  : Writing [{user={phone=01000000000, nickname=관리자, email=mymp903@gmail.com, name=admin, id=1, role=관리자 회원, user (truncated)...]
2025-12-09T15:27:03.763+09:00 DEBUG 24820 --- [RE-WEAR] [http-nio-8080-exec-10] o.s.web.servlet.DispatcherServlet        : Completed 200 OK
2025-12-09T15:27:03.793+09:00 DEBUG 24820 --- [RE-WEAR] [http-nio-8080-exec-5] o.s.security.web.FilterChainProxy        : Securing GET /api/notifications/unread-count
2025-12-09T15:27:03.793+09:00 DEBUG 24820 --- [RE-WEAR] [http-nio-8080-exec-6] o.s.security.web.FilterChainProxy        : Securing GET /api/statistics/public
2025-12-09T15:27:03.794+09:00 DEBUG 24820 --- [RE-WEAR] [http-nio-8080-exec-6] w.c.HttpSessionSecurityContextRepository : Retrieved SecurityContextImpl [Authentication=UsernamePasswordAuthenticationToken [Principal=com.rewear.user.details.CustomUserDetails@d030b70, Credentials=[PROTECTED], Authenticated=true, Details=null, Granted Authorities=[ROLE_ADMIN]]]
2025-12-09T15:27:03.794+09:00 DEBUG 24820 --- [RE-WEAR] [http-nio-8080-exec-5] w.c.HttpSessionSecurityContextRepository : Retrieved SecurityContextImpl [Authentication=UsernamePasswordAuthenticationToken [Principal=com.rewear.user.details.CustomUserDetails@d030b70, Credentials=[PROTECTED], Authenticated=true, Details=null, Granted Authorities=[ROLE_ADMIN]]]
2025-12-09T15:27:03.796+09:00 DEBUG 24820 --- [RE-WEAR] [http-nio-8080-exec-5] o.s.security.web.FilterChainProxy        : Secured GET /api/notifications/unread-count
2025-12-09T15:27:03.796+09:00 DEBUG 24820 --- [RE-WEAR] [http-nio-8080-exec-5] o.s.web.servlet.DispatcherServlet        : GET "/api/notifications/unread-count", parameters={}
2025-12-09T15:27:03.798+09:00 DEBUG 24820 --- [RE-WEAR] [http-nio-8080-exec-5] s.w.s.m.m.a.RequestMappingHandlerMapping : Mapped to com.rewear.notification.controller.NotificationApiController#getUnreadCount(CustomUserDetails)
2025-12-09T15:27:03.794+09:00 DEBUG 24820 --- [RE-WEAR] [http-nio-8080-exec-6] o.s.security.web.FilterChainProxy        : Secured GET /api/statistics/public
2025-12-09T15:27:03.799+09:00 DEBUG 24820 --- [RE-WEAR] [http-nio-8080-exec-6] o.s.web.servlet.DispatcherServlet        : GET "/api/statistics/public", parameters={}
2025-12-09T15:27:03.801+09:00 DEBUG 24820 --- [RE-WEAR] [http-nio-8080-exec-4] o.s.security.web.FilterChainProxy        : Securing GET /api/users/me
2025-12-09T15:27:03.801+09:00 DEBUG 24820 --- [RE-WEAR] [http-nio-8080-exec-6] o.s.w.s.handler.SimpleUrlHandlerMapping  : Mapped to ResourceHttpRequestHandler [classpath [META-INF/resources/], classpath [resources/], classpath [static/], classpath [public/], ServletContext [/]]
2025-12-09T15:27:03.801+09:00 DEBUG 24820 --- [RE-WEAR] [http-nio-8080-exec-4] w.c.HttpSessionSecurityContextRepository : Retrieved SecurityContextImpl [Authentication=UsernamePasswordAuthenticationToken [Principal=com.rewear.user.details.CustomUserDetails@d030b70, Credentials=[PROTECTED], Authenticated=true, Details=null, Granted Authorities=[ROLE_ADMIN]]]
2025-12-09T15:27:03.801+09:00 DEBUG 24820 --- [RE-WEAR] [http-nio-8080-exec-4] o.s.security.web.FilterChainProxy        : Secured GET /api/users/me
2025-12-09T15:27:03.799+09:00 DEBUG 24820 --- [RE-WEAR] [http-nio-8080-exec-5] horizationManagerBeforeMethodInterceptor : Authorizing method invocation ReflectiveMethodInvocation: public org.springframework.http.ResponseEntity com.rewear.notification.controller.NotificationApiController.getUnreadCount(com.rewear.user.details.CustomUserDetails); target is of class [com.rewear.notification.controller.NotificationApiController]
2025-12-09T15:27:03.801+09:00 DEBUG 24820 --- [RE-WEAR] [http-nio-8080-exec-4] o.s.web.servlet.DispatcherServlet        : GET "/api/users/me", parameters={}
2025-12-09T15:27:03.803+09:00 DEBUG 24820 --- [RE-WEAR] [http-nio-8080-exec-4] s.w.s.m.m.a.RequestMappingHandlerMapping : Mapped to com.rewear.user.controller.UserController#getCurrentUser(Principal)
2025-12-09T15:27:03.806+09:00 DEBUG 24820 --- [RE-WEAR] [http-nio-8080-exec-5] horizationManagerBeforeMethodInterceptor : Authorized method invocation ReflectiveMethodInvocation: public org.springframework.http.ResponseEntity com.rewear.notification.controller.NotificationApiController.getUnreadCount(com.rewear.user.details.CustomUserDetails); target is of class [com.rewear.notification.controller.NotificationApiController]
2025-12-09T15:27:03.807+09:00 DEBUG 24820 --- [RE-WEAR] [http-nio-8080-exec-6] o.s.w.s.r.ResourceHttpRequestHandler     : Resource not found
2025-12-09T15:27:03.808+09:00 DEBUG 24820 --- [RE-WEAR] [http-nio-8080-exec-6] .m.m.a.ExceptionHandlerExceptionResolver : Using @ExceptionHandler com.rewear.config.GlobalExceptionHandler#handleNoResourceFoundException(NoResourceFoundException, HttpServletRequest)
2025-12-09T15:27:03.808+09:00  WARN 24820 --- [RE-WEAR] [http-nio-8080-exec-6] c.rewear.config.GlobalExceptionHandler   : 리소스를 찾을 수 없음 - URI: /api/statistics/public
2025-12-09T15:27:03.808+09:00 DEBUG 24820 --- [RE-WEAR] [http-nio-8080-exec-6] .m.m.a.ExceptionHandlerExceptionResolver : Resolved [org.springframework.web.servlet.resource.NoResourceFoundException: No static resource api/statistics/public.]
2025-12-09T15:27:03.808+09:00 DEBUG 24820 --- [RE-WEAR] [http-nio-8080-exec-6] o.s.web.servlet.DispatcherServlet        : Completed 200 OK
2025-12-09T15:27:03.811+09:00 DEBUG 24820 --- [RE-WEAR] [http-nio-8080-exec-4] o.s.w.s.m.m.a.HttpEntityMethodProcessor  : Using 'application/json', given [*/*] and supported [application/json, application/*+json]
2025-12-09T15:27:03.812+09:00 DEBUG 24820 --- [RE-WEAR] [http-nio-8080-exec-4] o.s.w.s.m.m.a.HttpEntityMethodProcessor  : Writing [{user={phone=01000000000, nickname=관리자, email=mymp903@gmail.com, name=admin, id=1, role=관리자 회원, user (truncated)...]
2025-12-09T15:27:03.813+09:00 DEBUG 24820 --- [RE-WEAR] [http-nio-8080-exec-4] o.s.web.servlet.DispatcherServlet        : Completed 200 OK
2025-12-09T15:27:03.816+09:00 DEBUG 24820 --- [RE-WEAR] [http-nio-8080-exec-9] o.s.security.web.FilterChainProxy        : Securing GET /api/statistics/public
2025-12-09T15:27:03.817+09:00 DEBUG 24820 --- [RE-WEAR] [http-nio-8080-exec-9] w.c.HttpSessionSecurityContextRepository : Retrieved SecurityContextImpl [Authentication=UsernamePasswordAuthenticationToken [Principal=com.rewear.user.details.CustomUserDetails@d030b70, Credentials=[PROTECTED], Authenticated=true, Details=null, Granted Authorities=[ROLE_ADMIN]]]
2025-12-09T15:27:03.817+09:00 DEBUG 24820 --- [RE-WEAR] [http-nio-8080-exec-9] o.s.security.web.FilterChainProxy        : Secured GET /api/statistics/public
2025-12-09T15:27:03.817+09:00 DEBUG 24820 --- [RE-WEAR] [http-nio-8080-exec-9] o.s.web.servlet.DispatcherServlet        : GET "/api/statistics/public", parameters={}
2025-12-09T15:27:03.840+09:00 DEBUG 24820 --- [RE-WEAR] [http-nio-8080-exec-9] o.s.w.s.handler.SimpleUrlHandlerMapping  : Mapped to ResourceHttpRequestHandler [classpath [META-INF/resources/], classpath [resources/], classpath [static/], classpath [public/], ServletContext [/]]
2025-12-09T15:27:03.843+09:00 DEBUG 24820 --- [RE-WEAR] [http-nio-8080-exec-7] o.s.security.web.FilterChainProxy        : Securing GET /api/users/me
2025-12-09T15:27:03.844+09:00 DEBUG 24820 --- [RE-WEAR] [http-nio-8080-exec-7] w.c.HttpSessionSecurityContextRepository : Retrieved SecurityContextImpl [Authentication=UsernamePasswordAuthenticationToken [Principal=com.rewear.user.details.CustomUserDetails@d030b70, Credentials=[PROTECTED], Authenticated=true, Details=null, Granted Authorities=[ROLE_ADMIN]]]
2025-12-09T15:27:03.844+09:00 DEBUG 24820 --- [RE-WEAR] [http-nio-8080-exec-7] o.s.security.web.FilterChainProxy        : Secured GET /api/users/me
2025-12-09T15:27:03.844+09:00 DEBUG 24820 --- [RE-WEAR] [http-nio-8080-exec-7] o.s.web.servlet.DispatcherServlet        : GET "/api/users/me", parameters={}
2025-12-09T15:27:03.845+09:00 DEBUG 24820 --- [RE-WEAR] [http-nio-8080-exec-7] s.w.s.m.m.a.RequestMappingHandlerMapping : Mapped to com.rewear.user.controller.UserController#getCurrentUser(Principal)
2025-12-09T15:27:03.866+09:00 DEBUG 24820 --- [RE-WEAR] [http-nio-8080-exec-9] o.s.w.s.r.ResourceHttpRequestHandler     : Resource not found
2025-12-09T15:27:03.892+09:00 DEBUG 24820 --- [RE-WEAR] [http-nio-8080-exec-9] .m.m.a.ExceptionHandlerExceptionResolver : Using @ExceptionHandler com.rewear.config.GlobalExceptionHandler#handleNoResourceFoundException(NoResourceFoundException, HttpServletRequest)
2025-12-09T15:27:03.892+09:00  WARN 24820 --- [RE-WEAR] [http-nio-8080-exec-9] c.rewear.config.GlobalExceptionHandler   : 리소스를 찾을 수 없음 - URI: /api/statistics/public
2025-12-09T15:27:03.895+09:00 DEBUG 24820 --- [RE-WEAR] [http-nio-8080-exec-7] o.s.w.s.m.m.a.HttpEntityMethodProcessor  : Using 'application/json', given [*/*] and supported [application/json, application/*+json]
2025-12-09T15:27:03.895+09:00 DEBUG 24820 --- [RE-WEAR] [http-nio-8080-exec-7] o.s.w.s.m.m.a.HttpEntityMethodProcessor  : Writing [{user={phone=01000000000, nickname=관리자, email=mymp903@gmail.com, name=admin, id=1, role=관리자 회원, user (truncated)...]
2025-12-09T15:27:03.895+09:00 DEBUG 24820 --- [RE-WEAR] [http-nio-8080-exec-9] .m.m.a.ExceptionHandlerExceptionResolver : Resolved [org.springframework.web.servlet.resource.NoResourceFoundException: No static resource api/statistics/public.]
2025-12-09T15:27:03.896+09:00 DEBUG 24820 --- [RE-WEAR] [http-nio-8080-exec-9] o.s.web.servlet.DispatcherServlet        : Completed 200 OK
2025-12-09T15:27:03.896+09:00 DEBUG 24820 --- [RE-WEAR] [http-nio-8080-exec-7] o.s.web.servlet.DispatcherServlet        : Completed 200 OK
2025-12-09T15:27:03.903+09:00 DEBUG 24820 --- [RE-WEAR] [http-nio-8080-exec-5] o.s.w.s.m.m.a.HttpEntityMethodProcessor  : Using 'application/json', given [*/*] and supported [application/json, application/*+json]
2025-12-09T15:27:03.904+09:00 DEBUG 24820 --- [RE-WEAR] [http-nio-8080-exec-5] o.s.w.s.m.m.a.HttpEntityMethodProcessor  : Writing [{unreadCount=0}]
2025-12-09T15:27:03.914+09:00 DEBUG 24820 --- [RE-WEAR] [http-nio-8080-exec-5] o.s.web.servlet.DispatcherServlet        : Completed 200 OK
2025-12-09T15:27:03.933+09:00 DEBUG 24820 --- [RE-WEAR] [http-nio-8080-exec-8] o.s.security.web.FilterChainProxy        : Securing GET /api/notifications/unread-count
2025-12-09T15:27:03.933+09:00 DEBUG 24820 --- [RE-WEAR] [http-nio-8080-exec-8] w.c.HttpSessionSecurityContextRepository : Retrieved SecurityContextImpl [Authentication=UsernamePasswordAuthenticationToken [Principal=com.rewear.user.details.CustomUserDetails@d030b70, Credentials=[PROTECTED], Authenticated=true, Details=null, Granted Authorities=[ROLE_ADMIN]]]
2025-12-09T15:27:03.935+09:00 DEBUG 24820 --- [RE-WEAR] [http-nio-8080-exec-8] o.s.security.web.FilterChainProxy        : Secured GET /api/notifications/unread-count
2025-12-09T15:27:03.935+09:00 DEBUG 24820 --- [RE-WEAR] [http-nio-8080-exec-8] o.s.web.servlet.DispatcherServlet        : GET "/api/notifications/unread-count", parameters={}
2025-12-09T15:27:03.935+09:00 DEBUG 24820 --- [RE-WEAR] [http-nio-8080-exec-8] s.w.s.m.m.a.RequestMappingHandlerMapping : Mapped to com.rewear.notification.controller.NotificationApiController#getUnreadCount(CustomUserDetails)
2025-12-09T15:27:03.935+09:00 DEBUG 24820 --- [RE-WEAR] [http-nio-8080-exec-8] horizationManagerBeforeMethodInterceptor : Authorizing method invocation ReflectiveMethodInvocation: public org.springframework.http.ResponseEntity com.rewear.notification.controller.NotificationApiController.getUnreadCount(com.rewear.user.details.CustomUserDetails); target is of class [com.rewear.notification.controller.NotificationApiController]
2025-12-09T15:27:03.935+09:00 DEBUG 24820 --- [RE-WEAR] [http-nio-8080-exec-3] o.s.security.web.FilterChainProxy        : Securing GET /api/users/me
2025-12-09T15:27:03.935+09:00 DEBUG 24820 --- [RE-WEAR] [http-nio-8080-exec-3] w.c.HttpSessionSecurityContextRepository : Retrieved SecurityContextImpl [Authentication=UsernamePasswordAuthenticationToken [Principal=com.rewear.user.details.CustomUserDetails@d030b70, Credentials=[PROTECTED], Authenticated=true, Details=null, Granted Authorities=[ROLE_ADMIN]]]
2025-12-09T15:27:03.936+09:00 DEBUG 24820 --- [RE-WEAR] [http-nio-8080-exec-3] o.s.security.web.FilterChainProxy        : Secured GET /api/users/me
2025-12-09T15:27:03.936+09:00 DEBUG 24820 --- [RE-WEAR] [http-nio-8080-exec-3] o.s.web.servlet.DispatcherServlet        : GET "/api/users/me", parameters={}
2025-12-09T15:27:03.936+09:00 DEBUG 24820 --- [RE-WEAR] [http-nio-8080-exec-3] s.w.s.m.m.a.RequestMappingHandlerMapping : Mapped to com.rewear.user.controller.UserController#getCurrentUser(Principal)
2025-12-09T15:27:03.940+09:00 DEBUG 24820 --- [RE-WEAR] [http-nio-8080-exec-8] horizationManagerBeforeMethodInterceptor : Authorized method invocation ReflectiveMethodInvocation: public org.springframework.http.ResponseEntity com.rewear.notification.controller.NotificationApiController.getUnreadCount(com.rewear.user.details.CustomUserDetails); target is of class [com.rewear.notification.controller.NotificationApiController]
2025-12-09T15:27:03.945+09:00 DEBUG 24820 --- [RE-WEAR] [http-nio-8080-exec-3] o.s.w.s.m.m.a.HttpEntityMethodProcessor  : Using 'application/json', given [*/*] and supported [application/json, application/*+json]
2025-12-09T15:27:03.945+09:00 DEBUG 24820 --- [RE-WEAR] [http-nio-8080-exec-3] o.s.w.s.m.m.a.HttpEntityMethodProcessor  : Writing [{user={phone=01000000000, nickname=관리자, email=mymp903@gmail.com, name=admin, id=1, role=관리자 회원, user (truncated)...]
2025-12-09T15:27:03.946+09:00 DEBUG 24820 --- [RE-WEAR] [http-nio-8080-exec-3] o.s.web.servlet.DispatcherServlet        : Completed 200 OK
2025-12-09T15:27:03.948+09:00 DEBUG 24820 --- [RE-WEAR] [http-nio-8080-exec-8] o.s.w.s.m.m.a.HttpEntityMethodProcessor  : Using 'application/json', given [*/*] and supported [application/json, application/*+json]
2025-12-09T15:27:03.948+09:00 DEBUG 24820 --- [RE-WEAR] [http-nio-8080-exec-8] o.s.w.s.m.m.a.HttpEntityMethodProcessor  : Writing [{unreadCount=0}]
2025-12-09T15:27:03.948+09:00 DEBUG 24820 --- [RE-WEAR] [http-nio-8080-exec-8] o.s.web.servlet.DispatcherServlet        : Completed 200 OK
2025-12-09T15:27:03.955+09:00 DEBUG 24820 --- [RE-WEAR] [http-nio-8080-exec-2] o.s.security.web.FilterChainProxy        : Securing GET /api/users/me
2025-12-09T15:27:03.956+09:00 DEBUG 24820 --- [RE-WEAR] [http-nio-8080-exec-2] w.c.HttpSessionSecurityContextRepository : Retrieved SecurityContextImpl [Authentication=UsernamePasswordAuthenticationToken [Principal=com.rewear.user.details.CustomUserDetails@d030b70, Credentials=[PROTECTED], Authenticated=true, Details=null, Granted Authorities=[ROLE_ADMIN]]]
2025-12-09T15:27:03.956+09:00 DEBUG 24820 --- [RE-WEAR] [http-nio-8080-exec-2] o.s.security.web.FilterChainProxy        : Secured GET /api/users/me
2025-12-09T15:27:03.957+09:00 DEBUG 24820 --- [RE-WEAR] [http-nio-8080-exec-2] o.s.web.servlet.DispatcherServlet        : GET "/api/users/me", parameters={}
2025-12-09T15:27:03.957+09:00 DEBUG 24820 --- [RE-WEAR] [http-nio-8080-exec-2] s.w.s.m.m.a.RequestMappingHandlerMapping : Mapped to com.rewear.user.controller.UserController#getCurrentUser(Principal)
2025-12-09T15:27:03.966+09:00 DEBUG 24820 --- [RE-WEAR] [http-nio-8080-exec-2] o.s.w.s.m.m.a.HttpEntityMethodProcessor  : Using 'application/json', given [*/*] and supported [application/json, application/*+json]
2025-12-09T15:27:03.966+09:00 DEBUG 24820 --- [RE-WEAR] [http-nio-8080-exec-2] o.s.w.s.m.m.a.HttpEntityMethodProcessor  : Writing [{user={phone=01000000000, nickname=관리자, email=mymp903@gmail.com, name=admin, id=1, role=관리자 회원, user (truncated)...]
2025-12-09T15:27:03.967+09:00 DEBUG 24820 --- [RE-WEAR] [http-nio-8080-exec-2] o.s.web.servlet.DispatcherServlet        : Completed 200 OK
2025-12-09T15:27:09.658+09:00  INFO 24820 --- [RE-WEAR] [SpringApplicationShutdownHook] j.LocalContainerEntityManagerFactoryBean : Closing JPA EntityManagerFactory for persistence unit 'default'
2025-12-09T15:27:09.702+09:00  INFO 24820 --- [RE-WEAR] [SpringApplicationShutdownHook] com.zaxxer.hikari.HikariDataSource       : HikariPool-1 - Shutdown initiated...
2025-12-09T15:27:09.720+09:00  INFO 24820 --- [RE-WEAR] [SpringApplicationShutdownHook] com.zaxxer.hikari.HikariDataSource       : HikariPool-1 - Shutdown completed.
2025-12-09T15:27:28.508+09:00  INFO 43868 --- [RE-WEAR] [main] com.rewear.ReWearApplication             : Starting ReWearApplication using Java 21.0.9 with PID 43868 (C:\Users\dw_42\OneDrive\바탕 화면\Fuck\Back\build\classes\java\main started by dw_42 in C:\Users\dw_42\OneDrive\바탕 화면\Fuck)
2025-12-09T15:27:28.512+09:00  INFO 43868 --- [RE-WEAR] [main] com.rewear.ReWearApplication             : No active profile set, falling back to 1 default profile: "default"
2025-12-09T15:27:29.930+09:00  INFO 43868 --- [RE-WEAR] [main] .s.d.r.c.RepositoryConfigurationDelegate : Bootstrapping Spring Data JPA repositories in DEFAULT mode.
2025-12-09T15:27:30.146+09:00  INFO 43868 --- [RE-WEAR] [main] .s.d.r.c.RepositoryConfigurationDelegate : Finished Spring Data repository scanning in 198 ms. Found 10 JPA repository interfaces.
2025-12-09T15:27:30.966+09:00  INFO 43868 --- [RE-WEAR] [main] o.s.b.w.embedded.tomcat.TomcatWebServer  : Tomcat initialized with port 8080 (http)
2025-12-09T15:27:30.984+09:00  INFO 43868 --- [RE-WEAR] [main] o.apache.catalina.core.StandardService   : Starting service [Tomcat]
2025-12-09T15:27:30.984+09:00  INFO 43868 --- [RE-WEAR] [main] o.apache.catalina.core.StandardEngine    : Starting Servlet engine: [Apache Tomcat/10.1.24]
2025-12-09T15:27:31.063+09:00  INFO 43868 --- [RE-WEAR] [main] o.a.c.c.C.[Tomcat].[localhost].[/]       : Initializing Spring embedded WebApplicationContext
2025-12-09T15:27:31.064+09:00  INFO 43868 --- [RE-WEAR] [main] w.s.c.ServletWebServerApplicationContext : Root WebApplicationContext: initialization completed in 2485 ms
2025-12-09T15:27:31.395+09:00  INFO 43868 --- [RE-WEAR] [main] o.hibernate.jpa.internal.util.LogHelper  : HHH000204: Processing PersistenceUnitInfo [name: default]
2025-12-09T15:27:31.515+09:00  INFO 43868 --- [RE-WEAR] [main] org.hibernate.Version                    : HHH000412: Hibernate ORM core version 6.5.2.Final
2025-12-09T15:27:31.565+09:00  INFO 43868 --- [RE-WEAR] [main] o.h.c.internal.RegionFactoryInitiator    : HHH000026: Second-level cache disabled
2025-12-09T15:27:32.079+09:00  INFO 43868 --- [RE-WEAR] [main] o.s.o.j.p.SpringPersistenceUnitInfo      : No LoadTimeWeaver setup: ignoring JPA class transformer
2025-12-09T15:27:32.111+09:00  INFO 43868 --- [RE-WEAR] [main] com.zaxxer.hikari.HikariDataSource       : HikariPool-1 - Starting...
2025-12-09T15:27:32.325+09:00  INFO 43868 --- [RE-WEAR] [main] com.zaxxer.hikari.pool.HikariPool        : HikariPool-1 - Added connection com.mysql.cj.jdbc.ConnectionImpl@5f2b9da8
2025-12-09T15:27:32.328+09:00  INFO 43868 --- [RE-WEAR] [main] com.zaxxer.hikari.HikariDataSource       : HikariPool-1 - Start completed.
2025-12-09T15:27:33.915+09:00  INFO 43868 --- [RE-WEAR] [main] o.h.e.t.j.p.i.JtaPlatformInitiator       : HHH000489: No JTA platform available (set 'hibernate.transaction.jta.platform' to enable JTA platform integration)
2025-12-09T15:27:34.465+09:00  INFO 43868 --- [RE-WEAR] [main] j.LocalContainerEntityManagerFactoryBean : Initialized JPA EntityManagerFactory for persistence unit 'default'
2025-12-09T15:27:34.866+09:00  INFO 43868 --- [RE-WEAR] [main] o.s.d.j.r.query.QueryEnhancerFactory     : Hibernate is in classpath; If applicable, HQL parser will be used.
2025-12-09T15:27:35.866+09:00  INFO 43868 --- [RE-WEAR] [main] r$InitializeUserDetailsManagerConfigurer : Global AuthenticationManager configured with UserDetailsService bean with name customUserDetailsService
2025-12-09T15:27:35.890+09:00  WARN 43868 --- [RE-WEAR] [main] JpaBaseConfiguration$JpaWebConfiguration : spring.jpa.open-in-view is enabled by default. Therefore, database queries may be performed during view rendering. Explicitly configure spring.jpa.open-in-view to disable this warning
2025-12-09T15:27:36.203+09:00 DEBUG 43868 --- [RE-WEAR] [main] s.w.s.m.m.a.RequestMappingHandlerMapping : 157 mappings in 'requestMappingHandlerMapping'
2025-12-09T15:27:36.319+09:00  INFO 43868 --- [RE-WEAR] [main] com.rewear.config.WebConfig              : 이미지 리소스 핸들러 설정: /uploads/** -> file:///C:/Users/dw_42/OneDrive/바탕 화면/Fuck/uploads/
2025-12-09T15:27:36.319+09:00  INFO 43868 --- [RE-WEAR] [main] com.rewear.config.WebConfig              : 업로드 디렉토리 절대 경로: C:\Users\dw_42\OneDrive\바탕 화면\Fuck\uploads
2025-12-09T15:27:36.326+09:00 DEBUG 43868 --- [RE-WEAR] [main] o.s.w.s.handler.SimpleUrlHandlerMapping  : Patterns [/webjars/**, /**, /uploads/**] in 'resourceHandlerMapping'
2025-12-09T15:27:36.420+09:00  INFO 43868 --- [RE-WEAR] [main] o.s.s.web.DefaultSecurityFilterChain     : Will secure any request with [org.springframework.security.web.session.DisableEncodeUrlFilter@9cdceeb, org.springframework.security.web.context.request.async.WebAsyncManagerIntegrationFilter@591b8f15, org.springframework.security.web.context.SecurityContextHolderFilter@5d260659, org.springframework.security.web.header.HeaderWriterFilter@5a1c0bcc, org.springframework.web.filter.CorsFilter@7b5f886d, org.springframework.security.web.authentication.logout.LogoutFilter@cd8e702, org.springframework.security.web.authentication.UsernamePasswordAuthenticationFilter@2acf3108, org.springframework.security.web.savedrequest.RequestCacheAwareFilter@47bc4445, org.springframework.security.web.servletapi.SecurityContextHolderAwareRequestFilter@5074893, org.springframework.security.web.authentication.AnonymousAuthenticationFilter@6e0d7be4, org.springframework.security.web.session.SessionManagementFilter@2799f9a, org.springframework.security.web.access.ExceptionTranslationFilter@59929512, org.springframework.security.web.access.intercept.AuthorizationFilter@6a51a39d]
2025-12-09T15:27:36.562+09:00 DEBUG 43868 --- [RE-WEAR] [main] s.w.s.m.m.a.RequestMappingHandlerAdapter : ControllerAdvice beans: 0 @ModelAttribute, 0 @InitBinder, 1 RequestBodyAdvice, 1 ResponseBodyAdvice
2025-12-09T15:27:36.605+09:00 DEBUG 43868 --- [RE-WEAR] [main] .m.m.a.ExceptionHandlerExceptionResolver : ControllerAdvice beans: 2 @ExceptionHandler, 1 ResponseBodyAdvice
2025-12-09T15:27:36.909+09:00  INFO 43868 --- [RE-WEAR] [main] o.s.b.w.embedded.tomcat.TomcatWebServer  : Tomcat started on port 8080 (http) with context path '/'
2025-12-09T15:27:36.919+09:00  INFO 43868 --- [RE-WEAR] [main] com.rewear.ReWearApplication             : Started ReWearApplication in 9.259 seconds (process running for 10.089)
2025-12-09T15:27:37.095+09:00  INFO 43868 --- [RE-WEAR] [main] com.rewear.config.AdminConfig            : Admin user 'admin' already up-to-date
2025-12-09T15:27:37.114+09:00  INFO 43868 --- [RE-WEAR] [main] com.rewear.config.UserConfig             : User 'user01' already up-to-date
2025-12-09T15:27:37.128+09:00  INFO 43868 --- [RE-WEAR] [main] com.rewear.config.OrganConfig            : Organ for user 'organ01' already exists with status: APPROVED
2025-12-09T15:27:56.991+09:00  INFO 43868 --- [RE-WEAR] [http-nio-8080-exec-1] o.a.c.c.C.[Tomcat].[localhost].[/]       : Initializing Spring DispatcherServlet 'dispatcherServlet'
2025-12-09T15:27:56.992+09:00  INFO 43868 --- [RE-WEAR] [http-nio-8080-exec-1] o.s.web.servlet.DispatcherServlet        : Initializing Servlet 'dispatcherServlet'
2025-12-09T15:27:56.992+09:00 DEBUG 43868 --- [RE-WEAR] [http-nio-8080-exec-1] o.s.web.servlet.DispatcherServlet        : Detected StandardServletMultipartResolver
2025-12-09T15:27:56.992+09:00 DEBUG 43868 --- [RE-WEAR] [http-nio-8080-exec-1] o.s.web.servlet.DispatcherServlet        : Detected AcceptHeaderLocaleResolver
2025-12-09T15:27:56.993+09:00 DEBUG 43868 --- [RE-WEAR] [http-nio-8080-exec-1] o.s.web.servlet.DispatcherServlet        : Detected FixedThemeResolver
2025-12-09T15:27:56.994+09:00 DEBUG 43868 --- [RE-WEAR] [http-nio-8080-exec-1] o.s.web.servlet.DispatcherServlet        : Detected org.springframework.web.servlet.view.DefaultRequestToViewNameTranslator@300cdf3f
2025-12-09T15:27:56.995+09:00 DEBUG 43868 --- [RE-WEAR] [http-nio-8080-exec-1] o.s.web.servlet.DispatcherServlet        : Detected org.springframework.web.servlet.support.SessionFlashMapManager@23faae85
2025-12-09T15:27:56.995+09:00 DEBUG 43868 --- [RE-WEAR] [http-nio-8080-exec-1] o.s.web.servlet.DispatcherServlet        : enableLoggingRequestDetails='false': request parameters and headers will be masked to prevent unsafe logging of potentially sensitive data
2025-12-09T15:27:56.995+09:00  INFO 43868 --- [RE-WEAR] [http-nio-8080-exec-1] o.s.web.servlet.DispatcherServlet        : Completed initialization in 3 ms
2025-12-09T15:27:57.034+09:00 DEBUG 43868 --- [RE-WEAR] [http-nio-8080-exec-1] o.s.security.web.FilterChainProxy        : Securing GET /api/statistics/public
2025-12-09T15:27:57.055+09:00 DEBUG 43868 --- [RE-WEAR] [http-nio-8080-exec-1] o.s.s.w.a.AnonymousAuthenticationFilter  : Set SecurityContextHolder to anonymous SecurityContext
2025-12-09T15:27:57.055+09:00 DEBUG 43868 --- [RE-WEAR] [http-nio-8080-exec-1] o.s.s.w.session.SessionManagementFilter  : Request requested invalid session id F3FF8BE22C6C286394D9A513389837EE
2025-12-09T15:27:57.061+09:00 DEBUG 43868 --- [RE-WEAR] [http-nio-8080-exec-1] o.s.security.web.FilterChainProxy        : Secured GET /api/statistics/public
2025-12-09T15:27:57.064+09:00 DEBUG 43868 --- [RE-WEAR] [http-nio-8080-exec-1] o.s.web.servlet.DispatcherServlet        : GET "/api/statistics/public", parameters={}
2025-12-09T15:27:57.069+09:00 DEBUG 43868 --- [RE-WEAR] [http-nio-8080-exec-1] s.w.s.m.m.a.RequestMappingHandlerMapping : Mapped to com.rewear.common.controller.StatisticsApiController#getPublicStatistics()
2025-12-09T15:27:57.334+09:00 DEBUG 43868 --- [RE-WEAR] [http-nio-8080-exec-1] o.s.w.s.m.m.a.HttpEntityMethodProcessor  : Using 'application/json', given [*/*] and supported [application/json, application/*+json]
2025-12-09T15:27:57.337+09:00 DEBUG 43868 --- [RE-WEAR] [http-nio-8080-exec-1] o.s.w.s.m.m.a.HttpEntityMethodProcessor  : Writing [{donationCount=10, success=true, participantCount=1, organCount=2}]
2025-12-09T15:27:57.396+09:00 DEBUG 43868 --- [RE-WEAR] [http-nio-8080-exec-1] o.s.web.servlet.DispatcherServlet        : Completed 200 OK
2025-12-09T15:27:57.406+09:00 DEBUG 43868 --- [RE-WEAR] [http-nio-8080-exec-2] o.s.security.web.FilterChainProxy        : Securing GET /api/statistics/public
2025-12-09T15:27:57.406+09:00 DEBUG 43868 --- [RE-WEAR] [http-nio-8080-exec-2] o.s.s.w.a.AnonymousAuthenticationFilter  : Set SecurityContextHolder to anonymous SecurityContext
2025-12-09T15:27:57.408+09:00 DEBUG 43868 --- [RE-WEAR] [http-nio-8080-exec-2] o.s.s.w.session.SessionManagementFilter  : Request requested invalid session id F3FF8BE22C6C286394D9A513389837EE
2025-12-09T15:27:57.409+09:00 DEBUG 43868 --- [RE-WEAR] [http-nio-8080-exec-2] o.s.security.web.FilterChainProxy        : Secured GET /api/statistics/public
2025-12-09T15:27:57.410+09:00 DEBUG 43868 --- [RE-WEAR] [http-nio-8080-exec-2] o.s.web.servlet.DispatcherServlet        : GET "/api/statistics/public", parameters={}
2025-12-09T15:27:57.410+09:00 DEBUG 43868 --- [RE-WEAR] [http-nio-8080-exec-2] s.w.s.m.m.a.RequestMappingHandlerMapping : Mapped to com.rewear.common.controller.StatisticsApiController#getPublicStatistics()
2025-12-09T15:27:57.514+09:00 DEBUG 43868 --- [RE-WEAR] [http-nio-8080-exec-2] o.s.w.s.m.m.a.HttpEntityMethodProcessor  : Using 'application/json', given [*/*] and supported [application/json, application/*+json]
2025-12-09T15:27:57.515+09:00 DEBUG 43868 --- [RE-WEAR] [http-nio-8080-exec-2] o.s.w.s.m.m.a.HttpEntityMethodProcessor  : Writing [{donationCount=10, success=true, participantCount=1, organCount=2}]
2025-12-09T15:27:57.517+09:00 DEBUG 43868 --- [RE-WEAR] [http-nio-8080-exec-2] o.s.web.servlet.DispatcherServlet        : Completed 200 OK
2025-12-09T15:28:20.707+09:00 DEBUG 43868 --- [RE-WEAR] [http-nio-8080-exec-3] o.s.security.web.FilterChainProxy        : Securing GET /api/users/me
2025-12-09T15:28:20.708+09:00 DEBUG 43868 --- [RE-WEAR] [http-nio-8080-exec-3] o.s.s.w.a.AnonymousAuthenticationFilter  : Set SecurityContextHolder to anonymous SecurityContext
2025-12-09T15:28:20.708+09:00 DEBUG 43868 --- [RE-WEAR] [http-nio-8080-exec-3] o.s.s.w.session.SessionManagementFilter  : Request requested invalid session id F3FF8BE22C6C286394D9A513389837EE
2025-12-09T15:28:20.754+09:00 DEBUG 43868 --- [RE-WEAR] [http-nio-8080-exec-3] o.s.s.w.s.HttpSessionRequestCache        : Saved request http://localhost:8080/api/users/me?continue to session
2025-12-09T15:28:27.327+09:00 DEBUG 43868 --- [RE-WEAR] [http-nio-8080-exec-4] o.s.security.web.FilterChainProxy        : Securing GET /api/posts?type=DONATION_REVIEW&page=0&size=100
2025-12-09T15:28:27.346+09:00 DEBUG 43868 --- [RE-WEAR] [http-nio-8080-exec-4] o.s.s.w.a.AnonymousAuthenticationFilter  : Set SecurityContextHolder to anonymous SecurityContext
2025-12-09T15:28:27.348+09:00 DEBUG 43868 --- [RE-WEAR] [http-nio-8080-exec-4] o.s.security.web.FilterChainProxy        : Secured GET /api/posts?type=DONATION_REVIEW&page=0&size=100
2025-12-09T15:28:27.355+09:00 DEBUG 43868 --- [RE-WEAR] [http-nio-8080-exec-4] o.s.web.servlet.DispatcherServlet        : GET "/api/posts?type=DONATION_REVIEW&page=0&size=100", parameters={masked}
2025-12-09T15:28:27.356+09:00 DEBUG 43868 --- [RE-WEAR] [http-nio-8080-exec-4] s.w.s.m.m.a.RequestMappingHandlerMapping : Mapped to com.rewear.post.controller.PostApiController#getPosts(String, int, int, CustomUserDetails)
2025-12-09T15:28:27.421+09:00  WARN 43868 --- [RE-WEAR] [http-nio-8080-exec-4] c.r.post.controller.PostApiController    : 기부 ID: 2 - 이미지 URL이 없습니다. imageUrl: null, imageUrls: null
2025-12-09T15:28:27.422+09:00  INFO 43868 --- [RE-WEAR] [http-nio-8080-exec-4] c.r.post.controller.PostApiController    : 기부 ID: 2 - 최종 이미지 개수: 0
2025-12-09T15:28:27.426+09:00  WARN 43868 --- [RE-WEAR] [http-nio-8080-exec-4] c.r.post.controller.PostApiController    : 기부 ID: 1 - 이미지 URL이 없습니다. imageUrl: null, imageUrls: null
2025-12-09T15:28:27.426+09:00  INFO 43868 --- [RE-WEAR] [http-nio-8080-exec-4] c.r.post.controller.PostApiController    : 기부 ID: 1 - 최종 이미지 개수: 0
2025-12-09T15:28:27.426+09:00 DEBUG 43868 --- [RE-WEAR] [http-nio-8080-exec-4] o.s.w.s.m.m.a.HttpEntityMethodProcessor  : Using 'application/json', given [*/*] and supported [application/json, application/*+json]
2025-12-09T15:28:27.441+09:00 DEBUG 43868 --- [RE-WEAR] [http-nio-8080-exec-4] o.s.w.s.m.m.a.HttpEntityMethodProcessor  : Writing [{size=100, totalPages=1, currentPage=0, content=[PostResponseDto(id=2, postType=DONATION_REVIEW, tit (truncated)...]
2025-12-09T15:28:27.517+09:00 DEBUG 43868 --- [RE-WEAR] [http-nio-8080-exec-4] o.s.web.servlet.DispatcherServlet        : Completed 200 OK
2025-12-09T15:28:27.524+09:00 DEBUG 43868 --- [RE-WEAR] [http-nio-8080-exec-5] o.s.security.web.FilterChainProxy        : Securing GET /api/posts?type=DONATION_REVIEW&page=0&size=100
2025-12-09T15:28:27.525+09:00 DEBUG 43868 --- [RE-WEAR] [http-nio-8080-exec-5] o.s.s.w.a.AnonymousAuthenticationFilter  : Set SecurityContextHolder to anonymous SecurityContext
2025-12-09T15:28:27.526+09:00 DEBUG 43868 --- [RE-WEAR] [http-nio-8080-exec-5] o.s.security.web.FilterChainProxy        : Secured GET /api/posts?type=DONATION_REVIEW&page=0&size=100
2025-12-09T15:28:27.527+09:00 DEBUG 43868 --- [RE-WEAR] [http-nio-8080-exec-5] o.s.web.servlet.DispatcherServlet        : GET "/api/posts?type=DONATION_REVIEW&page=0&size=100", parameters={masked}
2025-12-09T15:28:27.527+09:00 DEBUG 43868 --- [RE-WEAR] [http-nio-8080-exec-5] s.w.s.m.m.a.RequestMappingHandlerMapping : Mapped to com.rewear.post.controller.PostApiController#getPosts(String, int, int, CustomUserDetails)
2025-12-09T15:28:27.540+09:00 DEBUG 43868 --- [RE-WEAR] [http-nio-8080-exec-6] o.s.security.web.FilterChainProxy        : Securing GET /api/posts?type=ORGAN_REQUEST&page=0&size=100
2025-12-09T15:28:27.541+09:00 DEBUG 43868 --- [RE-WEAR] [http-nio-8080-exec-6] o.s.s.w.a.AnonymousAuthenticationFilter  : Set SecurityContextHolder to anonymous SecurityContext
2025-12-09T15:28:27.541+09:00 DEBUG 43868 --- [RE-WEAR] [http-nio-8080-exec-6] o.s.security.web.FilterChainProxy        : Secured GET /api/posts?type=ORGAN_REQUEST&page=0&size=100
2025-12-09T15:28:27.543+09:00 DEBUG 43868 --- [RE-WEAR] [http-nio-8080-exec-6] o.s.web.servlet.DispatcherServlet        : GET "/api/posts?type=ORGAN_REQUEST&page=0&size=100", parameters={masked}
2025-12-09T15:28:27.548+09:00  WARN 43868 --- [RE-WEAR] [http-nio-8080-exec-5] c.r.post.controller.PostApiController    : 기부 ID: 2 - 이미지 URL이 없습니다. imageUrl: null, imageUrls: null
2025-12-09T15:28:27.548+09:00  INFO 43868 --- [RE-WEAR] [http-nio-8080-exec-5] c.r.post.controller.PostApiController    : 기부 ID: 2 - 최종 이미지 개수: 0
2025-12-09T15:28:27.547+09:00 DEBUG 43868 --- [RE-WEAR] [http-nio-8080-exec-6] s.w.s.m.m.a.RequestMappingHandlerMapping : Mapped to com.rewear.post.controller.PostApiController#getPosts(String, int, int, CustomUserDetails)
2025-12-09T15:28:27.549+09:00  WARN 43868 --- [RE-WEAR] [http-nio-8080-exec-5] c.r.post.controller.PostApiController    : 기부 ID: 1 - 이미지 URL이 없습니다. imageUrl: null, imageUrls: null
2025-12-09T15:28:27.550+09:00  INFO 43868 --- [RE-WEAR] [http-nio-8080-exec-5] c.r.post.controller.PostApiController    : 기부 ID: 1 - 최종 이미지 개수: 0
2025-12-09T15:28:27.550+09:00 DEBUG 43868 --- [RE-WEAR] [http-nio-8080-exec-5] o.s.w.s.m.m.a.HttpEntityMethodProcessor  : Using 'application/json', given [*/*] and supported [application/json, application/*+json]
2025-12-09T15:28:27.551+09:00 DEBUG 43868 --- [RE-WEAR] [http-nio-8080-exec-5] o.s.w.s.m.m.a.HttpEntityMethodProcessor  : Writing [{size=100, totalPages=1, currentPage=0, content=[PostResponseDto(id=2, postType=DONATION_REVIEW, tit (truncated)...]
2025-12-09T15:28:27.552+09:00 DEBUG 43868 --- [RE-WEAR] [http-nio-8080-exec-5] o.s.web.servlet.DispatcherServlet        : Completed 200 OK
2025-12-09T15:28:27.567+09:00 DEBUG 43868 --- [RE-WEAR] [http-nio-8080-exec-6] o.s.w.s.m.m.a.HttpEntityMethodProcessor  : Using 'application/json', given [*/*] and supported [application/json, application/*+json]
2025-12-09T15:28:27.568+09:00 DEBUG 43868 --- [RE-WEAR] [http-nio-8080-exec-6] o.s.w.s.m.m.a.HttpEntityMethodProcessor  : Writing [{size=100, totalPages=0, currentPage=0, content=[], totalElements=0}]
2025-12-09T15:28:27.570+09:00 DEBUG 43868 --- [RE-WEAR] [http-nio-8080-exec-6] o.s.web.servlet.DispatcherServlet        : Completed 200 OK
2025-12-09T15:28:27.577+09:00 DEBUG 43868 --- [RE-WEAR] [http-nio-8080-exec-7] o.s.security.web.FilterChainProxy        : Securing GET /api/posts?type=ORGAN_REQUEST&page=0&size=100
2025-12-09T15:28:27.578+09:00 DEBUG 43868 --- [RE-WEAR] [http-nio-8080-exec-7] o.s.s.w.a.AnonymousAuthenticationFilter  : Set SecurityContextHolder to anonymous SecurityContext
2025-12-09T15:28:27.578+09:00 DEBUG 43868 --- [RE-WEAR] [http-nio-8080-exec-7] o.s.security.web.FilterChainProxy        : Secured GET /api/posts?type=ORGAN_REQUEST&page=0&size=100
2025-12-09T15:28:27.578+09:00 DEBUG 43868 --- [RE-WEAR] [http-nio-8080-exec-7] o.s.web.servlet.DispatcherServlet        : GET "/api/posts?type=ORGAN_REQUEST&page=0&size=100", parameters={masked}
2025-12-09T15:28:27.579+09:00 DEBUG 43868 --- [RE-WEAR] [http-nio-8080-exec-7] s.w.s.m.m.a.RequestMappingHandlerMapping : Mapped to com.rewear.post.controller.PostApiController#getPosts(String, int, int, CustomUserDetails)
2025-12-09T15:28:27.587+09:00 DEBUG 43868 --- [RE-WEAR] [http-nio-8080-exec-7] o.s.w.s.m.m.a.HttpEntityMethodProcessor  : Using 'application/json', given [*/*] and supported [application/json, application/*+json]
2025-12-09T15:28:27.588+09:00 DEBUG 43868 --- [RE-WEAR] [http-nio-8080-exec-7] o.s.w.s.m.m.a.HttpEntityMethodProcessor  : Writing [{size=100, totalPages=0, currentPage=0, content=[], totalElements=0}]
2025-12-09T15:28:27.589+09:00 DEBUG 43868 --- [RE-WEAR] [http-nio-8080-exec-7] o.s.web.servlet.DispatcherServlet        : Completed 200 OK
2025-12-09T15:28:30.074+09:00 DEBUG 43868 --- [RE-WEAR] [http-nio-8080-exec-8] o.s.security.web.FilterChainProxy        : Securing GET /api/organs
2025-12-09T15:28:30.075+09:00 DEBUG 43868 --- [RE-WEAR] [http-nio-8080-exec-8] o.s.s.w.a.AnonymousAuthenticationFilter  : Set SecurityContextHolder to anonymous SecurityContext
2025-12-09T15:28:30.080+09:00 DEBUG 43868 --- [RE-WEAR] [http-nio-8080-exec-8] o.s.s.w.s.HttpSessionRequestCache        : Saved request http://localhost:8080/api/organs?continue to session
2025-12-09T15:28:30.089+09:00 DEBUG 43868 --- [RE-WEAR] [http-nio-8080-exec-9] o.s.security.web.FilterChainProxy        : Securing GET /api/organs
2025-12-09T15:28:30.090+09:00 DEBUG 43868 --- [RE-WEAR] [http-nio-8080-exec-9] o.s.s.w.a.AnonymousAuthenticationFilter  : Set SecurityContextHolder to anonymous SecurityContext
2025-12-09T15:28:30.092+09:00 DEBUG 43868 --- [RE-WEAR] [http-nio-8080-exec-9] o.s.s.w.s.HttpSessionRequestCache        : Saved request http://localhost:8080/api/organs?continue to session
2025-12-09T15:28:48.880+09:00 DEBUG 43868 --- [RE-WEAR] [http-nio-8080-exec-10] o.s.security.web.FilterChainProxy        : Securing GET /api/faq
2025-12-09T15:28:48.882+09:00 DEBUG 43868 --- [RE-WEAR] [http-nio-8080-exec-10] o.s.s.w.a.AnonymousAuthenticationFilter  : Set SecurityContextHolder to anonymous SecurityContext
2025-12-09T15:28:48.883+09:00 DEBUG 43868 --- [RE-WEAR] [http-nio-8080-exec-10] o.s.security.web.FilterChainProxy        : Secured GET /api/faq
2025-12-09T15:28:48.883+09:00 DEBUG 43868 --- [RE-WEAR] [http-nio-8080-exec-10] o.s.web.servlet.DispatcherServlet        : GET "/api/faq", parameters={}
2025-12-09T15:28:48.883+09:00 DEBUG 43868 --- [RE-WEAR] [http-nio-8080-exec-10] s.w.s.m.m.a.RequestMappingHandlerMapping : Mapped to com.rewear.faq.controller.FAQApiController#getFAQs()
2025-12-09T15:28:48.885+09:00  INFO 43868 --- [RE-WEAR] [http-nio-8080-exec-10] c.r.faq.controller.FAQApiController      : 공개 FAQ 목록 조회 요청
2025-12-09T15:28:48.896+09:00  INFO 43868 --- [RE-WEAR] [http-nio-8080-exec-10] com.rewear.faq.service.FAQServiceImpl    : 전체 FAQ 개수: 1
2025-12-09T15:28:48.896+09:00  INFO 43868 --- [RE-WEAR] [http-nio-8080-exec-10] com.rewear.faq.service.FAQServiceImpl    : FAQ ID: 1, 질문: 어떻게 접수해?, author: null (관리자), isActive: true, displayOrder: 0
2025-12-09T15:28:48.898+09:00  INFO 43868 --- [RE-WEAR] [http-nio-8080-exec-10] com.rewear.faq.service.FAQServiceImpl    : FAQ ID: 1 - 공개 FAQ로 포함됨 (question: 어떻게 접수해?)
2025-12-09T15:28:48.898+09:00  INFO 43868 --- [RE-WEAR] [http-nio-8080-exec-10] com.rewear.faq.service.FAQServiceImpl    : 공개 FAQ 조회 완료 - 전체: 1, 공개: 1
2025-12-09T15:28:48.899+09:00  INFO 43868 --- [RE-WEAR] [http-nio-8080-exec-10] c.r.faq.controller.FAQApiController      : 서비스에서 반환된 FAQ 개수: 1
2025-12-09T15:28:48.904+09:00  INFO 43868 --- [RE-WEAR] [http-nio-8080-exec-10] c.r.faq.controller.FAQApiController      : 공개 FAQ 목록 조회 완료 - 개수: 1
2025-12-09T15:28:48.906+09:00 DEBUG 43868 --- [RE-WEAR] [http-nio-8080-exec-10] o.s.w.s.m.m.a.HttpEntityMethodProcessor  : Using 'application/json', given [*/*] and supported [application/json, application/*+json]
2025-12-09T15:28:48.912+09:00 DEBUG 43868 --- [RE-WEAR] [http-nio-8080-exec-10] o.s.w.s.m.m.a.HttpEntityMethodProcessor  : Writing [[FAQResponseDto(id=1, question=어떻게 접수해?, answer=잘~, authorName=null, authorId=null, displayOrder=0,  (truncated)...]
2025-12-09T15:28:48.918+09:00 DEBUG 43868 --- [RE-WEAR] [http-nio-8080-exec-10] o.s.web.servlet.DispatcherServlet        : Completed 200 OK
2025-12-09T15:28:48.927+09:00 DEBUG 43868 --- [RE-WEAR] [http-nio-8080-exec-1] o.s.security.web.FilterChainProxy        : Securing GET /api/faq
2025-12-09T15:28:48.927+09:00 DEBUG 43868 --- [RE-WEAR] [http-nio-8080-exec-1] o.s.s.w.a.AnonymousAuthenticationFilter  : Set SecurityContextHolder to anonymous SecurityContext
2025-12-09T15:28:48.928+09:00 DEBUG 43868 --- [RE-WEAR] [http-nio-8080-exec-1] o.s.security.web.FilterChainProxy        : Secured GET /api/faq
2025-12-09T15:28:48.929+09:00 DEBUG 43868 --- [RE-WEAR] [http-nio-8080-exec-1] o.s.web.servlet.DispatcherServlet        : GET "/api/faq", parameters={}
2025-12-09T15:28:48.929+09:00 DEBUG 43868 --- [RE-WEAR] [http-nio-8080-exec-1] s.w.s.m.m.a.RequestMappingHandlerMapping : Mapped to com.rewear.faq.controller.FAQApiController#getFAQs()
2025-12-09T15:28:48.930+09:00  INFO 43868 --- [RE-WEAR] [http-nio-8080-exec-1] c.r.faq.controller.FAQApiController      : 공개 FAQ 목록 조회 요청
2025-12-09T15:28:48.935+09:00  INFO 43868 --- [RE-WEAR] [http-nio-8080-exec-1] com.rewear.faq.service.FAQServiceImpl    : 전체 FAQ 개수: 1
2025-12-09T15:28:48.935+09:00  INFO 43868 --- [RE-WEAR] [http-nio-8080-exec-1] com.rewear.faq.service.FAQServiceImpl    : FAQ ID: 1, 질문: 어떻게 접수해?, author: null (관리자), isActive: true, displayOrder: 0
2025-12-09T15:28:48.935+09:00  INFO 43868 --- [RE-WEAR] [http-nio-8080-exec-1] com.rewear.faq.service.FAQServiceImpl    : FAQ ID: 1 - 공개 FAQ로 포함됨 (question: 어떻게 접수해?)
2025-12-09T15:28:48.935+09:00  INFO 43868 --- [RE-WEAR] [http-nio-8080-exec-1] com.rewear.faq.service.FAQServiceImpl    : 공개 FAQ 조회 완료 - 전체: 1, 공개: 1
2025-12-09T15:28:48.937+09:00  INFO 43868 --- [RE-WEAR] [http-nio-8080-exec-1] c.r.faq.controller.FAQApiController      : 서비스에서 반환된 FAQ 개수: 1
2025-12-09T15:28:48.937+09:00  INFO 43868 --- [RE-WEAR] [http-nio-8080-exec-1] c.r.faq.controller.FAQApiController      : 공개 FAQ 목록 조회 완료 - 개수: 1
2025-12-09T15:28:48.938+09:00 DEBUG 43868 --- [RE-WEAR] [http-nio-8080-exec-1] o.s.w.s.m.m.a.HttpEntityMethodProcessor  : Using 'application/json', given [*/*] and supported [application/json, application/*+json]
2025-12-09T15:28:48.939+09:00 DEBUG 43868 --- [RE-WEAR] [http-nio-8080-exec-1] o.s.w.s.m.m.a.HttpEntityMethodProcessor  : Writing [[FAQResponseDto(id=1, question=어떻게 접수해?, answer=잘~, authorName=null, authorId=null, displayOrder=0,  (truncated)...]
2025-12-09T15:28:48.941+09:00 DEBUG 43868 --- [RE-WEAR] [http-nio-8080-exec-1] o.s.web.servlet.DispatcherServlet        : Completed 200 OK
2025-12-09T15:31:15.449+09:00 DEBUG 43868 --- [RE-WEAR] [http-nio-8080-exec-3] o.s.security.web.FilterChainProxy        : Securing GET /api/statistics/public
2025-12-09T15:31:15.452+09:00 DEBUG 43868 --- [RE-WEAR] [http-nio-8080-exec-3] o.s.s.w.a.AnonymousAuthenticationFilter  : Set SecurityContextHolder to anonymous SecurityContext
2025-12-09T15:31:15.453+09:00 DEBUG 43868 --- [RE-WEAR] [http-nio-8080-exec-3] o.s.security.web.FilterChainProxy        : Secured GET /api/statistics/public
2025-12-09T15:31:15.454+09:00 DEBUG 43868 --- [RE-WEAR] [http-nio-8080-exec-3] o.s.web.servlet.DispatcherServlet        : GET "/api/statistics/public", parameters={}
2025-12-09T15:31:15.457+09:00 DEBUG 43868 --- [RE-WEAR] [http-nio-8080-exec-3] s.w.s.m.m.a.RequestMappingHandlerMapping : Mapped to com.rewear.common.controller.StatisticsApiController#getPublicStatistics()
2025-12-09T15:31:15.782+09:00 DEBUG 43868 --- [RE-WEAR] [http-nio-8080-exec-3] o.s.w.s.m.m.a.HttpEntityMethodProcessor  : Using 'application/json', given [*/*] and supported [application/json, application/*+json]
2025-12-09T15:31:15.783+09:00 DEBUG 43868 --- [RE-WEAR] [http-nio-8080-exec-3] o.s.w.s.m.m.a.HttpEntityMethodProcessor  : Writing [{donationCount=10, success=true, participantCount=1, organCount=2}]
2025-12-09T15:31:15.788+09:00 DEBUG 43868 --- [RE-WEAR] [http-nio-8080-exec-3] o.s.web.servlet.DispatcherServlet        : Completed 200 OK
2025-12-09T15:31:15.798+09:00 DEBUG 43868 --- [RE-WEAR] [http-nio-8080-exec-4] o.s.security.web.FilterChainProxy        : Securing GET /api/statistics/public
2025-12-09T15:31:15.799+09:00 DEBUG 43868 --- [RE-WEAR] [http-nio-8080-exec-4] o.s.s.w.a.AnonymousAuthenticationFilter  : Set SecurityContextHolder to anonymous SecurityContext
2025-12-09T15:31:15.800+09:00 DEBUG 43868 --- [RE-WEAR] [http-nio-8080-exec-4] o.s.security.web.FilterChainProxy        : Secured GET /api/statistics/public
2025-12-09T15:31:15.800+09:00 DEBUG 43868 --- [RE-WEAR] [http-nio-8080-exec-4] o.s.web.servlet.DispatcherServlet        : GET "/api/statistics/public", parameters={}
2025-12-09T15:31:15.804+09:00 DEBUG 43868 --- [RE-WEAR] [http-nio-8080-exec-4] s.w.s.m.m.a.RequestMappingHandlerMapping : Mapped to com.rewear.common.controller.StatisticsApiController#getPublicStatistics()
2025-12-09T15:31:15.903+09:00 DEBUG 43868 --- [RE-WEAR] [http-nio-8080-exec-4] o.s.w.s.m.m.a.HttpEntityMethodProcessor  : Using 'application/json', given [*/*] and supported [application/json, application/*+json]
2025-12-09T15:31:15.904+09:00 DEBUG 43868 --- [RE-WEAR] [http-nio-8080-exec-4] o.s.w.s.m.m.a.HttpEntityMethodProcessor  : Writing [{donationCount=10, success=true, participantCount=1, organCount=2}]
2025-12-09T15:31:15.907+09:00 DEBUG 43868 --- [RE-WEAR] [http-nio-8080-exec-4] o.s.web.servlet.DispatcherServlet        : Completed 200 OK
2025-12-09T15:34:48.171+09:00 DEBUG 43868 --- [RE-WEAR] [http-nio-8080-exec-5] o.s.security.web.FilterChainProxy        : Securing GET /api/statistics/public
2025-12-09T15:34:48.180+09:00 DEBUG 43868 --- [RE-WEAR] [http-nio-8080-exec-5] o.s.s.w.a.AnonymousAuthenticationFilter  : Set SecurityContextHolder to anonymous SecurityContext
2025-12-09T15:34:48.183+09:00 DEBUG 43868 --- [RE-WEAR] [http-nio-8080-exec-5] o.s.security.web.FilterChainProxy        : Secured GET /api/statistics/public
2025-12-09T15:34:48.185+09:00 DEBUG 43868 --- [RE-WEAR] [http-nio-8080-exec-5] o.s.web.servlet.DispatcherServlet        : GET "/api/statistics/public", parameters={}
2025-12-09T15:34:48.186+09:00 DEBUG 43868 --- [RE-WEAR] [http-nio-8080-exec-5] s.w.s.m.m.a.RequestMappingHandlerMapping : Mapped to com.rewear.common.controller.StatisticsApiController#getPublicStatistics()
2025-12-09T15:34:48.443+09:00 DEBUG 43868 --- [RE-WEAR] [http-nio-8080-exec-5] o.s.w.s.m.m.a.HttpEntityMethodProcessor  : Using 'application/json', given [*/*] and supported [application/json, application/*+json]
2025-12-09T15:34:48.445+09:00 DEBUG 43868 --- [RE-WEAR] [http-nio-8080-exec-5] o.s.w.s.m.m.a.HttpEntityMethodProcessor  : Writing [{donationCount=10, success=true, participantCount=1, organCount=2}]
2025-12-09T15:34:48.453+09:00 DEBUG 43868 --- [RE-WEAR] [http-nio-8080-exec-5] o.s.web.servlet.DispatcherServlet        : Completed 200 OK
2025-12-09T15:34:48.461+09:00 DEBUG 43868 --- [RE-WEAR] [http-nio-8080-exec-6] o.s.security.web.FilterChainProxy        : Securing GET /api/statistics/public
2025-12-09T15:34:48.462+09:00 DEBUG 43868 --- [RE-WEAR] [http-nio-8080-exec-6] o.s.s.w.a.AnonymousAuthenticationFilter  : Set SecurityContextHolder to anonymous SecurityContext
2025-12-09T15:34:48.462+09:00 DEBUG 43868 --- [RE-WEAR] [http-nio-8080-exec-6] o.s.security.web.FilterChainProxy        : Secured GET /api/statistics/public
2025-12-09T15:34:48.462+09:00 DEBUG 43868 --- [RE-WEAR] [http-nio-8080-exec-6] o.s.web.servlet.DispatcherServlet        : GET "/api/statistics/public", parameters={}
2025-12-09T15:34:48.462+09:00 DEBUG 43868 --- [RE-WEAR] [http-nio-8080-exec-6] s.w.s.m.m.a.RequestMappingHandlerMapping : Mapped to com.rewear.common.controller.StatisticsApiController#getPublicStatistics()
2025-12-09T15:34:48.528+09:00 DEBUG 43868 --- [RE-WEAR] [http-nio-8080-exec-6] o.s.w.s.m.m.a.HttpEntityMethodProcessor  : Using 'application/json', given [*/*] and supported [application/json, application/*+json]
2025-12-09T15:34:48.529+09:00 DEBUG 43868 --- [RE-WEAR] [http-nio-8080-exec-6] o.s.w.s.m.m.a.HttpEntityMethodProcessor  : Writing [{donationCount=10, success=true, participantCount=1, organCount=2}]
2025-12-09T15:34:48.530+09:00 DEBUG 43868 --- [RE-WEAR] [http-nio-8080-exec-6] o.s.web.servlet.DispatcherServlet        : Completed 200 OK
2025-12-09T15:34:51.703+09:00 DEBUG 43868 --- [RE-WEAR] [http-nio-8080-exec-7] o.s.security.web.FilterChainProxy        : Securing GET /api/statistics/public
2025-12-09T15:34:51.704+09:00 DEBUG 43868 --- [RE-WEAR] [http-nio-8080-exec-7] o.s.s.w.a.AnonymousAuthenticationFilter  : Set SecurityContextHolder to anonymous SecurityContext
2025-12-09T15:34:51.705+09:00 DEBUG 43868 --- [RE-WEAR] [http-nio-8080-exec-7] o.s.security.web.FilterChainProxy        : Secured GET /api/statistics/public
2025-12-09T15:34:51.706+09:00 DEBUG 43868 --- [RE-WEAR] [http-nio-8080-exec-7] o.s.web.servlet.DispatcherServlet        : GET "/api/statistics/public", parameters={}
2025-12-09T15:34:51.706+09:00 DEBUG 43868 --- [RE-WEAR] [http-nio-8080-exec-7] s.w.s.m.m.a.RequestMappingHandlerMapping : Mapped to com.rewear.common.controller.StatisticsApiController#getPublicStatistics()
2025-12-09T15:34:51.779+09:00 DEBUG 43868 --- [RE-WEAR] [http-nio-8080-exec-7] o.s.w.s.m.m.a.HttpEntityMethodProcessor  : Using 'application/json', given [*/*] and supported [application/json, application/*+json]
2025-12-09T15:34:51.779+09:00 DEBUG 43868 --- [RE-WEAR] [http-nio-8080-exec-7] o.s.w.s.m.m.a.HttpEntityMethodProcessor  : Writing [{donationCount=10, success=true, participantCount=1, organCount=2}]
2025-12-09T15:34:51.781+09:00 DEBUG 43868 --- [RE-WEAR] [http-nio-8080-exec-7] o.s.web.servlet.DispatcherServlet        : Completed 200 OK
2025-12-09T15:34:51.790+09:00 DEBUG 43868 --- [RE-WEAR] [http-nio-8080-exec-8] o.s.security.web.FilterChainProxy        : Securing GET /api/statistics/public
2025-12-09T15:34:51.790+09:00 DEBUG 43868 --- [RE-WEAR] [http-nio-8080-exec-8] o.s.s.w.a.AnonymousAuthenticationFilter  : Set SecurityContextHolder to anonymous SecurityContext
2025-12-09T15:34:51.791+09:00 DEBUG 43868 --- [RE-WEAR] [http-nio-8080-exec-8] o.s.security.web.FilterChainProxy        : Secured GET /api/statistics/public
2025-12-09T15:34:51.791+09:00 DEBUG 43868 --- [RE-WEAR] [http-nio-8080-exec-8] o.s.web.servlet.DispatcherServlet        : GET "/api/statistics/public", parameters={}
2025-12-09T15:34:51.791+09:00 DEBUG 43868 --- [RE-WEAR] [http-nio-8080-exec-8] s.w.s.m.m.a.RequestMappingHandlerMapping : Mapped to com.rewear.common.controller.StatisticsApiController#getPublicStatistics()
2025-12-09T15:34:51.872+09:00 DEBUG 43868 --- [RE-WEAR] [http-nio-8080-exec-8] o.s.w.s.m.m.a.HttpEntityMethodProcessor  : Using 'application/json', given [*/*] and supported [application/json, application/*+json]
2025-12-09T15:34:51.872+09:00 DEBUG 43868 --- [RE-WEAR] [http-nio-8080-exec-8] o.s.w.s.m.m.a.HttpEntityMethodProcessor  : Writing [{donationCount=10, success=true, participantCount=1, organCount=2}]
2025-12-09T15:34:51.873+09:00 DEBUG 43868 --- [RE-WEAR] [http-nio-8080-exec-8] o.s.web.servlet.DispatcherServlet        : Completed 200 OK
2025-12-09T15:35:01.830+09:00 DEBUG 43868 --- [RE-WEAR] [http-nio-8080-exec-9] o.s.security.web.FilterChainProxy        : Securing GET /api/posts?type=DONATION_REVIEW&page=0&size=100
2025-12-09T15:35:01.840+09:00 DEBUG 43868 --- [RE-WEAR] [http-nio-8080-exec-9] o.s.s.w.a.AnonymousAuthenticationFilter  : Set SecurityContextHolder to anonymous SecurityContext
2025-12-09T15:35:01.845+09:00 DEBUG 43868 --- [RE-WEAR] [http-nio-8080-exec-9] o.s.security.web.FilterChainProxy        : Secured GET /api/posts?type=DONATION_REVIEW&page=0&size=100
2025-12-09T15:35:01.846+09:00 DEBUG 43868 --- [RE-WEAR] [http-nio-8080-exec-9] o.s.web.servlet.DispatcherServlet        : GET "/api/posts?type=DONATION_REVIEW&page=0&size=100", parameters={masked}
2025-12-09T15:35:01.848+09:00 DEBUG 43868 --- [RE-WEAR] [http-nio-8080-exec-9] s.w.s.m.m.a.RequestMappingHandlerMapping : Mapped to com.rewear.post.controller.PostApiController#getPosts(String, int, int, CustomUserDetails)
2025-12-09T15:35:01.896+09:00  WARN 43868 --- [RE-WEAR] [http-nio-8080-exec-9] c.r.post.controller.PostApiController    : 기부 ID: 2 - 이미지 URL이 없습니다. imageUrl: null, imageUrls: null
2025-12-09T15:35:01.898+09:00  INFO 43868 --- [RE-WEAR] [http-nio-8080-exec-9] c.r.post.controller.PostApiController    : 기부 ID: 2 - 최종 이미지 개수: 0
2025-12-09T15:35:01.902+09:00  WARN 43868 --- [RE-WEAR] [http-nio-8080-exec-9] c.r.post.controller.PostApiController    : 기부 ID: 1 - 이미지 URL이 없습니다. imageUrl: null, imageUrls: null
2025-12-09T15:35:01.904+09:00  INFO 43868 --- [RE-WEAR] [http-nio-8080-exec-9] c.r.post.controller.PostApiController    : 기부 ID: 1 - 최종 이미지 개수: 0
2025-12-09T15:35:01.906+09:00 DEBUG 43868 --- [RE-WEAR] [http-nio-8080-exec-9] o.s.w.s.m.m.a.HttpEntityMethodProcessor  : Using 'application/json', given [*/*] and supported [application/json, application/*+json]
2025-12-09T15:35:01.909+09:00 DEBUG 43868 --- [RE-WEAR] [http-nio-8080-exec-9] o.s.w.s.m.m.a.HttpEntityMethodProcessor  : Writing [{size=100, totalPages=1, currentPage=0, content=[PostResponseDto(id=2, postType=DONATION_REVIEW, tit (truncated)...]
2025-12-09T15:35:02.013+09:00 DEBUG 43868 --- [RE-WEAR] [http-nio-8080-exec-9] o.s.web.servlet.DispatcherServlet        : Completed 200 OK
2025-12-09T15:35:02.067+09:00 DEBUG 43868 --- [RE-WEAR] [http-nio-8080-exec-10] o.s.security.web.FilterChainProxy        : Securing GET /api/posts?type=DONATION_REVIEW&page=0&size=100
2025-12-09T15:35:02.069+09:00 DEBUG 43868 --- [RE-WEAR] [http-nio-8080-exec-10] o.s.s.w.a.AnonymousAuthenticationFilter  : Set SecurityContextHolder to anonymous SecurityContext
2025-12-09T15:35:02.073+09:00 DEBUG 43868 --- [RE-WEAR] [http-nio-8080-exec-10] o.s.security.web.FilterChainProxy        : Secured GET /api/posts?type=DONATION_REVIEW&page=0&size=100
2025-12-09T15:35:02.073+09:00 DEBUG 43868 --- [RE-WEAR] [http-nio-8080-exec-1] o.s.security.web.FilterChainProxy        : Securing GET /api/posts?type=ORGAN_REQUEST&page=0&size=100
2025-12-09T15:35:02.073+09:00 DEBUG 43868 --- [RE-WEAR] [http-nio-8080-exec-10] o.s.web.servlet.DispatcherServlet        : GET "/api/posts?type=DONATION_REVIEW&page=0&size=100", parameters={masked}
2025-12-09T15:35:02.074+09:00 DEBUG 43868 --- [RE-WEAR] [http-nio-8080-exec-10] s.w.s.m.m.a.RequestMappingHandlerMapping : Mapped to com.rewear.post.controller.PostApiController#getPosts(String, int, int, CustomUserDetails)
2025-12-09T15:35:02.075+09:00 DEBUG 43868 --- [RE-WEAR] [http-nio-8080-exec-1] o.s.s.w.a.AnonymousAuthenticationFilter  : Set SecurityContextHolder to anonymous SecurityContext
2025-12-09T15:35:02.077+09:00 DEBUG 43868 --- [RE-WEAR] [http-nio-8080-exec-1] o.s.security.web.FilterChainProxy        : Secured GET /api/posts?type=ORGAN_REQUEST&page=0&size=100
2025-12-09T15:35:02.079+09:00 DEBUG 43868 --- [RE-WEAR] [http-nio-8080-exec-1] o.s.web.servlet.DispatcherServlet        : GET "/api/posts?type=ORGAN_REQUEST&page=0&size=100", parameters={masked}
2025-12-09T15:35:02.081+09:00 DEBUG 43868 --- [RE-WEAR] [http-nio-8080-exec-1] s.w.s.m.m.a.RequestMappingHandlerMapping : Mapped to com.rewear.post.controller.PostApiController#getPosts(String, int, int, CustomUserDetails)
2025-12-09T15:35:02.087+09:00  WARN 43868 --- [RE-WEAR] [http-nio-8080-exec-10] c.r.post.controller.PostApiController    : 기부 ID: 2 - 이미지 URL이 없습니다. imageUrl: null, imageUrls: null
2025-12-09T15:35:02.087+09:00  INFO 43868 --- [RE-WEAR] [http-nio-8080-exec-10] c.r.post.controller.PostApiController    : 기부 ID: 2 - 최종 이미지 개수: 0
2025-12-09T15:35:02.088+09:00  WARN 43868 --- [RE-WEAR] [http-nio-8080-exec-10] c.r.post.controller.PostApiController    : 기부 ID: 1 - 이미지 URL이 없습니다. imageUrl: null, imageUrls: null
2025-12-09T15:35:02.090+09:00  INFO 43868 --- [RE-WEAR] [http-nio-8080-exec-10] c.r.post.controller.PostApiController    : 기부 ID: 1 - 최종 이미지 개수: 0
2025-12-09T15:35:02.091+09:00 DEBUG 43868 --- [RE-WEAR] [http-nio-8080-exec-10] o.s.w.s.m.m.a.HttpEntityMethodProcessor  : Using 'application/json', given [*/*] and supported [application/json, application/*+json]
2025-12-09T15:35:02.092+09:00 DEBUG 43868 --- [RE-WEAR] [http-nio-8080-exec-10] o.s.w.s.m.m.a.HttpEntityMethodProcessor  : Writing [{size=100, totalPages=1, currentPage=0, content=[PostResponseDto(id=2, postType=DONATION_REVIEW, tit (truncated)...]
2025-12-09T15:35:02.190+09:00 DEBUG 43868 --- [RE-WEAR] [http-nio-8080-exec-1] o.s.w.s.m.m.a.HttpEntityMethodProcessor  : Using 'application/json', given [*/*] and supported [application/json, application/*+json]
2025-12-09T15:35:02.195+09:00 DEBUG 43868 --- [RE-WEAR] [http-nio-8080-exec-1] o.s.w.s.m.m.a.HttpEntityMethodProcessor  : Writing [{size=100, totalPages=0, currentPage=0, content=[], totalElements=0}]
2025-12-09T15:35:02.198+09:00 DEBUG 43868 --- [RE-WEAR] [http-nio-8080-exec-10] o.s.web.servlet.DispatcherServlet        : Completed 200 OK
2025-12-09T15:35:02.213+09:00 DEBUG 43868 --- [RE-WEAR] [http-nio-8080-exec-1] o.s.web.servlet.DispatcherServlet        : Completed 200 OK
2025-12-09T15:35:02.214+09:00 DEBUG 43868 --- [RE-WEAR] [http-nio-8080-exec-2] o.s.security.web.FilterChainProxy        : Securing GET /api/posts?type=ORGAN_REQUEST&page=0&size=100
2025-12-09T15:35:02.216+09:00 DEBUG 43868 --- [RE-WEAR] [http-nio-8080-exec-2] o.s.s.w.a.AnonymousAuthenticationFilter  : Set SecurityContextHolder to anonymous SecurityContext
2025-12-09T15:35:02.216+09:00 DEBUG 43868 --- [RE-WEAR] [http-nio-8080-exec-2] o.s.security.web.FilterChainProxy        : Secured GET /api/posts?type=ORGAN_REQUEST&page=0&size=100
2025-12-09T15:35:02.219+09:00 DEBUG 43868 --- [RE-WEAR] [http-nio-8080-exec-2] o.s.web.servlet.DispatcherServlet        : GET "/api/posts?type=ORGAN_REQUEST&page=0&size=100", parameters={masked}
2025-12-09T15:35:02.224+09:00 DEBUG 43868 --- [RE-WEAR] [http-nio-8080-exec-2] s.w.s.m.m.a.RequestMappingHandlerMapping : Mapped to com.rewear.post.controller.PostApiController#getPosts(String, int, int, CustomUserDetails)
2025-12-09T15:35:02.241+09:00 DEBUG 43868 --- [RE-WEAR] [http-nio-8080-exec-2] o.s.w.s.m.m.a.HttpEntityMethodProcessor  : Using 'application/json', given [*/*] and supported [application/json, application/*+json]
2025-12-09T15:35:02.241+09:00 DEBUG 43868 --- [RE-WEAR] [http-nio-8080-exec-2] o.s.w.s.m.m.a.HttpEntityMethodProcessor  : Writing [{size=100, totalPages=0, currentPage=0, content=[], totalElements=0}]
2025-12-09T15:35:02.242+09:00 DEBUG 43868 --- [RE-WEAR] [http-nio-8080-exec-2] o.s.web.servlet.DispatcherServlet        : Completed 200 OK
2025-12-09T15:35:07.863+09:00 DEBUG 43868 --- [RE-WEAR] [http-nio-8080-exec-3] o.s.security.web.FilterChainProxy        : Securing GET /api/users/me
2025-12-09T15:35:07.866+09:00 DEBUG 43868 --- [RE-WEAR] [http-nio-8080-exec-3] o.s.s.w.a.AnonymousAuthenticationFilter  : Set SecurityContextHolder to anonymous SecurityContext
2025-12-09T15:35:07.870+09:00 DEBUG 43868 --- [RE-WEAR] [http-nio-8080-exec-3] o.s.s.w.s.HttpSessionRequestCache        : Saved request http://localhost:8080/api/users/me?continue to session
2025-12-09T15:35:31.341+09:00  INFO 43868 --- [RE-WEAR] [SpringApplicationShutdownHook] j.LocalContainerEntityManagerFactoryBean : Closing JPA EntityManagerFactory for persistence unit 'default'
2025-12-09T15:35:31.351+09:00  INFO 43868 --- [RE-WEAR] [SpringApplicationShutdownHook] com.zaxxer.hikari.HikariDataSource       : HikariPool-1 - Shutdown initiated...
2025-12-09T15:35:31.378+09:00  INFO 43868 --- [RE-WEAR] [SpringApplicationShutdownHook] com.zaxxer.hikari.HikariDataSource       : HikariPool-1 - Shutdown completed.
